outlet_name,address,postal_code,outlet_type,group1_wins,group2_wins,combined_wins,source
Delisia Agency Pte Ltd,Delisia Agency Pte Ltd149 Rochor Road #B1-26 Fu Lu Shou Complex Singapore 188425,188425,Authorised Retailer,26,100,126,matched
Tong Aik Huat,Tong Aik HuatBlock 685 Hougang Street 61 #01-160 Singapore 530685,530685,Authorised Retailer,23,143,166,matched
NTUC FairPrice NEX,NTUC FairPrice NEX23 Serangoon Central #03-42 NEX Singapore 556083,556083,Authorised Retailer (FairPrice),18,82,100,matched
Tan Wee Fong Trading,Tan Wee Fong TradingBlock 24 Bendemeer Road #01-529 Singapore 330024,330024,Authorised Retailer,16,72,88,matched
Singapore Pools King George's Ave Branch,Singapore Pools King George's Ave BranchBlock 803 King George's Avenue #01-200/202 Singapore 200803,200803,Branch,16,40,56,matched
NTUC FairPrice AMK Hub,NTUC FairPrice AMK Hub53 Ang Mo Kio Avenue 3 #B2-40 AMK Hub Singapore 569933,569933,Authorised Retailer (FairPrice),16,59,75,matched
Fatt Chye Heng Trading,Fatt Chye Heng TradingBlock 7 Hougang Avenue 3 #01-48 Singapore 530007,530007,Authorised Retailer,16,58,74,matched
PFG Framing & Trading,PFG Framing & TradingBlock 960 Jurong West Street 92 #01-182 Singapore 640960,640960,Authorised Retailer,14,54,68,matched
Ng Teo Guan Self Service,Ng Teo Guan Self ServiceBlock 301 Ubi Avenue 1 #01-241 Singapore 400301,400301,Authorised Retailer,14,80,94,matched
Mee Lee Cheong Pte. Ltd.,Mee Lee Cheong Pte. Ltd.Block 139 Tampines Street 11 #01-88 Singapore 521139,521139,Authorised Retailer,14,54,68,matched
Laura's Gifts,Laura's GiftsBlock 442 Pasir Ris Drive 6 #01-42 Singapore 510442,510442,Authorised Retailer,14,32,46,matched
Singapore Pools Suntec City Branch,Singapore Pools Suntec City Branch3 Temasek Boulevard #B1-143 Suntec City Singapore 038983,038983,Branch,13,38,51,matched
Singapore Pools People's Park Centre (Chinatown) Branch,Singapore Pools People's Park Centre (Chinatown) Branch101 Upper Cross Street #01-12 People's Park Centre Singapore 058357,058357,Branch,13,83,96,matched
NTUC FairPrice Tampines Mall,NTUC FairPrice Tampines Mall4 Tampines Central 5 #B1-12 Tampines Mall Singapore 529510,529510,Authorised Retailer (FairPrice),13,65,78,matched
7-Eleven Store Eunos Crescent,7-Eleven Store Eunos CrescentBlock 1A Eunos Crescent #01-2469/2471 Singapore 401001,401001,Authorised Retailer (7-Eleven),13,35,48,matched
Singapore Pools Toa Payoh Lorong 1 Branch,Singapore Pools Toa Payoh Lorong 1 BranchBlock 111 Toa Payoh Lorong 1 #01-354 Singapore 310111,310111,Branch,12,49,61,matched
Singapore Pools Hougang N1 Branch,Singapore Pools Hougang N1 BranchBlock 106 Hougang Avenue 1 #01-1209/1211 Singapore 530106,530106,Branch,12,47,59,matched
Singapore Pools Clementi N7 Branch,Singapore Pools Clementi N7 BranchBlock 722 Clementi West Street 2 #01-164 Singapore 120722,120722,Branch,12,37,49,matched
NTUC FairPrice Toa Payoh HDB Centre,NTUC FairPrice Toa Payoh HDB Centre500 Lorong 6 Toa Payoh #B1-32/#01-33 HDB Centre Singapore 310500,310500,Authorised Retailer (FairPrice),12,34,46,matched
NTUC FairPrice Clementi Avenue 3,NTUC FairPrice Clementi Avenue 3Block 451 Clementi Avenue 3 #01-307 Singapore 120451,120451,Authorised Retailer (FairPrice),12,36,48,matched
Singapore Pools Yishun N1 Branch,Singapore Pools Yishun N1 BranchBlock 101 Yishun Avenue 5 #01-37 Singapore 760101,760101,Branch,11,58,69,matched
Singapore Pools Whampoa Drive Branch,Singapore Pools Whampoa Drive BranchBlock 88 Whampoa Drive #01-857 Singapore 320088,320088,Branch,11,54,65,matched
Singapore Pools Teck Whye Branch,Singapore Pools Teck Whye BranchBlock 141 Teck Whye Lane #01-271 Singapore 680141,680141,Branch,11,48,59,matched
Singapore Pools Tanjong Pagar Branch,Singapore Pools Tanjong Pagar BranchBlock 1 Tanjong Pagar Plaza #01-49/50 Singapore 082001,082001,Branch,11,61,72,matched
Singapore Pools Jurong West N5 Branch,Singapore Pools Jurong West N5 BranchBlock 508 Jurong West Street 52 #01-166 Singapore 640508,640508,Branch,11,64,75,matched
Singapore Pools IMM Branch,Singapore Pools IMM Branch2 Jurong East Street 21 #02-63 IMM Building Singapore 609601,609601,Branch,11,45,56,matched
Singapore Pools Hougang N2 Branch,Singapore Pools Hougang N2 BranchBlock 211 Hougang Street 21 #01-309 Singapore 530211,530211,Branch,11,56,67,matched
NTUC FairPrice Yishun MRT Station,NTUC FairPrice Yishun MRT Station301 Yishun Avenue 2 #01-02 Yishun MRT Singapore 769093,769093,Authorised Retailer (FairPrice),11,49,60,matched
NTUC FairPrice Jurong Gateway Road,NTUC FairPrice Jurong Gateway RoadBlock 135 Jurong Gateway Road #01-337 Singapore 600135,600135,Authorised Retailer (FairPrice),11,46,57,matched
Jake Merchandise Associates,Jake Merchandise AssociatesBlock 503 Tampines Central 1 #01-283 Singapore 520503,520503,Authorised Retailer,11,42,53,matched
7-Eleven Store Yishun Ring Road,7-Eleven Store Yishun Ring RoadBlock 103 Yishun Ring Road #01-69 Singapore 760103,760103,Authorised Retailer (7-Eleven),11,51,62,matched
Wanrise,WanriseBlock 47 Sims Place #01-177 Singapore 380047,380047,Authorised Retailer,10,41,51,matched
Tay Sui Lan Agency,Tay Sui Lan Agency11 Collyer Quay #02-13 The Arcade Singapore 049317,049317,Authorised Retailer,10,45,55,matched
Tampines Trading - 828,Tampines Trading - 828Block 828 Tampines Street 81 #01-234 Singapore 520828,520828,Authorised Retailer,10,53,63,matched
Singapore Pools Woodlands 888 Branch,Singapore Pools Woodlands 888 Branch888 Woodlands Drive 50 #01-711 888 Plaza Singapore 730888,730888,Branch,10,51,61,matched
Singapore Pools Tampines Mart Branch,Singapore Pools Tampines Mart Branch11 Tampines Street 32 #01-03 Tampines Mart Singapore 529287,529287,Branch,10,24,34,matched
Singapore Pools Clementi N3 Branch,Singapore Pools Clementi N3 BranchBlock 325 Clementi Avenue 5 #01-145 Singapore 120325,120325,Branch,10,46,56,matched
Singapore Pools Bencoolen Branch,Singapore Pools Bencoolen Branch180 Bencoolen Street #01-59 The Bencoolen Singapore 189646,189646,Branch,10,58,68,matched
Rangoon Provision Shop,Rangoon Provision ShopBlock 681 Race Course Road #01-309 Singapore 210681,210681,Authorised Retailer,10,38,48,matched
NTUC FairPrice Bukit Batok MRT Station,NTUC FairPrice Bukit Batok MRT Station10 Bukit Batok Central #01-08 Bukit Batok MRT Singapore 659958,659958,Authorised Retailer (FairPrice),10,30,40,matched
Livewire Singapore Pools,Livewire Singapore Pools210 Middle Road #01-01 Singapore Pools Building Singapore 188994,188994,Lottery Lobby,10,48,58,matched
Livewire Marina Bay Sands,Livewire Marina Bay Sands2 Bayfront Avenue #01-01 Marina Bay Sands Singapore 018972,018972,Livewire,10,40,50,matched
Lee Eng Trading Store,Lee Eng Trading StoreBlock 201B Tampines Street 21 #01-1083 Singapore 522201,522201,Authorised Retailer,10,44,54,matched
Cheers Harbourfront Centre,Cheers Harbourfront Centre1 Maritime Square #01-82 Harbourfront Centre Singapore 099253,099253,Authorised Retailer,10,35,45,matched
Singapore Pools Woodlands N5 Branch,Singapore Pools Woodlands N5 Branch548 Woodlands Drive 44 #02-04 Vista Point Singapore 730548,730548,Branch,9,39,48,matched
Singapore Pools Toa Payoh Lorong 8 Branch,Singapore Pools Toa Payoh Lorong 8 BranchBlock 212 Toa Payoh Lorong 8 #01-39 Singapore 310212,310212,Branch,9,34,43,matched
Singapore Pools New Upper Changi Branch,Singapore Pools New Upper Changi BranchBlock 26 New Upper Changi Road #01-666/668 Singapore 462026,462026,Branch,9,28,37,matched
Singapore Pools Lorong 25A Geylang Branch,Singapore Pools Lorong 25A Geylang Branch62 Lorong 25A Geylang Road Singapore 388251,388251,Branch,9,47,56,matched
Singapore Pools Jurong West N4 Branch,Singapore Pools Jurong West N4 BranchBlock 498 Jurong West Street 41 #01-472 Singapore 640498,640498,Branch,9,53,62,matched
Singapore Pools Clementi Town Centre Branch,Singapore Pools Clementi Town Centre BranchBlock 446 Clementi Avenue 3 #01-183 Singapore 120446,120446,Branch,9,68,77,matched
Singapore Pools Bedok Town Centre Branch,Singapore Pools Bedok Town Centre BranchBlock 204 Bedok North Street 1 #01-415 Singapore 460204,460204,Branch,9,54,63,matched
NTUC FairPrice Lot 1 Shoppers' Mall,NTUC FairPrice Lot 1 Shoppers' Mall21 Choa Chu Kang Avenue 4 #B1-03 Lot 1 Shoppers' Mall Singapore 689812,689812,Authorised Retailer (FairPrice),9,30,39,matched
Nan Huat Wine Store,Nan Huat Wine StoreBlock 513 Bishan Street 13 #01-508 Singapore 570513,570513,Authorised Retailer,9,40,49,matched
Evercool Engineering,Evercool EngineeringBlock 95 Lorong 4 Toa Payoh #01-50 Singapore 310095,310095,Authorised Retailer,9,34,43,matched
Tan Boon Tin Agency,Tan Boon Tin AgencyBlk 56 Marine Terrace #01-253 Singapore 440056,440056,,8,23,31,scraped
Singapore Pools Pasir Ris N2 Branch,Singapore Pools Pasir Ris N2 Branch259 Pasir Ris Street 21 #02-29 Loyang Point Singapore 510259,510259,Branch,8,45,53,matched
Singapore Pools Ang Mo Kio N7 Branch,Singapore Pools Ang Mo Kio N7 BranchBlock 726 Ang Mo Kio Avenue 6 #01-4158 Singapore 560726,560726,Branch,8,46,54,matched
Singapore Pools Ang Mo Kio N2 Branch,Singapore Pools Ang Mo Kio N2 BranchBlock 202 Ang Mo Kio Avenue 3 #01-1662/1664 Singapore 560202,560202,Branch,8,43,51,matched
Seah Geok Eng Agency - Rivervale Plaza,Seah Geok Eng Agency - Rivervale Plaza118 Rivervale Drive #01-15 Rivervale Plaza Singapore 540118,540118,Authorised Retailer,8,42,50,matched
NTUC FairPrice White Sands,NTUC FairPrice White Sands1 Pasir Ris Central Street 3 #B1-10 White Sands Singapore 518457,518457,Authorised Retailer (FairPrice),8,39,47,matched
NTUC FairPrice Sun Plaza,NTUC FairPrice Sun Plaza30 Sembawang Drive #B1-01/02 Sun Plaza Singapore 757713,757713,Authorised Retailer (FairPrice),8,34,42,matched
NTUC FairPrice Jurong Point,NTUC FairPrice Jurong Point63 Jurong West Central 3 #03-01 Jurong Point Singapore 648331,648331,Authorised Retailer (FairPrice),8,64,72,matched
NTUC FairPrice Bedok North Street 4,NTUC FairPrice Bedok North Street 4Block 89 Bedok North Street 4 #01-77/79 Singapore 460089,460089,Authorised Retailer (FairPrice),8,23,31,matched
Giant Sunshine Place,Giant Sunshine Place475 Choa Chu Kang Avenue 3 #01-01/10 Sunshine Place Singapore 680475,680475,Authorised Retailer,8,25,33,matched
Cheers Hougang Central,Cheers Hougang CentralBlock 810 Hougang Central #01-214 Singapore 530810,530810,Authorised Retailer,8,45,53,matched
Vitatron & Medical Co,Vitatron & Medical Co60 Smith Street Singapore 058963,058963,Authorised Retailer,7,28,35,matched
Teo Sook Cheng Agency,Teo Sook Cheng AgencyBlock 293 Yishun Street 22 #01-225 Singapore 760293,760293,Authorised Retailer,7,65,72,matched
Soh Choo Trading,Soh Choo TradingBlock 19 Marsiling Lane #01-303 Singapore 730019,730019,Authorised Retailer,7,37,44,matched
Singapore Pools Tampines N4 Branch,Singapore Pools Tampines N4 BranchBlock 481 Tampines Street 44 #01-277 Singapore 520481,520481,Branch,7,20,27,matched
Singapore Pools Serangoon Central Branch,Singapore Pools Serangoon Central BranchBlock 254 Serangoon Central Drive #01-209 Singapore 550254,550254,Branch,7,41,48,matched
Singapore Pools Potong Pasir Branch,Singapore Pools Potong Pasir BranchBlock 148 Potong Pasir Avenue 1 #01-73 Singapore 350148,350148,Branch,7,17,24,matched
Singapore Pools Lucky Plaza Branch,Singapore Pools Lucky Plaza Branch304 Orchard Road #B1-91/92 Lucky Plaza Singapore 238863,238863,Branch,7,67,74,matched
Singapore Pools Holland Drive Branch,Singapore Pools Holland Drive BranchBlock 46 Holland Drive #01-371/373 Singapore 270046,270046,Branch,7,56,63,matched
Singapore Pools Bukit Panjang Branch,Singapore Pools Bukit Panjang BranchBlock 257 Bangkit Road #01-49 Singapore 670257,670257,Branch,7,46,53,matched
Singapore Pools Bishan N2 Branch,Singapore Pools Bishan N2 BranchBlock 279 Bishan Street 24 #01-52 Singapore 570279,570279,Branch,7,36,43,matched
Singapore Pools Ang Mo Kio N4 Branch,Singapore Pools Ang Mo Kio N4 BranchBlock 447 Ang Mo Kio Avenue 10 #01-1685 Singapore 560447,560447,Branch,7,45,52,matched
Singapore Pools Anchorvale Road Branch,Singapore Pools Anchorvale Road BranchBlock 308 Anchorvale Road #01-05 Singapore 540308,540308,Branch,7,25,32,matched
Seah Koon Huat - Bukit Merah View,Seah Koon Huat - Bukit Merah ViewBlock 116 Bukit Merah View #01-233 Singapore 151116,151116,Authorised Retailer,7,29,36,matched
Prime Punggol Field,Prime Punggol FieldBlock 108 Punggol Field #01-02 Singapore 820108,820108,Authorised Retailer,7,26,33,matched
NTUC FairPrice Tanjong Pagar Plaza,NTUC FairPrice Tanjong Pagar PlazaBlock 5 Tanjong Pagar Plaza #01-01 Singapore 081005,081005,Authorised Retailer (FairPrice),7,22,29,matched
NTUC FairPrice Bukit Merah Central,NTUC FairPrice Bukit Merah CentralBlock 166 Bukit Merah Central #02-3531 Singapore 150166,150166,Authorised Retailer (FairPrice),7,33,40,matched
Metro Woodlands,Metro Woodlands1 Woodlands Square #01-18/19 Causeway Point Singapore 738099,738099,Authorised Retailer,7,29,36,matched
Livewire (Resorts World Sentosa),Livewire (Resorts World Sentosa)26 Sentosa Gateway #B1-208 Singapore 098138,098138,,7,35,42,scraped
Kis Store,Kis StoreBlock 4 Changi Village Road #01-2074 Singapore 500004,500004,Authorised Retailer,7,23,30,matched
Clifford Gift Shop,Clifford Gift ShopBlock 532 Ang Mo Kio Avenue 10 #01-2459 Singapore 560532,560532,Authorised Retailer,7,48,55,matched
Cheers Changi Village Road,Cheers Changi Village RoadBlock 4 Changi Village Road #01-2074 Singapore 500004,500004,Authorised Retailer,7,39,46,matched
7-Eleven Store Owen Road,7-Eleven Store Owen RoadBlock 45 Owen Road #01-295 Singapore 210045,210045,Authorised Retailer (7-Eleven),7,16,23,matched
Xie Sheng Departmental Service Company,Xie Sheng Departmental Service CompanyBlock 632 Bedok Reservoir Road #01-820 Singapore 470632,470632,Authorised Retailer,6,27,33,matched
Singapore Pools Woodlands N3 Branch,Singapore Pools Woodlands N3 BranchBlock 305 Woodlands Street 31 #01-77 Singapore 730305,730305,Branch,6,47,53,matched
Singapore Pools LOT One Branch,Singapore Pools LOT One Branch21 Choa Chu Kang Avenue 4 #03-09 Lot 1 Shoppers' Mall Singapore 689812,689812,Authorised Retailer (FairPrice),6,21,27,matched
Singapore Pools Jurong West N2 Branch,Singapore Pools Jurong West N2 BranchBlock 276 Jurong West Street 25 #01-05 Singapore 640276,640276,Branch,6,16,22,matched
Singapore Pools Jurong East Branch,Singapore Pools Jurong East BranchBlock 351 Jurong East Street 31 #01-93 Singapore 600351,600351,Branch,6,45,51,matched
Singapore Pools Hougang N3 Branch,Singapore Pools Hougang N3 BranchBlock 322 Hougang Avenue 5 #01-70 Singapore 530322,530322,Branch,6,23,29,matched
Singapore Pools Gek Poh Shopping Centre (Jurong West N7) Branch,Singapore Pools Gek Poh Shopping Centre (Jurong West N7) Branch762 Jurong West Street 75 #01-338 Gek Poh Shopping Centre Singapore 640762,640762,,6,43,49,scraped
Singapore Pools Funan Branch,Singapore Pools Funan Branch107 North Bridge Road #B1-02 Funan Singapore 179105,179105,Branch,6,12,18,matched
Singapore Pools Circuit Road 64 Branch,Singapore Pools Circuit Road 64 BranchBlock 64 Circuit Road #01-355 Singapore 370064,370064,Branch,6,14,20,matched
Singapore Pools Bukit Batok Central Branch,Singapore Pools Bukit Batok Central BranchBlock 642 Bukit Batok Central #01-54/56 (part of) Singapore 650642,650642,Branch,6,50,56,matched
Singapore Pools Ang Mo Kio N6 Branch,Singapore Pools Ang Mo Kio N6 BranchBlock 630 Ang Mo Kio Avenue 4 #01-968 Singapore 560630,560630,Branch,6,38,44,matched
NTUC FairPrice Yishun Ring Road,NTUC FairPrice Yishun Ring RoadBlock 849 Yishun Ring Road #01-3701/3703 Singapore 760849,760849,Authorised Retailer (FairPrice),6,30,36,matched
NTUC FairPrice Serangoon North Avenue 1,NTUC FairPrice Serangoon North Avenue 1Block 152B Serangoon North Avenue 1 #01-384 Singapore 552152,552152,Authorised Retailer (FairPrice),6,32,38,matched
NTUC FairPrice Havelock Road,NTUC FairPrice Havelock RoadBlock 50 Havelock Road #01-755 Singapore 160050,160050,Authorised Retailer (FairPrice),6,10,16,matched
NTUC FairPrice Changi Business Park,NTUC FairPrice Changi Business Park8 Changi Business Park Avenue 1 #01-51/#02-51 Singapore 486018,486018,Authorised Retailer (FairPrice),6,23,29,matched
Ng Nam Thye Trading - Taman Jurong,Ng Nam Thye Trading - Taman Jurong399 Yung Sheng Road #01-07 Taman Jurong Shopping Centre Singapore 610399,610399,Authorised Retailer,6,27,33,matched
Li Thoe Trading,Li Thoe TradingBlock 119 Aljunied Avenue 2 #01-78 Singapore 380119,380119,Authorised Retailer,6,32,38,matched
Li Li Cheng Supermarket (Punggol) Pte Ltd,Li Li Cheng Supermarket (Punggol) Pte LtdBlock 273C Punggol Place #01-884 Singapore 823273,823273,Authorised Retailer,6,23,29,matched
Cold Storage Compass One,Cold Storage Compass One1 Sengkang Square #B1-25 Compass One Singapore 545078,545078,Authorised Retailer,6,39,45,matched
Chua Yan Kee,Chua Yan KeeBlk 49 Tanglin Halt Road #01-349 Singapore 142049,142049,,6,8,14,scraped
Chng Siow Eng Agency,Chng Siow Eng Agency625 Elias Road #01-314 Elias Mall Singapore 510625,510625,Authorised Retailer,6,26,32,matched
Cheng Tai Boon Beng,Cheng Tai Boon Beng150 Orchard Road #01-63 Orchard Plaza Singapore 238841,238841,Authorised Retailer,6,21,27,matched
Cheng Chew Wah Agency - Marine Terrace,Cheng Chew Wah Agency - Marine TerraceBlock 58 Marine Terrace #01-47 Singapore 440058,440058,Authorised Retailer,6,26,32,matched
7-Eleven Store McCallum Street,7-Eleven Store McCallum Street3 McCallum Street Singapore 069044,069044,Authorised Retailer (7-Eleven),6,37,43,matched
Wong Teck Chow Enterprise (Private) Limited,Wong Teck Chow Enterprise (Private) Limited390 Victoria Street #01-33 Village Hotel Bugis Singapore 188061,188061,Authorised Retailer,5,5,10,matched
U Stars Sumang Walk,U Stars Sumang WalkBlock 218 Sumang Walk #01-01 Singapore 820218,820218,,5,2,7,scraped
Tuck Lee Long,Tuck Lee LongBlock 159 Ang Mo Kio Avenue 4 #01-536 Singapore 560159,560159,Authorised Retailer,5,23,28,matched
Tay Ah Tho Trading,Tay Ah Tho Trading768 Woodlands Avenue 6 #01-21 Woodlands Mart Singapore 730768,730768,Authorised Retailer,5,25,30,matched
Tan Kai Huat Provision Shop,Tan Kai Huat Provision ShopBlock 123 Hougang Avenue 1 #01-1408 Singapore 530123,530123,Authorised Retailer,5,17,22,matched
Singapore Pools Sim Lim Square Branch,Singapore Pools Sim Lim Square Branch1 Rochor Canal Road #B1-37 Sim Lim Square Singapore 188504,188504,Branch,5,28,33,matched
Singapore Pools Silat Avenue Branch,Singapore Pools Silat Avenue BranchBlock 150 Silat Avenue #01-42 Singapore 160150,160150,Branch,5,13,18,matched
Singapore Pools Siglap Branch,Singapore Pools Siglap Branch697B East Coast Road Singapore 459060,459060,Branch,5,19,24,matched
Singapore Pools Choa Chu Kang Branch,Singapore Pools Choa Chu Kang BranchBlk 303 Choa Chu Kang Ave 4 #01-721 Singapore 680303,680303,,5,38,43,scraped
Singapore Pools Chinatown Point Branch,Singapore Pools Chinatown Point Branch133 New Bridge Road #B1-06 Chinatown Point  Singapore 059413,059413,Branch,5,77,82,matched
Singapore Pools Chin Swee Branch,Singapore Pools Chin Swee BranchBlock 52 Chin Swee Road #01-65/69 Singapore 160052,160052,Branch,5,19,24,matched
Singapore Pools Cheong Chin Nam Road Branch,Singapore Pools Cheong Chin Nam Road Branch5 Cheong Chin Nam Road Singapore 599730,599730,Branch,5,26,31,matched
Singapore Pools Beo Crescent Branch,Singapore Pools Beo Crescent BranchBlock 36 Beo Crescent #01-45 Singapore 160036,160036,Branch,5,25,30,matched
Sheng Siong Junction 9,Sheng Siong Junction 918 Yishun Avenue 9 #02-05 to #02-10 Junction 9 Singapore 768897,768897,Authorised Retailer,5,15,20,matched
Prime Chai Chee Road,Prime Chai Chee RoadBlock 25A Chai Chee Road #01-459 Singapore 461025,461025,Authorised Retailer,5,16,21,matched
Overseas Emporium (Private) Limited,Overseas Emporium (Private) Limited1 Park Road #02-70 People's Park Complex Singapore 059108,059108,Authorised Retailer,5,30,35,matched
OCN (Singapore) Pte Ltd,OCN (Singapore) Pte LtdBlock 501 West Coast Drive #01-266 Singapore 120501,120501,Authorised Retailer,5,34,39,matched
NTUC FairPrice Xpress Macpherson Road,NTUC FairPrice Xpress Macpherson Road110 MacPherson Road ExxonMobil Singapore 348501,348501,Authorised Retailer (FairPrice),5,26,31,matched
NTUC FairPrice Marsiling MRT Station,NTUC FairPrice Marsiling MRT Station71 Woodlands Avenue 3 #01-01 Marsiling MRT Singapore 739044,739044,Authorised Retailer (FairPrice),5,24,29,matched
NTUC FairPrice Lorong 4 Toa Payoh,NTUC FairPrice Lorong 4 Toa PayohBlock 192 Lorong 4 Toa Payoh #01-670/672 Singapore 310192,310192,Authorised Retailer (FairPrice),5,20,25,matched
NTUC FairPrice Joo Koon,NTUC FairPrice Joo Koon1 Joo Koon Circle #03-21 Fairprice Hub Singapore 629117,629117,Authorised Retailer (FairPrice),5,23,28,matched
NTUC FairPrice Jem,NTUC FairPrice Jem50 Jurong Gateway Road #B1-21/22 Jem Singapore 608549,608549,Authorised Retailer (FairPrice),5,52,57,matched
NTUC FairPrice Boon Lay Place,NTUC FairPrice Boon Lay Place221 Boon Lay Place #02-200 Boon Lay Shopping Complex Singapore 640221,640221,Authorised Retailer (FairPrice),5,46,51,matched
Nel's Store,Nel's StoreBlock 741 Bedok Reservoir Road #01-3073 Singapore 470741,470741,Authorised Retailer,5,14,19,matched
Nalayanee Trading Enterprise,Nalayanee Trading Enterprise127 Upper Paya Lebar Road Singapore 534839,534839,Authorised Retailer,5,17,22,matched
Lucky Hill,Lucky HillBlock 112 Bukit Purmei Road #01-209 Singapore 090112,090112,,5,14,19,scraped
Kim Chwee Trading,Kim Chwee TradingBlock 256 Jurong East Street 24 #01-385 Singapore 600256,600256,Authorised Retailer,5,23,28,matched
Hin Teck Leong Trading Company - Rowell Road,Hin Teck Leong Trading Company - Rowell RoadBlock 640 Rowell Road #01-68 Singapore 200640,200640,,5,18,23,scraped
Giant Parkway Parade,Giant Parkway Parade80 Marine Parade Rd Parkway Parade #03-27/30 Singapore 449269,449269,Authorised Retailer (FairPrice),5,16,21,matched
Everstream Trading,Everstream TradingBlock 283 Bukit Batok East Avenue 3 #01-281 Singapore 650283,650283,Authorised Retailer,5,49,54,matched
Dawn Florist,Dawn Florist21 Hougang Street 51 #01-04A Hougang Green Shopping Mall Singapore 538719,538719,Authorised Retailer,5,23,28,matched
Cold Storage Northpoint,Cold Storage Northpoint930 Yishun Ave 2 #B1-09/12 Northpoint Shopping Centre Singapore 769098,769098,Branch,5,25,30,matched
Chuan Hao Departmental Store,Chuan Hao Departmental StoreBlock 19A Dover Crescent #01-04 Singapore 131019,131019,Authorised Retailer,5,8,13,matched
Cheers New Upper Changi Road,Cheers New Upper Changi RoadBlock 59 New Upper Changi Road #01-1272 Singapore 461059,462026,Branch,5,21,26,matched
Cheers Haig Road,Cheers Haig RoadBlock 12 Haig Road #01-333/335 Singapore 430012,430012,,5,16,21,scraped
Afro Asia Co Pte Ltd,Afro Asia Co Pte LtdBlock 604 Yishun Street 61 #01-323 Singapore 760604,760604,Authorised Retailer,5,19,24,matched
7-Eleven Store Sixth Avenue,7-Eleven Store Sixth Avenue6 Sixth Avenue Singapore 276472,276472,Authorised Retailer (7-Eleven),5,14,19,matched
7-Eleven Store Choa Chu Kang Drive,7-Eleven Store Choa Chu Kang DriveBlock 689B Choa Chu Kang Drive #01-306 Singapore 682689,682689,Authorised Retailer (7-Eleven),5,26,31,matched
7-Eleven Store Changi Road,7-Eleven Store Changi Road38A Changi Road Singapore 419701,419701,Authorised Retailer (7-Eleven),5,19,24,matched
Yeo Soon Huat,Yeo Soon HuatBlk 70 Lor 4 Toa Payoh #01-347  Singapore 310070,310070,Authorised Retailer,4,9,13,matched
U Stars Keat Hong Link,U Stars Keat Hong LinkBlock 817 Keat Hong Link #01-14 Singapore 680817,680817,Authorised Retailer,4,7,11,matched
Teo Khar Bee Agency,Teo Khar Bee AgencyBlk 84 Redhill Lane #01-356 Singapore 150084,150084,Authorised Retailer,4,26,30,matched
Tan Ah Leck Trading - Bukit Batok Street 11,Tan Ah Leck Trading - Bukit Batok Street 11Block 151 Bukit Batok Street 11 #01-254 Singapore 650151,650151,Authorised Retailer,4,29,33,matched
Springdale Garments Co,Springdale Garments CoBlock 408 Ang Mo Kio Avenue 10 #01-795 Singapore 560408,560408,Authorised Retailer,4,43,47,matched
Singapore Pools Yishun N2 Branch,Singapore Pools Yishun N2 BranchBlock 256 Yishun Ring Road #01-1001 Singapore 760256,760256,Branch,4,30,34,matched
Singapore Pools Teban Gardens Branch,Singapore Pools Teban Gardens BranchBlock 37 Teban Gardens Road #01-308 Singapore 600037,600037,Branch,4,24,28,matched
Singapore Pools Jalan Tiga Branch,Singapore Pools Jalan Tiga BranchBlock 43 Jalan Tiga #01-08 Singapore 390043,390043,Branch,4,42,46,matched
Singapore Pools Ghim Moh Branch,Singapore Pools Ghim Moh BranchBlock 21 Ghim Moh Road #01-161 Singapore 270021,270021,Branch,4,28,32,matched
Singapore Pools Geylang Bahru Branch,Singapore Pools Geylang Bahru BranchBlock 57 Geylang Bahru #01-3503 Singapore 330057,330057,Branch,4,19,23,matched
Singapore Pools Circuit Road 88 Branch,Singapore Pools Circuit Road 88 BranchBlock 88 Circuit Road #01-961 Singapore 370088,370088,Branch,4,26,30,matched
Singapore Pools Bukit Gombak Branch,Singapore Pools Bukit Gombak BranchBlock 374 Bukit Batok Street 31 #01-170 Singapore 650374,650374,Branch,4,34,38,matched
Singapore Pools Bedok North Branch,Singapore Pools Bedok North BranchBlock 509 Bedok North Street 3 #01-129 Singapore 460509,460509,Branch,4,27,31,matched
Sheng Siong Tanglin Halt Road,Sheng Siong Tanglin Halt RoadBlock 88 Tanglin Halt Road #01-10 Singapore 141088,141088,Authorised Retailer,4,22,26,matched
Sheng Moh Fruits & Provision Store,Sheng Moh Fruits & Provision Store29 Jalan Mas Puteh Singapore 128632,128632,Authorised Retailer,4,13,17,matched
Prime Keat Hong,Prime Keat HongBlock 253 Choa Chu Kang Avenue 1 #B1-07 to 10 Singapore 680253,680253,Authorised Retailer,4,20,24,matched
NTUC FairPrice Yung Kuang Road,NTUC FairPrice Yung Kuang RoadBlock 63-66 Yung Kuang Road #01-119/#02-119 Singapore 610063,610063,,4,15,19,scraped
NTUC FairPrice Yew Tee Point,NTUC FairPrice Yew Tee Point21 Choa Chu Kang North 6 #B1-01 to 07 Yew Tee Point Singapore 689578,689578,Authorised Retailer (FairPrice),4,34,38,matched
NTUC FairPrice Woodlands Civic Centre,NTUC FairPrice Woodlands Civic Centre900 South Woodlands Drive #B1-01 Woodlands Civic Centre Singapore 730900,730900,Authorised Retailer (FairPrice),4,30,34,matched
NTUC FairPrice Thomson Plaza,NTUC FairPrice Thomson Plaza301 Upper Thomson Road #03-36/37 Thomson Plaza Singapore 574408,574408,Authorised Retailer (FairPrice),4,37,41,matched
NTUC FairPrice Tampines Street 83,NTUC FairPrice Tampines Street 83866A Tampines Street 83 #01-K1 Tampines Central Community Complex Singapore 521866,521866,Authorised Retailer (FairPrice),4,21,25,matched
NTUC FairPrice Tampines Street 44,NTUC FairPrice Tampines Street 44Block 475 Tampines Street 44 #01-145 Singapore 520475,520475,Authorised Retailer (FairPrice),4,15,19,matched
NTUC FairPrice Rivervale Mall,NTUC FairPrice Rivervale Mall11 Rivervale Crescent #03-01 Rivervale Mall Singapore 545082,545082,Authorised Retailer (FairPrice),4,13,17,matched
NTUC FairPrice Punggol Oasis Terraces,NTUC FairPrice Punggol Oasis Terraces681 Punggol Drive #B1-01 Oasis Terraces Singapore 820681,820681,Authorised Retailer (FairPrice),4,20,24,matched
NTUC FairPrice Parkway Parade,NTUC FairPrice Parkway Parade80 Marine Parade Road #03-28 Parkway Parade Singapore 449269,449269,Authorised Retailer (FairPrice),4,25,29,matched
NTUC FairPrice Marine Parade Central,NTUC FairPrice Marine Parade Central6 Marine Parade Central Singapore 449411,449411,Authorised Retailer (FairPrice),4,12,16,matched
NTUC FairPrice Limbang Shopping Centre,NTUC FairPrice Limbang Shopping Centre533 Choa Chu Kang Street 51 #01-01 Limbang Shopping Centre Singapore 680533,680533,Authorised Retailer (FairPrice),4,20,24,matched
NTUC FairPrice E!Hub @ Downtown East,NTUC FairPrice E!Hub @ Downtown East1 Pasir Ris Close #02-127 E! Hub @ Downtown East Singapore 519599,519599,Authorised Retailer (FairPrice),4,15,19,matched
NTUC FairPrice Clementi Avenue 2,NTUC FairPrice Clementi Avenue 2Block 352 Clementi Avenue 2 #01-141/143 Singapore 120352,120352,Authorised Retailer (FairPrice),4,19,23,matched
Ng Nam Thye Trading - Ang Mo Kio Avenue 3,Ng Nam Thye Trading - Ang Mo Kio Avenue 351 Ang Mo Kio Avenue 3 #01-01B 51@AMK Singapore 569922,569922,Authorised Retailer,4,28,32,matched
Lim Heng Ee Trading Pte. Ltd.,Lim Heng Ee Trading Pte. Ltd.Block 16 Upper Boon Keng Road #01-1113 Singapore 380016,380016,Authorised Retailer,4,17,21,matched
Golden Lagoon Trading,Golden Lagoon TradingBlock 136 Marsiling Road #01-2182 Singapore 730136,730136,Authorised Retailer,4,22,26,matched
Goh Geok Kwee Agency - Bukit Merah,Goh Geok Kwee Agency - Bukit MerahBlock 124 Bukit Merah Lane 1 #01-148 Singapore 150124,150124,Authorised Retailer,4,21,25,matched
Giant Beauty World Centre,Giant Beauty World Centre144 Upper Bukit Timah Road #B1-01 Beauty World Centre Singapore 588177,588177,Authorised Retailer,4,28,32,matched
Chua Hong Kim Trading,Chua Hong Kim TradingBlock 237 Serangoon Avenue 3 #01-108 Singapore 550237,550237,Authorised Retailer,4,34,38,matched
Chop Yeo Thong Heng,"Chop Yeo Thong HengBlock 76 Circuit Road, #01-05 Singapore 370076",370076,Authorised Retailer,4,13,17,matched
Chong Hoe Tong,Chong Hoe TongBlock 21 Lorong 7 Toa Payoh #01-290 Singapore 310021,310021,Authorised Retailer,4,22,26,matched
Cheng Chew Wah Agency - Bedok South Road,Cheng Chew Wah Agency - Bedok South RoadBlock 17 Bedok South Road #01-583 Singapore 460017,460017,Authorised Retailer,4,23,27,matched
Cheers Hougang Avenue 3,Cheers Hougang Avenue 3Block 23 Hougang Avenue 3 #01-281 Singapore 530023,530023,Authorised Retailer,4,15,19,matched
7-Eleven Store Plaza Singapura,7-Eleven Store Plaza Singapura68 Orchard Road #01-51 Plaza Singapura Singapore 238839,238839,Authorised Retailer (7-Eleven),4,22,26,matched
7-Eleven Store Foch Road,7-Eleven Store Foch Road27 Foch Road #01-07/08 Hoa Nam Building Singapore 209264,209264,Authorised Retailer (7-Eleven),4,13,17,matched
7-Eleven Store Bedok North Street 2,7-Eleven Store Bedok North Street 2Block 123 Bedok North Street 2 #01-158 Singapore 460123,460123,Authorised Retailer (7-Eleven),4,23,27,matched
Tan Ah Leck Trading - Jurong East Street 31,Tan Ah Leck Trading - Jurong East Street 31Block 352 Jurong East Street 31 #01-121  Singapore 600352,600352,Authorised Retailer,3,7,10,matched
Superbowl Jurong Pte Ltd,Superbowl Jurong Pte Ltd3 Yuan Ching Road Singapore 618642,618642,Authorised Retailer,3,27,30,matched
Singapore Pools Woodlands N8 Branch,Singapore Pools Woodlands N8 BranchBlock 883 Woodlands Street 82 #02-468 Singapore 730883,730883,Branch,3,40,43,matched
Singapore Pools Upper Boon Keng Branch,Singapore Pools Upper Boon Keng BranchBlock 18 Upper Boon Keng Road #01-1149/1151 Singapore 380018,380018,Branch,3,33,36,matched
Singapore Pools Telok Blangah Branch,Singapore Pools Telok Blangah BranchBlock 6 Telok Blangah Crescent #01-418 Singapore 090006,090006,Branch,3,24,27,matched
Singapore Pools Peace Centre Branch,Singapore Pools Peace Centre Branch1 Sophia Rd Peace Centre #01-24/25 Singapore 228149,228149,,3,17,20,scraped
Singapore Pools Pasir Ris N7 Branch,Singapore Pools Pasir Ris N7 Branch735 Pasir Ris Street 72 #01-358 Pasir Ris West Plaza  Singapore 510735,510735,Branch,3,34,37,matched
Singapore Pools Canberra Branch,Singapore Pools Canberra BranchBlock 505 Canberra Link #01-02 Singapore 750505,750505,Branch,3,30,33,matched
Singapore Pools Ang Mo Kio N2A Branch,Singapore Pools Ang Mo Kio N2A BranchBlock 226A Ang Mo Kio Avenue 1 #01-625 Singapore 561226,561226,Branch,3,32,35,matched
Prime Yishun Avenue 6,Prime Yishun Avenue 6Block 461 Yishun Avenue 6 #01-01 Singapore 760461,760461,Authorised Retailer,3,3,6,matched
Papillon Florist Pte Ltd,Papillon Florist Pte LtdBlock 133 Jalan Bukit Merah #01-1520 Singapore 160133,160133,Authorised Retailer,3,12,15,matched
NTUC FP Century Square,"NTUC FP Century SquareNTUC FP Century Square, 2 Tampines Central 5 #B1-07/08/17 Singapore 529509",529509,,3,4,7,scraped
NTUC FairPrice Tampines Street 11,NTUC FairPrice Tampines Street 11Block 107 Tampines Street 11 #01-353/359 Singapore 521107,521107,Authorised Retailer (FairPrice),3,10,13,matched
NTUC FairPrice Senja Road,NTUC FairPrice Senja Road628 Senja Road #01-01 Senja Grand Singapore 670628,670628,Authorised Retailer (FairPrice),3,10,13,matched
NTUC FairPrice Seletar Mall,NTUC FairPrice Seletar Mall33 Sengkang West Avenue #B2-24 Seletar Mall Singapore 797653,797653,Authorised Retailer (FairPrice),3,18,21,matched
NTUC FairPrice New Upper Changi Road,NTUC FairPrice New Upper Changi RoadBlock 57 New Upper Changi Road #01-1334/1338 Singapore 461057,461057,Authorised Retailer (FairPrice),3,27,30,matched
NTUC FairPrice Kallang Wave Mall,NTUC FairPrice Kallang Wave Mall1 Stadium Place #01-29 Kallang Wave Mall Singapore 397628,397628,Authorised Retailer (FairPrice),3,14,17,matched
NTUC FairPrice Kallang Bahru,NTUC FairPrice Kallang BahruBlock 71 Kallang Bahru #01-529 Singapore 330071,330071,Authorised Retailer (FairPrice),3,14,17,matched
NTUC FairPrice Hougang Mall,NTUC FairPrice Hougang Mall90 Hougang Avenue 10 #B1-07 Hougang Mall Singapore 538766,538766,Authorised Retailer (FairPrice),3,30,33,matched
NTUC FairPrice Hillion Mall,NTUC FairPrice Hillion Mall17 Petir Road #B2-67 Hillion Mall Singapore 678278,678278,Authorised Retailer (FairPrice),3,27,30,matched
NTUC FairPrice Eastpoint Mall,NTUC FairPrice Eastpoint Mall3 Simei Street 6 #05-01 Eastpoint Mall Singapore 528833,528833,Authorised Retailer (FairPrice),3,39,42,matched
NTUC FairPrice Bukit Panjang Plaza,NTUC FairPrice Bukit Panjang Plaza1 Jelebu Road #01-15/#02-20 Bukit Panjang Plaza Singapore 677743,677743,Authorised Retailer (FairPrice),3,32,35,matched
Kwek Lee Eng Agency,Kwek Lee Eng Agency200 Jalan Sultan #01-29 Textile Centre Singapore 199018,199018,Authorised Retailer,3,24,27,matched
Hougang United Football Club,Hougang United Football Club100 Hougang Ave 2 Hougang Stadium Singapore 538856,538856,,3,5,8,scraped
Giant Pioneer Mall,Giant Pioneer Mall638 Jurong West Street 61 #03-01 Pioneer Mall Singapore 640638,640638,Authorised Retailer,3,29,32,matched
Giant Paya Lebar Square,Giant Paya Lebar Square60 Paya Lebar Road #B1-01/05 Paya Lebar Square Singapore 409051,409051,,3,26,29,scraped
Giant Compassvale Bow,Giant Compassvale BowBlock 266 Compassvale Bow #01-02 Singapore 540266,540266,,3,18,21,scraped
Everbright  Services,Everbright  Services108 Depot Road #01-17 Depot Heights Shopping Centre Singapore 100108,100108,Authorised Retailer,3,21,24,matched
7-Eleven Store Sin Ming,7-Eleven Store Sin Ming244H Upper Thomson Road Singapore 574369,574369,Authorised Retailer (7-Eleven),3,16,19,matched
7-Eleven Store Circular Road,7-Eleven Store Circular Road58 Circular Road #01-01 Singapore 049413,049413,Authorised Retailer (7-Eleven),3,12,15,matched
7-Eleven Big Mac Centre,7-Eleven Big Mac Centre51 Ang Mo Kio Ave 3  Big Mac Centre #01-01A Singapore 569922,569922,Authorised Retailer,3,1,4,matched
Yeo Kean Fatt Dept Store,Yeo Kean Fatt Dept StoreBlk 17 Bedok South Rd #01-583  Singapore 460017,460017,Authorised Retailer,2,6,8,matched
Tampines Trading - 824,Tampines Trading - 824Block 824 Tampines Street 81 #01-14 Singapore 520824,520824,Authorised Retailer,2,20,22,matched
Singapore Pools Yishun N4 Branch,Singapore Pools Yishun N4 BranchBlock 415 Yishun Avenue 11 #01-311 Singapore 760415,760415,Branch,2,35,37,matched
Singapore Pools Toa Payoh Lorong 4 Branch,Singapore Pools Toa Payoh Lorong 4 BranchBlock 85 Toa Payoh Lorong 4 #01-340 Singapore 310085,310085,Branch,2,19,21,matched
Singapore Pools Northpoint City Branch,Singapore Pools Northpoint City Branch930 Yishun Avenue 2 #02-03 Northpoint City (North Wing) Singapore 769098,769098,Branch,2,15,17,matched
Singapore Pools Lorong Lew Lian Branch,Singapore Pools Lorong Lew Lian BranchBlock 2 Lorong Lew Lian #01-46 Singapore 531002,531002,Branch,2,22,24,matched
Singapore Pools Lengkok Bahru Branch,Singapore Pools Lengkok Bahru BranchBlock 63B Lengkok Bahru #01-364 Singapore 152063,152063,Branch,2,19,21,matched
Singapore Pools Jalan Batu Branch,Singapore Pools Jalan Batu BranchBlock 7 Jalan Batu #01-99 Singapore 431007,431007,Branch,2,20,22,matched
Singapore Pools Geylang Rd Branch,Singapore Pools Geylang Rd Branch149 Geylang Rd #01-02 Singapore 389233,389233,,2,6,8,scraped
Singapore Pools Fajar Road Branch,Singapore Pools Fajar Road BranchBlock 445 Fajar Road #02-540 Singapore 670445,670445,Branch,2,23,25,matched
Singapore Pools Empress Road Branch,Singapore Pools Empress Road BranchBlock 8 Empress Road #01-35 Singapore 260008,260008,Branch,2,17,19,matched
Singapore Pools Chai Chee Branch,Singapore Pools Chai Chee BranchBlock 36 Chai Chee Avenue #01-167 Singapore 461036,461036,Branch,2,17,19,matched
Singapore Pools Bukit Batok N3 Branch,Singapore Pools Bukit Batok N3 BranchBlock 324 Bukit Batok Street 33 #01-47 Singapore 650324,650324,Branch,2,15,17,matched
Singapore Pools Bishan N1 Branch,Singapore Pools Bishan N1 BranchBlock 152 Bishan Street 11 #01-211 Singapore 570152,570152,Branch,2,12,14,matched
Singapore Pools Balestier Road Branch,Singapore Pools Balestier Road BranchBlock 2 Balestier Road #01-641 Singapore 320002,320002,Branch,2,14,16,matched
Sheng Siong Sengkang West Ave,Sheng Siong Sengkang West AveBlock 455 Sengkang West Avenue #01-16 Singapore 790455,790455,Authorised Retailer,2,15,17,matched
Sheng Siong Marsiling Mall,Sheng Siong Marsiling MallBlock 4 Woodlands Street 12 #02-61 Singapore 738623,738623,Authorised Retailer,2,5,7,matched
Seah Koon Huat (Boon Tiong Rd),Seah Koon Huat (Boon Tiong Rd)Blk 11A Boon Tiong Rd #01-10 Singapore 161011,161011,,2,11,13,scraped
Seah Geok Eng Agency - Upper Serangoon View,Seah Geok Eng Agency - Upper Serangoon ViewBlock 476D Upper Serangoon View #02-02 Singapore 537476,537476,Authorised Retailer,2,18,20,matched
S E Store,S E StoreBlk 352 Jurong East St 31 #01-121  Singapore 600352,600352,Authorised Retailer,2,13,15,matched
Prime Woodlands,Prime WoodlandsBlk 678 Woodlands Ave 6 #01-716 Singapore 730678,730678,,2,15,17,scraped
Prime Joo Seng,Prime Joo SengBlock 1 Upper Aljunied Lane #01-01 Singapore 360001,360001,Authorised Retailer,2,5,7,matched
Prime Compassvale Street,Prime Compassvale StreetBlock 263 Compassvale Street #01-01 Singapore 540263,540263,Authorised Retailer,2,23,25,matched
Prime Admiralty Place,Prime Admiralty PlaceBlock 678A Woodlands Avenue 6 #01-19 Singapore 731678,731678,Authorised Retailer,2,15,17,matched
Precise Optics,"Precise Optics111 North Bridge Road, #02-03 Peninsula Plaza Singapore 179098",179098,,2,13,15,scraped
NTUC FP Shaw Plaza,NTUC FP Shaw Plaza360 Balestier Rd Shaw Plaza #B1-01  Singapore 329783,329783,,2,3,5,scraped
NTUC FP Jurong Point,NTUC FP Jurong Point1 Jurong West Central 2 Jurong Point #B1-09 Singapore 648886,648886,,2,24,26,scraped
NTUC FairPrice Tiong Bahru Plaza,NTUC FairPrice Tiong Bahru Plaza302 Tiong Bahru Road #B1-01/02 Tiong Bahru Plaza Singapore 168732,168732,Authorised Retailer (FairPrice),2,23,25,matched
NTUC FairPrice The Woodleigh Mall,NTUC FairPrice The Woodleigh Mall11 Bidadari Park Drive #B1-32/33 The Woodleigh Mall Singapore 367803,367803,Authorised Retailer (FairPrice),2,18,20,matched
NTUC FairPrice Telok Blangah Street 32,NTUC FairPrice Telok Blangah Street 32Block 78A Telok Blangah Street 32 #01-01 Singapore 101078,101078,Authorised Retailer (FairPrice),2,9,11,matched
NTUC FairPrice Tai Seng,NTUC FairPrice Tai Seng18 Tai Seng Street #B1-13 Mapletree 18 Singapore 539775,539775,Authorised Retailer (FairPrice),2,16,18,matched
NTUC FairPrice Sengkang East Ave,NTUC FairPrice Sengkang East AveBlock 279 Sengkang East Avenue #01-06 Singapore 540279,540279,Authorised Retailer (FairPrice),2,10,12,matched
NTUC FairPrice Punggol Plaza,NTUC FairPrice Punggol Plaza168 Punggol Field Road #03-01 Punggol Plaza Singapore 820168,820168,Authorised Retailer (FairPrice),2,36,38,matched
NTUC FairPrice Le Quest,NTUC FairPrice Le Quest4 Bukit Batok Street 41 #01-91/92 Le Quest Singapore 657991,657991,Authorised Retailer (FairPrice),2,8,10,matched
NTUC FairPrice Dawson Place,NTUC FairPrice Dawson Place57 Dawson Road #01-07 Dawson Place Singapore 142057,142057,Authorised Retailer (FairPrice),2,18,20,matched
Lee Ah Lan Trading,Lee Ah Lan TradingBlk 61 Teban Gardens Road #01-05 Teban Place Singapore 600061,600061,,2,8,10,scraped
Holland Drive Betting Centre – Lottery Lobby (Public),Holland Drive Betting Centre – Lottery Lobby (Public)Block 47 Holland Drive #01-385 Singapore 270047,270047,Betting Centre,2,7,9,matched
Hock Soon Ann,Hock Soon AnnBlock 73 Bedok South Avenue 3 #01-454 Singapore 460073,460073,Authorised Retailer,2,16,18,matched
Gerk Chwee Trading,Gerk Chwee Trading4 Kensington Park Road Singapore 557256,557256,Authorised Retailer,2,24,26,matched
Dawn Florist - Aljunied Avenue 2,Dawn Florist - Aljunied Avenue 2Block 119 Aljunied Avenue 2 #01-78 Singapore 380119,380119,Authorised Retailer,2,6,8,matched
Balestier Khalsa Football Club,Balestier Khalsa Football ClubBlock 70 Lorong 4 Toa Payoh #01-343 Singapore 310070,310070,Authorised Retailer,2,8,10,matched
B.H. Mini Mart,B.H. Mini MartBlock 137 Potong Pasir Avenue 3 #01-142 Singapore 350137,350137,Authorised Retailer,2,6,8,matched
A.P. Mini Mart - Lorong 8 Toa Payoh,A.P. Mini Mart - Lorong 8 Toa PayohBlock 234 Lorong 8 Toa Payoh #01-286 Singapore 310234,310234,Authorised Retailer,2,8,10,matched
A.P. Mini Mart - Bedok Reservoir Road,A.P. Mini Mart - Bedok Reservoir RoadBlock 121 Bedok Reservoir Road #01-200 Singapore 470121,470121,Authorised Retailer,2,19,21,matched
7-Eleven Store Bukit Batok West Avenue 6,7-Eleven Store Bukit Batok West Avenue 6Block 132 Bukit Batok West Avenue 6 #01-304 Singapore 650132,650132,Authorised Retailer (7-Eleven),2,14,16,matched
7-Eleven Jalan Leban,7-Eleven Jalan Leban6 Jln Leban Sembawang Hill Estates Singapore 577549,577549,,2,12,14,scraped
Warriors Football Club (S),Warriors Football Club (S)1 Choa Chu Kang St 53 Choa Chu Kang Stadium #02-06 Singapore 689236,689236,,1,0,1,scraped
Uni-Foto Pte Ltd,Uni-Foto Pte Ltd400 Orchard Rd Orchard Towers  #B1-11 Singapore 238875,238875,,1,10,11,scraped
Tuas View,Tuas View71 Pioneer Road Tuas Amenity Centre #02-02/03 Singapore 639591,639591,,1,10,11,scraped
Singapore Racecourse - MRT Plaza (Public),Singapore Racecourse - MRT Plaza (Public)1 Turf Club Avenue Singapore Racecourse Singapore 738078,738078,,1,0,1,scraped
Singapore Pools Yishun N7 Branch,Singapore Pools Yishun N7 BranchBlock 761 Yishun Street 72 #01-340 Singapore 760761,760761,Branch,1,25,26,matched
Singapore Pools Upp Thomson Branch,Singapore Pools Upp Thomson Branch200 Upp Thomson Rd Thomson Imperial Court #01-06 Singapore 574424,574424,,1,3,4,scraped
Singapore Pools Great World City Branch,Singapore Pools Great World City Branch1 Kim Seng Promenade #B1-127 Great World City Singapore 237994,237994,,1,16,17,scraped
Singapore Pools Everton Park Branch,Singapore Pools Everton Park BranchBlock 7 Everton Park #01-15 Singapore 080007,080007,,1,15,16,scraped
Singapore Pools Changi Road Branch,Singapore Pools Changi Road Branch324K Changi Road Singapore 419799,419799,Branch,1,15,16,matched
Sheng Siong Serangoon North Avenue 5,Sheng Siong Serangoon North Avenue 519 Serangoon North Avenue 5 #01-01 Singapore 554913,554913,Authorised Retailer,1,7,8,matched
Shell Station Geylang Road,Shell Station Geylang Road203 Geylang Road Singapore 389266,389266,Authorised Retailer,1,0,1,matched
Serangoon Avenue 3 Betting Centre - Lottery Lobby (Public),Serangoon Avenue 3 Betting Centre - Lottery Lobby (Public)Block 267 Serangoon Avenue 3 #02-01 Singapore 550267,550267,Betting Centre,1,1,2,matched
River Hong Bao,"River Hong Bao20 Raffles Ave, Marina Bay Floating Platform Singapore 039805",039805,,1,2,3,scraped
Prime Serangoon North,Prime Serangoon NorthBlk 542B Serangoon North Ave 3 #02-01 Singapore 552542,552542,,1,11,12,scraped
Prime Hougang,Prime HougangBlk 159A Hougang St 11 #01-01 Singapore 531159,531159,,1,4,5,scraped
Prime Buangkok Square,Prime Buangkok Square991 Buangkok Link #01-28 Buangkok Square Singapore 530991,530991,Authorised Retailer,1,10,11,matched
Premier Security Co-operative Ltd,Premier Security Co-operative LtdBlock 555 Ang Mo Kio Avenue 10 #01-1966 Singapore 560555,560555,Authorised Retailer,1,12,13,matched
Pinthely Floral Centre,Pinthely Floral Centre5001 Beach Road #02-35 Golden Mile Complex Singapore 199588,199588,,1,12,13,scraped
Ong Eng Siang Trading,Ong Eng Siang TradingBlock 71 Seng Poh Road #01-43 Singapore 160071,160071,Authorised Retailer,1,11,12,matched
NTUC FP Square 2,NTUC FP Square 210 Sinaran Dr Square 2 #04-47/48/49  Singapore 307506,307506,,1,3,4,scraped
NTUC FP Hougang Point,NTUC FP Hougang Point1 Hougang St 91 Hougang Point Central Place #02- 01 Singapore 538692,538692,,1,5,6,scraped
NTUC FP Coronation,NTUC FP Coronation587 Bukit Timah Rd Coronation Shopping Plaza #01-01 Singapore 269707,269707,,1,7,8,scraped
NTUC Foodfare - Seletar Mall,NTUC Foodfare - Seletar Mall33 Sengkang West Ave #03-37 Singapore 797653,797653,Authorised Retailer (FairPrice),1,1,2,matched
NTUC FairPrice Zhongshan Mall,NTUC FairPrice Zhongshan Mall20 Ah Hood Road #02-01 Zhongshan Mall Singapore 329984,329984,Authorised Retailer (FairPrice),1,5,6,matched
NTUC FairPrice Wisteria Mall,NTUC FairPrice Wisteria Mall598 Yishun Ring Road #01-01 Wisteria Mall Singapore 768698,768698,Authorised Retailer (FairPrice),1,13,14,matched
NTUC FairPrice VivoCity,NTUC FairPrice VivoCity1 HarbourFront Walk #B2-23/#01-23 VivoCity Singapore 098585,098585,Authorised Retailer (FairPrice),1,12,13,matched
NTUC FairPrice Paya Lebar Quarter,NTUC FairPrice Paya Lebar Quarter10 Paya Lebar Road #B2-09 Paya Lebar Quarter Singapore 409057,409057,Authorised Retailer (FairPrice),1,6,7,matched
NTUC FairPrice Hougang Street 21,NTUC FairPrice Hougang Street 21Block 202 Hougang Street 21 #01-00 Singapore 530202,530202,Authorised Retailer (FairPrice),1,22,23,matched
NTUC FairPrice Compassvale Link,NTUC FairPrice Compassvale LinkBlock 277C Compassvale Link #01-13 (Unit 2B) Singapore 543277,543277,Authorised Retailer (FairPrice),1,11,12,matched
NTUC FairPrice Canberra Plaza,NTUC FairPrice Canberra Plaza133 Canberra View #B1-03/04 Canberra Plaza Singapore 750133,750133,Authorised Retailer (FairPrice),1,7,8,matched
NTUC FairPrice Bukit Timah Plaza,NTUC FairPrice Bukit Timah Plaza1 Jalan Anak Bukit #B1-01 Bukit Timah Plaza Singapore 588996,588996,Authorised Retailer (FairPrice),1,15,16,matched
NTUC FairPrice Bishan Street 13,NTUC FairPrice Bishan Street 13Block 510 Bishan Street 13 #01-520 Singapore 570510,570510,Authorised Retailer (FairPrice),1,13,14,matched
NTUC FairPrice Bedok North Street 1,NTUC FairPrice Bedok North Street 1Block 212 Bedok North Street 1 #01-147 Singapore 460212,460212,Authorised Retailer (FairPrice),1,43,44,matched
NTUC FairPrice Anchorvale Village,NTUC FairPrice Anchorvale VillageBlock 339 Anchorvale Road #B1-02 Anchorvale Village  Singapore 540339,540339,Authorised Retailer (FairPrice),1,1,2,matched
Ichido Kopitiam City,Ichido Kopitiam CityBlock 277C Compassvale Link #01-13 (Unit 2B) Singapore 543277,543277,Authorised Retailer (FairPrice),1,8,9,matched
Hin Teck Leong Trading Company - Whampoa Drive,Hin Teck Leong Trading Company - Whampoa DriveBlock 74 Whampoa Drive #01-342 Singapore 320074,320074,Authorised Retailer,1,15,16,matched
Hao Mart Geylang Lorong 24,Hao Mart Geylang Lorong 24448 & 450 Geylang Road Singapore 389407,389407,,1,6,7,scraped
Goh Geok Kwee Agency - Redhill Lane,Goh Geok Kwee Agency - Redhill LaneBlock 84 Redhill Lane #01-356 Singapore 150084,150084,Authorised Retailer,1,13,14,matched
Giant VivoCity,Giant VivoCity1 HarbourFront Walk #B2-23/ #01-23 Singapore 098585,098585,Authorised Retailer (FairPrice),1,3,4,matched
Giant Sembawang Shopping Centre,Giant Sembawang Shopping Centre604 Sembawang Road #B1-25 Sembawang Shopping Centre Singapore 758459,758459,,1,13,14,scraped
Giant Greenridge Shopping Centre,Giant Greenridge Shopping Centre524A Jelapang Road #03-13/18 Greenridge Shopping Centre Singapore 671524,671524,Authorised Retailer (FairPrice),1,11,12,matched
Giant Edgefield Plains,Giant Edgefield PlainsBlock 671 Edgefield Plains #02-01 Singapore 820671,820671,,1,10,11,scraped
Giant Buangkok Crescent,Giant Buangkok CrescentBlock 982 Buangkok Crescent #01-01 Singapore 530982,530982,Authorised Retailer,1,17,18,matched
Clifford Gift Shop - Ang Mo Kio Avenue 10,Clifford Gift Shop - Ang Mo Kio Avenue 10Block 555 Ang Mo Kio Avenue 10 #01-1966 Singapore 560555,560555,Authorised Retailer,1,0,1,matched
Chua Seng Dept Store,Chua Seng Dept Store343 Bedok Rd Singapore 469526,469526,,1,3,4,scraped
Chop Yeo Thong Heng (International Plaza),Chop Yeo Thong Heng (International Plaza)10 Anson Road #01-68 International Plaza Singapore 079903,079903,,1,3,4,scraped
Choice Decor Bedok North,Choice Decor Bedok NorthBlk 416 Bedok North Ave 2 #01-31  Singapore 460416,460416,,1,12,13,scraped
China Square Betting Centre - Lottery Lobby (Public),China Square Betting Centre - Lottery Lobby (Public)51 Telok Ayer Street #02-00 China Square Food Centre Singapore 048441,048441,,1,2,3,scraped
Cheers Bedok North Street 3,Cheers Bedok North Street 3Block 539 Bedok North Street 3 #01-625 Singapore 460539,460539,,1,18,19,scraped
Bukit Merah Betting Centre - Lottery Lobby (Public),"Bukit Merah Betting Centre - Lottery Lobby (Public)Connection ONE Tower 2/ Block 169, Jalan Bukit Merah, #01-20 Singapore 150169",150169,Betting Centre,1,2,3,matched
7-Eleven Store Upper Thomson Road,7-Eleven Store Upper Thomson Road912 Upper Thomson Road Singapore 787113,787113,Authorised Retailer (7-Eleven),1,12,13,matched
7-Eleven Store Clementi Street 11,7-Eleven Store Clementi Street 11Block 109 Clementi Street 11 #01-15 Singapore 120109,120109,Authorised Retailer (7-Eleven),1,7,8,matched
7-Eleven Erskine Rd,7-Eleven Erskine Rd7 Erskine Rd Singapore 069320,069320,,1,8,9,scraped
7-Eleven Balestier Rd,7-Eleven Balestier Rd271 Balestier Rd #01-01 Victory Point Singapore 329722,329722,,1,1,2,scraped
Xie Sheng Departmental Service Company - City Plaza,Xie Sheng Departmental Service Company - City PlazaCity Plaza/ 810 Geylang Road #01-75 Singapore 409286,409286,Authorised Retailer,0,1,1,matched
Thiam Hoon Traders,Thiam Hoon TradersBlk 123 Bukit Merah Lane 1 #01-110 Singapore 150123,150123,,0,7,7,scraped
The Little Plaza,The Little PlazaBlk 399 Yung Sheng Road #01-07 Taman Jurong Shopping Centre Singapore 610399,610399,Authorised Retailer,0,1,1,matched
Tampines Rovers Football Club,Tampines Rovers Football ClubBlk 824 Tampines St 81 #01-14 Singapore 520824,520824,Authorised Retailer,0,2,2,matched
STC Racecourse - Kranji 1,STC Racecourse - Kranji 11 Turf Club Avenue Singapore Racecourse Singapore 738078,738078,,0,1,1,scraped
Singapore Pools Woodlands Centre,Singapore Pools Woodlands Centre1A Woodlands Centre Road #01-26 Singapore 731001,188994,Livewire,0,2,2,matched
Singapore Pools Upp Serangoon Branch,Singapore Pools Upp Serangoon Branch1028 Upper Serangoon Rd Singapore 534766,534766,,0,3,3,scraped
Singapore Pools Rochor Centre Branch,Singapore Pools Rochor Centre Branch1 Rochor Rd Rochor Centre #01-626/628 Singapore 180001,180001,,0,1,1,scraped
Singapore Pools Commonwealth Crescent Branch,Singapore Pools Commonwealth Crescent BranchBlock 116 Commonwealth Crescent #01-135 Singapore 140116,140116,Branch,0,18,18,matched
Sheng Siong Woodlands Drive 16,Sheng Siong Woodlands Drive 16Block 573 Woodlands Drive 16 #02-01 Singapore 730573,730573,Authorised Retailer,0,6,6,matched
Sheng Siong Tampines Avenue 9,Sheng Siong Tampines Avenue 9Block 602A Tampines Avenue 9 #01-01 Singapore 521602,521602,Authorised Retailer,0,7,7,matched
Sheng Siong Senja Close,Sheng Siong Senja CloseBlock 643 Senja Close #01-01 Singapore 670643,670643,Authorised Retailer,0,2,2,matched
Sheng Siong Jalan Berseh,Sheng Siong Jalan Berseh1 Jalan Berseh #B1-02 to #B1-22 New World Centre Singapore 209037,209037,Authorised Retailer,0,9,9,matched
Sheng Siong Clementi Avenue 6,Sheng Siong Clementi Avenue 6Block 209A Clementi Avenue 6 #01-01 Singapore 121209,121209,Authorised Retailer,0,1,1,matched
Sheng Siong Canberra Street,Sheng Siong Canberra StreetBlock 105 Canberra Street #02-05 Singapore 750105,750105,Authorised Retailer,0,4,4,matched
Shell Station Tuas South Avenue 5,Shell Station Tuas South Avenue 5121 Tuas South Avenue 5 Singapore 637365,637365,Authorised Retailer,0,4,4,matched
Seng Yeok Chan Agency,Seng Yeok Chan AgencyBlock 338 Ang Mo Kio Avenue 1 #01-1657 Singapore 560338,560338,Authorised Retailer,0,29,29,matched
Rangoon Betting Centre - Lottery Lobby (Public),Rangoon Betting Centre - Lottery Lobby (Public)Block 677 Rangoon Road #02-00  Singapore 210677,210677,Betting Centre,0,6,6,matched
Prime Century Square,Prime Century Square2 Tampines Central 5 #B1-07 Century Square Singapore 529509,529509,,0,15,15,scraped
Prime Bidadari,Prime BidadariBlock 106 Bidadari Park Drive #01-06 Singapore 340106,340106,,0,1,1,scraped
Poon Long Heng,Poon Long HengBlk 716 Yishun St 71 #01-276 Singapore 760716,760716,,0,2,2,scraped
NTUC FP Punggol Walk,NTUC FP Punggol WalkBlk 308C Punggol Walk  #01-352 Singapore 823308,823308,,0,7,7,scraped
NTUC FairPrice The Woodgrove,NTUC FairPrice The Woodgrove30 Woodlands Avenue 1 #01-11C The Woodgrove Singapore 739065,739065,Authorised Retailer (FairPrice),0,17,17,matched
NTUC FairPrice Tampines North Drive 2,NTUC FairPrice Tampines North Drive 2Block 633 Tampines North Drive 2 #01-01 Singapore 520633,520633,Authorised Retailer (FairPrice),0,1,1,matched
NTUC FairPrice Sengkang East Drive,NTUC FairPrice Sengkang East DriveBlock 170B Sengkang East Drive #01-11 Singapore 542170,542170,Authorised Retailer (FairPrice),0,1,1,matched
NTUC FairPrice Killiney Road,NTUC FairPrice Killiney Road131 Killiney Road #01-01/02/03 Orchard Grand Court Singapore 239571,239571,Authorised Retailer (FairPrice),0,19,19,matched
NTUC FairPrice Greenridge Shopping Centre,NTUC FairPrice Greenridge Shopping CentreGreenridge Shopping Centre/ 524A Jelapang Road #03-13 Singapore 671524,671524,Authorised Retailer (FairPrice),0,1,1,matched
Majestic Betting Centre - Lottery Lobby (Public),Majestic Betting Centre - Lottery Lobby (Public)80 Eu Tong Sen Street #01 The Majestic Singapore 059810,059810,Betting Centre,0,6,6,matched
Lee Wah TV & Electric Co,Lee Wah TV & Electric Co623 Geylang Rd Singapore 389561,389561,,0,14,14,scraped
Keppel Credit Union Co-operative Ltd,Keppel Credit Union Co-operative LtdBlk 1 Jalan Bukit Merah #01-4536 Singapore 150001,150001,,0,7,7,scraped
Jurong East Betting Centre - Lottery Lobby (Public),Jurong East Betting Centre - Lottery Lobby (Public)Blk 352 Jurong East St 31 #01-129 Singapore 600352,600352,Authorised Retailer,0,2,2,matched
Hao Mart Westgate,Hao Mart Westgate3 Gateway Drive #B2-01 Westgate Singapore 608532,608532,,0,1,1,scraped
Hao Mart Punggol Walk,Hao Mart Punggol WalkBlk 308C Punggol Walk #01-352 Singapore 823308,823308,,0,4,4,scraped
Giant Tanjong Katong,Giant Tanjong Katong845 Geylang Road #01-08 Tanjong Katong Complex Singapore 400845,400845,,0,2,2,scraped
Giant Plantation Plaza,Giant Plantation Plaza127 Plantation Crescent #B1-06 Plantation Plaza Singapore 690127,690127,Authorised Retailer,0,2,2,matched
Geylang International FC,"Geylang International FC1 Bedok North Street 2, Bedok Stadium Gate 3, Singapore 469642",469642,,0,2,2,scraped
Fortune Supermarket Sembawang Drive,Fortune Supermarket Sembawang DriveBlock 463 Sembawang Drive #01-02 Singapore 750463,750463,Authorised Retailer,0,1,1,matched
Food Republic i12 Katong,Food Republic i12 Katong112 East Coast Rd i12 Katong #04-01 Singapore 428802,428802,,0,2,2,scraped
Cold Storage Aperia Mall,Cold Storage Aperia Mall12 Kallang Avenue #01-49 Aperia Mall Singapore 339511,339511,Authorised Retailer,0,2,2,matched
Choice Decor Co-Operative Society Ltd,Choice Decor Co-Operative Society LtdBlk 22 Sin Ming Rd #01-232 Singapore 570022,570022,,0,18,18,scraped
China Square Betting Centre - Level 2,"China Square Betting Centre - Level 251 Telok Ayer St, #02-00 Singapore  048441",048441,,0,1,1,scraped
Cheers Woodlands Centre,Cheers Woodlands CentreBlk 5A Woodlands Centre Rd #02-182A Singapore 731005,731005,,0,4,4,scraped
Cheers Northshore Plaza II,Cheers Northshore Plaza II418 Northshore Drive #02-05/06 Northshore Plaza II Singapore 820418,820418,Authorised Retailer,0,6,6,matched
Cheers Maude Rd,Cheers Maude Rd87 Maude Rd #01-01 Singapore 208358,208358,,0,2,2,scraped
Bukit Merah Betting Centre,Bukit Merah Betting CentreBlock 169 Jalan Bukit Merah #02-20/#03-20 Connection ONE Tower Singapore 150169,150169,Betting Centre,0,1,1,matched
Bedok Betting Centre - Lottery Lobby (Public),Bedok Betting Centre - Lottery Lobby (Public)Block 215 Bedok North Street 1 #02-87 Singapore 460215,460215,Betting Centre,0,4,4,matched
ACE Signature Geylang Road,ACE Signature Geylang Road450 Geylang Road Singapore 389409,389409,Authorised Retailer,0,2,2,matched
7-Eleven Store Tai Thong Crescent,7-Eleven Store Tai Thong Crescent27 Tai Thong Crescent Singapore 347857,347857,,0,6,6,scraped
7-Eleven Store Esplanade MRT Station,7-Eleven Store Esplanade MRT Station90 Bras Basah Road #B1-20/21/22 Esplanade MRT Singapore 189562,189562,Authorised Retailer (7-Eleven),0,11,11,matched
7-Eleven Store Bedok Road,7-Eleven Store Bedok Road351 Bedok Road Singapore 469539,469539,,0,3,3,scraped
7-Eleven Kim Tian,7-Eleven Kim Tian8 Kim Tian Rd Singapore 169247,169247,,0,1,1,scraped
212 SingPost Centre/ 10 Eunos Road 8 #B1-101 to 107 NTUC FairPrice SingPost Cent,212 SingPost Centre/ 10 Eunos Road 8 #B1-101 to 107 NTUC FairPrice SingPost Centre 408600,408600,Authorised Retailer (FairPrice),0,0,0,gra_only
254 11 Bukit Batok West Avenue 3 Shell Station Bukit Batok West Avenue 3 659166,254 11 Bukit Batok West Avenue 3 Shell Station Bukit Batok West Avenue 3 659166,659166,Authorised Retailer,0,0,0,gra_only
291 33 Jalan Buroh Smart Energy Jalan Buroh 619487,291 33 Jalan Buroh Smart Energy Jalan Buroh 619487,619487,Authorised Retailer,0,0,0,gra_only
292 50 Old Toh Tuck Road Cnergy Old Toh Tuck Road 597657,292 50 Old Toh Tuck Road Cnergy Old Toh Tuck Road 597657,597657,Authorised Retailer,0,0,0,gra_only
