outlet_name,postal_code,outlet_type,group1_wins,group2_wins,combined_wins,source,latitude,longitude,onemap_address,x_svy21,y_svy21,planning_area,geocode_status
Delisia Agency Pte Ltd,188425,Authorised Retailer,26,100,126,matched,1.30151258571919,103.854497235401,149 ROCHOR ROAD FU LU SHOU COMPLEX SINGAPORE 188425,30356.9931099545,31540.1773409117,,OK
Tong Aik Huat,530685,Authorised Retailer,23,143,166,matched,1.37518092664617,103.886022660348,685 HOUGANG STREET 61 HOUGANG SPRING SINGAPORE 530685,33865.3138473639,39686.1002473459,,OK
NTUC FairPrice NEX,556083,Authorised Retailer (FairPrice),18,82,100,matched,1.35067551435975,103.871861623874,23 SERANGOON AVENUE 2 CS MONTESSORI KINDERGARTEN @ SERANGOON SINGAPORE 556083,32289.4083088608,36976.3859132938,,OK
Tan Wee Fong Trading,330024,Authorised Retailer,16,72,88,matched,1.31862347782977,103.862324355167,24 BENDEMEER ROAD BENDEMEER VILLE SINGAPORE 330024,31228.0590081075,33432.2206793837,,OK
Singapore Pools King George's Ave Branch,200803,Branch,16,40,56,matched,1.30811749102335,103.861188606169,803 KING GEORGE'S AVENUE SINGAPORE 200803,31101.6741945921,32270.5210870206,,OK
NTUC FairPrice AMK Hub,569933,Authorised Retailer (FairPrice),16,59,75,matched,1.36923561405404,103.848693181185,53 ANG MO KIO AVENUE 3 ABUNDANT LIFE FAMILY CHURCH SINGAPORE 569933,29711.0075057196,39028.6385976207,,OK
Fatt Chye Heng Trading,530007,Authorised Retailer,16,58,74,matched,1.36232721881747,103.893510807642,7 HOUGANG AVENUE 3 SINGAPORE 530007,34698.6881755767,38264.8215791211,,OK
PFG Framing & Trading,640960,Authorised Retailer,14,54,68,matched,1.34138531163603,103.691459639611,960 JURONG WEST STREET 92 SINGAPORE 640960,12212.6174492966,35949.5464120321,,OK
Ng Teo Guan Self Service,400301,Authorised Retailer,14,80,94,matched,1.33068802490987,103.901953040703,301 UBI AVENUE 1 SINGAPORE 400301,35638.308453802,34766.3438084088,,OK
Mee Lee Cheong Pte. Ltd.,521139,Authorised Retailer,14,54,68,matched,1.34616073984853,103.944509228,139 TAMPINES STREET 11 SINGAPORE 521139,40374.3009414189,36477.4132377654,,OK
Laura's Gifts,510442,Authorised Retailer,14,32,46,matched,1.36893288711175,103.957951722203,442 PASIR RIS DRIVE 6 SINGAPORE 510442,41870.1757516786,38995.5194303729,,OK
Singapore Pools Suntec City Branch,038983,Branch,13,38,51,matched,1.29485990186642,103.860333693777,3 TEMASEK BOULEVARD GOLDEN VILLAGE (GV SUNTEC CITY) SINGAPORE 038983,31006.546098751,30804.5639691036,,OK
Singapore Pools People's Park Centre (Chinatown) Branch,058357,Branch,13,83,96,matched,1.28549527021288,103.843851997218,101 UPPER CROSS STREET CHINATOWN POST OFFICE SINGAPORE 058357,29172.2815868082,29769.0577452593,,OK
NTUC FairPrice Tampines Mall,529510,Authorised Retailer (FairPrice),13,65,78,matched,1.35250468330971,103.944682574769,4 TAMPINES CENTRAL 5 GOLDEN VILLAGE (GV TAMPINES) SINGAPORE 529510,40393.5604594583,37178.8963100612,,OK
7-Eleven Store Eunos Crescent,401001,Authorised Retailer (7-Eleven),13,35,48,matched,1.32129030482793,103.902727807563,1A EUNOS CRESCENT SINGAPORE 401001,35724.5611898508,33727.193773346,,OK
Singapore Pools Toa Payoh Lorong 1 Branch,310111,Branch,12,49,61,matched,1.34123713837195,103.845306137194,111 LORONG 1 TOA PAYOH TOA PAYOH NORTH SINGAPORE 310111,29334.0857224576,35932.7078181338,,OK
Singapore Pools Hougang N1 Branch,530106,Branch,12,47,59,matched,1.3537029714401,103.890680792553,106 HOUGANG AVENUE 1 SINGAPORE 530106,34383.7632439835,37311.1881324742,,OK
Singapore Pools Clementi N7 Branch,120722,Branch,12,37,49,matched,1.30297959881951,103.76371403028,722 CLEMENTI WEST STREET 2 SINGAPORE 120722,20253.6452355636,31702.4892522544,,OK
NTUC FairPrice Toa Payoh HDB Centre,310500,Authorised Retailer (FairPrice),12,34,46,matched,1.33285542884681,103.847092284316,500 LORONG 6 TOA PAYOH HDB HUB SINGAPORE 310500,29532.8697974812,35005.9023080505,,OK
NTUC FairPrice Clementi Avenue 3,120451,Authorised Retailer (FairPrice),12,36,48,matched,1.31248109025097,103.765476495005,451 CLEMENTI AVENUE 3 CLEMENTI POLYCLINIC SINGAPORE 120451,20449.8200590517,32753.1106715389,,OK
Singapore Pools Yishun N1 Branch,760101,Branch,11,58,69,matched,1.4305357538408,103.827667722074,101 YISHUN AVENUE 5 SINGAPORE 760101,27371.1442933977,45806.8930951077,,OK
Singapore Pools Whampoa Drive Branch,320088,Branch,11,54,65,matched,1.32324726968904,103.855171553668,88 WHAMPOA DRIVE SINGAPORE 320088,30432.0176650314,33943.4877558779,,OK
Singapore Pools Teck Whye Branch,680141,Branch,11,48,59,matched,1.38041161319004,103.75257991701,141 TECK WHYE LANE SINGAPORE 680141,19014.8012396181,40264.5708438009,,OK
Singapore Pools Tanjong Pagar Branch,082001,Branch,11,61,72,matched,1.27568847511494,103.842433449984,1 TANJONG PAGAR PLAZA MULTI STOREY CAR PARK SINGAPORE 082001,29014.4129549386,28684.6724204067,,OK
Singapore Pools Jurong West N5 Branch,640508,Branch,11,64,75,matched,1.34872718063365,103.718715391434,508 JURONG WEST STREET 52 HONG KAH POINT SINGAPORE 640508,15245.933758907,36761.215448048,,OK
Singapore Pools IMM Branch,609601,Branch,11,45,56,matched,1.33487526118006,103.746894773008,2 JURONG EAST STREET 21 IMM BUILDING SINGAPORE 609601,18381.9356864095,35229.409786731,,OK
Singapore Pools Hougang N2 Branch,530211,Branch,11,56,67,matched,1.35962289225618,103.887717332865,211 HOUGANG STREET 21 KOVAN CITY SINGAPORE 530211,34053.9490069114,37965.7754739299,,OK
NTUC FairPrice Yishun MRT Station,769093,Authorised Retailer (FairPrice),11,49,60,matched,1.42944308477331,103.835005047246,301 YISHUN AVENUE 2 YISHUN MRT STATION (NS13) SINGAPORE 769093,28187.6788169928,45686.0705381557,,OK
NTUC FairPrice Jurong Gateway Road,600135,Authorised Retailer (FairPrice),11,46,57,matched,1.333825407445,103.739676885744,135 JURONG GATEWAY ROAD J CONNECT SINGAPORE 600135,17578.6553312754,35113.3515920248,,OK
Jake Merchandise Associates,520503,Authorised Retailer,11,42,53,matched,1.3558033565401,103.945102946956,503 TAMPINES CENTRAL 1 TAMPINES HEART SINGAPORE 520503,40440.3264011843,37543.6496071685,,OK
7-Eleven Store Yishun Ring Road,760103,Authorised Retailer (7-Eleven),11,51,62,matched,1.43136934951878,103.828892847163,103 YISHUN RING ROAD SINGAPORE 760103,27507.4825517498,45899.0676108301,,OK
Wanrise,380047,Authorised Retailer,10,41,51,matched,1.31794121263529,103.879025382959,47 SIMS PLACE SIMS VISTA SINGAPORE 380047,33086.7216639528,33356.8071504477,,OK
Tay Sui Lan Agency,049317,Authorised Retailer,10,45,55,matched,1.283619583733,103.852068945868,11 COLLYER QUAY THE ARCADE SINGAPORE 049317,30086.7610053467,29561.6592507306,,OK
Tampines Trading - 828,520828,Authorised Retailer,10,53,63,matched,1.34893084103853,103.934588111014,828 TAMPINES STREET 81 SINGAPORE 520828,39270.1753824092,36783.6692674812,,OK
Singapore Pools Woodlands 888 Branch,730888,Branch,10,51,61,matched,1.43712301500434,103.795314383823,888 WOODLANDS DRIVE 50 888 PLAZA SINGAPORE 730888,23770.7139348229,46535.313734604,,OK
Singapore Pools Tampines Mart Branch,529287,Branch,10,24,34,matched,1.35454944260132,103.959900189012,11 TAMPINES STREET 32 PLAYFACTO SCHOOL @ TAMPINES SINGAPORE 529287,42087.1006097961,37405.0789034087,,OK
Singapore Pools Clementi N3 Branch,120325,Branch,10,46,56,matched,1.315096685325,103.766817400667,325 CLEMENTI AVENUE 5 SINGAPORE 120325,20599.0578964362,33042.3259172272,,OK
Singapore Pools Bencoolen Branch,189646,Branch,10,58,68,matched,1.30166188823652,103.853356123694,180 BENCOOLEN STREET THE BENCOOLEN SINGAPORE 189646,30229.9975490645,31556.6854084264,,OK
Rangoon Provision Shop,210681,Authorised Retailer,10,38,48,matched,1.3137206738217,103.855272733514,681 RACE COURSE ROAD SINGAPORE 210681,30443.287252605,32890.0857380014,,OK
NTUC FairPrice Bukit Batok MRT Station,659958,Authorised Retailer (FairPrice),10,30,40,matched,1.34903331201636,103.749566478309,10 BUKIT BATOK CENTRAL BUKIT BATOK MRT STATION (NS2) SINGAPORE 659958,18679.3223191258,36794.9260214306,,OK
Livewire Singapore Pools,188994,Lottery Lobby,10,48,58,matched,1.30108996302321,103.85131529736,210 MIDDLE ROAD TOTE BOARD (TOTE BOARD) SINGAPORE 188994,30002.8724712385,31493.4431503005,,OK
Livewire Marina Bay Sands,018972,Livewire,10,40,50,matched,1.28332249857386,103.857629111139,2 BAYFRONT AVENUE CRYSTAL PAVILION SOUTH SINGAPORE 018972,30705.5618437575,29528.814311415,,OK
Lee Eng Trading Store,522201,Authorised Retailer,10,44,54,matched,1.35345315769813,103.953009918868,201B TAMPINES STREET 21 SINGAPORE 522201,41320.296353179,37283.8180963211,,OK
Cheers Harbourfront Centre,099253,Authorised Retailer,10,35,45,matched,1.26401293230767,103.82005101011,1 MARITIME SQUARE CONSULATE-GENERAL OF THE REPUBLIC OF COTE D'IVOIRE SINGAPORE 099253,26523.4179164171,27393.6533519011,,OK
Singapore Pools Woodlands N5 Branch,730548,Branch,9,39,48,matched,1.43044361849124,103.793804884379,548 WOODLANDS DRIVE 44 FC SINGAPORE 730548,23602.7169394372,45796.7423332836,,OK
Singapore Pools Toa Payoh Lorong 8 Branch,310212,Branch,9,34,43,matched,1.34064293639026,103.85433449712,212 LORONG 8 TOA PAYOH SINGAPORE 310212,30338.8452441534,35867.0107659921,,OK
Singapore Pools New Upper Changi Branch,462026,Branch,9,28,37,matched,1.3233383625591,103.934207271148,26 NEW UPPER CHANGI ROAD SINGAPORE 462026,39227.9082619073,33953.7778714988,,OK
Singapore Pools Lorong 25A Geylang Branch,388251,Branch,9,47,56,matched,1.31549499038813,103.883256086159,62A LORONG 25A GEYLANG SINGAPORE 388251,33557.5632148786,33086.3253955096,,OK
Singapore Pools Jurong West N4 Branch,640498,Branch,9,53,62,matched,1.34833335760515,103.724307319237,498 JURONG WEST STREET 41 SINGAPORE 640498,15868.2522515813,36717.6398426108,,OK
Singapore Pools Clementi Town Centre Branch,120446,Branch,9,68,77,matched,1.31251305732378,103.764927758669,446 CLEMENTI AVENUE 3 SINGAPORE 120446,20388.7509816196,32756.6470919531,,OK
Singapore Pools Bedok Town Centre Branch,460204,Branch,9,54,63,matched,1.32635909520616,103.929995919076,204 BEDOK NORTH STREET 1 BEDOK TOWN CENTRE SINGAPORE 460204,38759.2131650466,34287.7768086586,,OK
NTUC FairPrice Lot 1 Shoppers' Mall,689812,Authorised Retailer (FairPrice),9,30,39,matched,1.38493874036122,103.745022476677,21 CHOA CHU KANG AVENUE 4 CHOA CHU KANG LIBRARY SINGAPORE 689812,18173.7710486762,40765.1880696882,,OK
Nan Huat Wine Store,570513,Authorised Retailer,9,40,49,matched,1.34946633905282,103.849467349041,513 BISHAN STREET 13 SINGAPORE 570513,29797.1776404409,36842.653455928,,OK
Evercool Engineering,310095,Authorised Retailer,9,34,43,matched,1.33889072150034,103.848993316875,95 LORONG 4 TOA PAYOH TOA PAYOH PALM SPRING SINGAPORE 310095,29744.4306543283,35673.2553532459,,OK
Tan Boon Tin Agency,440056,,8,23,31,scraped,1.30560569433107,103.91537607851,56 MARINE TERRACE MARINE TERRACE HAVEN SINGAPORE 440056,37132.2465671236,31992.9112824537,,OK
Singapore Pools Pasir Ris N2 Branch,510259,Branch,8,45,53,matched,1.36645364010349,103.964598499523,259 PASIR RIS STREET 21 LOYANG POINT SINGAPORE 510259,42609.8986984398,38721.4156571645,,OK
Singapore Pools Ang Mo Kio N7 Branch,560726,Branch,8,46,54,matched,1.37278358482637,103.84644830631,726 ANG MO KIO AVENUE 6 SINGAPORE 560726,29461.1778987525,39420.9536785576,,OK
Singapore Pools Ang Mo Kio N2 Branch,560202,Branch,8,43,51,matched,1.36844644010937,103.844516260527,202 ANG MO KIO AVENUE 3 ANG MO KIO VIEW SINGAPORE 560202,29246.1670971215,38941.3731856421,,OK
Seah Geok Eng Agency - Rivervale Plaza,540118,Authorised Retailer,8,42,50,matched,1.3849334568541,103.901558018707,118 RIVERVALE DRIVE FC/MARKET RIVERVALE PLAZA SINGAPORE 540118,35594.1773097906,40764.5300437231,,OK
NTUC FairPrice White Sands,518457,Authorised Retailer (FairPrice),8,39,47,matched,1.3724564071358,103.949763493981,1 PASIR RIS CENTRAL STREET 3 PASIR RIS LIBRARY SINGAPORE 518457,40958.9038011068,39385.0873588398,,OK
NTUC FairPrice Sun Plaza,757713,Authorised Retailer (FairPrice),8,34,42,matched,1.44819666623789,103.819498634275,30 SEMBAWANG DRIVE SEMBAWANG LIBRARY SINGAPORE 757713,26462.0589625053,47759.7519863788,,OK
NTUC FairPrice Jurong Point,648331,Authorised Retailer (FairPrice),8,64,72,matched,1.33931504032005,103.705350996191,63 JURONG WEST CENTRAL 3 BOON LAY BUS INTERCHANGE SINGAPORE 648331,13758.5676118182,35720.5406027697,,OK
NTUC FairPrice Bedok North Street 4,460089,Authorised Retailer (FairPrice),8,23,31,matched,1.33233468349262,103.938051284737,89 BEDOK NORTH STREET 4 SINGAPORE 460089,39655.6670912411,34948.5643044356,,OK
Giant Sunshine Place,680475,Authorised Retailer,8,25,33,matched,1.37805614752086,103.738931794069,475 CHOA CHU KANG AVENUE 3 KINDERLAND KINDERGARTEN (CHOA CHU KANG) SINGAPORE 680475,17495.9250015644,40004.170991024,,OK
Cheers Hougang Central,530810,Authorised Retailer,8,45,53,matched,1.37160444105564,103.893647271883,810 HOUGANG CENTRAL ALJUNIED-HOUGANG TOWN COUNCIL (MAIN OFFICE) SINGAPORE 530810,34713.849287549,39290.6505232118,,OK
Vitatron & Medical Co,058963,Authorised Retailer,7,28,35,matched,1.28294362973161,103.843328882556,60A SMITH STREET KRETA AYER CONSERVATION AREA SINGAPORE 058963,29114.0643890705,29486.9102856461,,OK
Teo Sook Cheng Agency,760293,Authorised Retailer,7,65,72,matched,1.43611425409216,103.837605235958,293 YISHUN STREET 22 SINGAPORE 760293,28477.0396516826,46423.7352620233,,OK
Soh Choo Trading,730019,Authorised Retailer,7,37,44,matched,1.44328204285332,103.777294228046,19 MARSILING LANE SINGAPORE 730019,21765.3621874293,47216.3897085264,,OK
Singapore Pools Tampines N4 Branch,520481,Branch,7,20,27,matched,1.36162956418494,103.953251115722,481 TAMPINES STREET 44 SINGAPORE 520481,41347.0940520279,38187.9267350622,,OK
Singapore Pools Serangoon Central Branch,550254,Branch,7,41,48,matched,1.35406229913885,103.871216925982,254 SERANGOON CENTRAL DRIVE SINGAPORE 550254,32217.6548147844,37350.8782368433,,OK
Singapore Pools Potong Pasir Branch,350148,Branch,7,17,24,matched,1.3323543597317,103.86777426102,148 POTONG PASIR AVENUE 1 SINGAPORE 350148,31834.559149812,34950.5191621631,,OK
Singapore Pools Lucky Plaza Branch,238863,Branch,7,67,74,matched,1.30450604646634,103.833962339817,304 ORCHARD ROAD LUCKY PLAZA SINGAPORE 238863,28071.6446550656,31871.1689420138,,OK
Singapore Pools Holland Drive Branch,270046,Branch,7,56,63,matched,1.30878949399241,103.792695569227,46 HOLLAND DRIVE SINGAPORE 270046,23479.0386890257,32344.8471478373,,OK
Singapore Pools Bukit Panjang Branch,670257,Branch,7,46,53,matched,1.37850873559017,103.773212348159,257 BANGKIT ROAD BUKIT PANJANG NEIGHBOURHOOD CENTRE SINGAPORE 670257,21310.927306273,40054.092188444,,OK
Singapore Pools Bishan N2 Branch,570279,Branch,7,36,43,matched,1.35722283118337,103.843785252615,279 BISHAN STREET 24 SINGAPORE 570279,29164.8201050702,37700.3233195785,,OK
Singapore Pools Ang Mo Kio N4 Branch,560447,Branch,7,45,52,matched,1.36747901420817,103.855967139125,447 ANG MO KIO AVENUE 10 CHONG BOON CENTRE SINGAPORE 560447,30520.5130165294,38834.4091277141,,OK
Singapore Pools Anchorvale Road Branch,540308,Branch,7,25,32,matched,1.38955848510235,103.886426650492,308 ANCHORVALE ROAD MULTI STOREY CAR PARK SINGAPORE 540308,33910.2374374568,41275.8993351981,,OK
Seah Koon Huat - Bukit Merah View,151116,Authorised Retailer,7,29,36,matched,1.28513427067055,103.821532226321,116 BUKIT MERAH VIEW SINGAPORE 151116,26688.2769996626,29729.1409034245,,OK
Prime Punggol Field,820108,Authorised Retailer,7,26,33,matched,1.39649861628108,103.908866307025,108 PUNGGOL FIELD SINGAPORE 820108,36407.4559063781,42043.3725142553,,OK
NTUC FairPrice Tanjong Pagar Plaza,081005,Authorised Retailer (FairPrice),7,22,29,matched,1.27624052001347,103.843006115698,5 TANJONG PAGAR PLAZA SINGAPORE 081005,29078.1458873488,28745.7149225492,,OK
NTUC FairPrice Bukit Merah Central,150166,Authorised Retailer (FairPrice),7,33,40,matched,1.28309262574973,103.817667202598,166 BUKIT MERAH CENTRAL SINGAPORE 150166,26258.1306317728,29503.3886602689,,OK
Metro Woodlands,738099,Authorised Retailer,7,29,36,matched,1.4360700650803,103.785981524253,1 WOODLANDS SQUARE CAUSEWAY POINT SINGAPORE 738099,22732.1066652434,46418.9031902999,,OK
Livewire (Resorts World Sentosa),098138,,7,35,42,scraped,1.2570386446855,103.822038714405,26 SENTOSA GATEWAY SHOWPLACE (RESORTS WORLD SENTOSA) SINGAPORE 098138,26744.6313240752,26622.4717394784,,OK
Kis Store,500004,Authorised Retailer,7,23,30,matched,1.38909635615366,103.98746284567,4 CHANGI VILLAGE ROAD SINGAPORE 500004,45154.2731120568,41225.2923560701,,OK
Clifford Gift Shop,560532,Authorised Retailer,7,48,55,matched,1.37380851539559,103.854594160601,532 ANG MO KIO AVENUE 10 CHENG SAN CENTRE SINGAPORE 560532,30367.7107608449,39534.2918106392,,OK
Cheers Changi Village Road,500004,Authorised Retailer,7,39,46,matched,1.38909635615366,103.98746284567,4 CHANGI VILLAGE ROAD SINGAPORE 500004,45154.2731120568,41225.2923560701,,OK
7-Eleven Store Owen Road,210045,Authorised Retailer (7-Eleven),7,16,23,matched,1.31559567579803,103.850825476141,45 OWEN ROAD SINGAPORE 210045,29948.3486031415,33097.4099246319,,OK
Xie Sheng Departmental Service Company,470632,Authorised Retailer,6,27,33,matched,1.33205094618817,103.914145075793,632 BEDOK RESERVOIR ROAD EUNOS GROVE SINGAPORE 470632,36995.1522448063,34917.0898994226,,OK
Singapore Pools Woodlands N3 Branch,730305,Branch,6,47,53,matched,1.43036145835565,103.774102414119,305 WOODLANDS STREET 31 FUCHUN NEIGHBOURHOOD CENTRE SINGAPORE 730305,21410.1258405652,45787.7046462931,,OK
Singapore Pools LOT One Branch,689812,Authorised Retailer (FairPrice),6,21,27,matched,1.38493874036122,103.745022476677,21 CHOA CHU KANG AVENUE 4 CHOA CHU KANG LIBRARY SINGAPORE 689812,18173.7710486762,40765.1880696882,,OK
Singapore Pools Jurong West N2 Branch,640276,Branch,6,16,22,matched,1.35360972722828,103.703730685947,276 JURONG WEST STREET 25 MULTI STOREY CAR PARK SINGAPORE 640276,13578.3280039858,37301.1875603851,,OK
Singapore Pools Jurong East Branch,600351,Branch,6,45,51,matched,1.34483235593159,103.730778253202,351 JURONG EAST STREET 31 YUHUA PLACE SINGAPORE 600351,16588.3801597031,36330.4850594122,,OK
Singapore Pools Hougang N3 Branch,530322,Branch,6,23,29,matched,1.36709855359263,103.89697867894,322 HOUGANG AVENUE 5 SINGAPORE 530322,35084.6077223588,38792.4217136502,,OK
Singapore Pools Gek Poh Shopping Centre (Jurong West N7) Branch,640762,,6,43,49,scraped,1.34874357136408,103.697732091001,762 JURONG WEST STREET 75 GEK POH SHOPPING CENTRE SINGAPORE 640762,12910.7207379946,36763.1478772014,,OK
Singapore Pools Funan Branch,179105,Branch,6,12,18,matched,1.29134759697794,103.849989790085,107 NORTH BRIDGE ROAD FUNAN SINGAPORE 179105,29855.3625422399,30416.1814862192,,OK
Singapore Pools Circuit Road 64 Branch,370064,Branch,6,14,20,matched,1.32698404492367,103.887148432844,64 CIRCUIT ROAD SINGAPORE 370064,33990.7164950753,34356.7356295306,,OK
Singapore Pools Bukit Batok Central Branch,650642,Branch,6,50,56,matched,1.34900647948549,103.751706683374,642 BUKIT BATOK CENTRAL SINGAPORE 650642,18917.5034136316,36791.9509207737,,OK
Singapore Pools Ang Mo Kio N6 Branch,560630,Branch,6,38,44,matched,1.38054138917049,103.841068277331,630 ANG MO KIO AVENUE 4 YIO CHU KANG VIEW SINGAPORE 560630,28862.4437649706,40278.7696457673,,OK
NTUC FairPrice Yishun Ring Road,760849,Authorised Retailer (FairPrice),6,30,36,matched,1.4169831658118,103.835218177871,849 YISHUN RING ROAD MLC (YISHUN) PTE. LTD. SINGAPORE 760849,28211.3982013613,44308.315505242,,OK
NTUC FairPrice Serangoon North Avenue 1,552152,Authorised Retailer (FairPrice),6,32,38,matched,1.36979940374161,103.87303579046,152B SERANGOON NORTH AVENUE 1 SINGAPORE 552152,32420.0451081926,39091.0107117519,,OK
NTUC FairPrice Havelock Road,160050,Authorised Retailer (FairPrice),6,10,16,matched,1.28977813992267,103.826793758887,50 HAVELOCK ROAD MY FIRST SKOOL SINGAPORE 160050,27273.843107665,30242.6338874418,,OK
NTUC FairPrice Changi Business Park,486018,Authorised Retailer (FairPrice),6,23,29,matched,1.33491977663975,103.963653900382,8 CHANGI BUSINESS PARK AVENUE 1 CHANGI LINK @ ESR BIZPARK @ CHANGI SINGAPORE 486018,42504.9627770297,35234.5472926777,,OK
Ng Nam Thye Trading - Taman Jurong,610399,Authorised Retailer,6,27,33,matched,1.3350420286067,103.72026802061,399 YUNG SHENG ROAD IMAN CHILDCARE (JURONG) PTE. LTD. SINGAPORE 610399,15418.6544969035,35247.9702959526,,OK
Li Thoe Trading,380119,Authorised Retailer,6,32,38,matched,1.32012887290025,103.886058091225,119 ALJUNIED AVENUE 2 SINGAPORE 380119,33869.3886141358,33598.7229509298,,OK
Li Li Cheng Supermarket (Punggol) Pte Ltd,823273,Authorised Retailer,6,23,29,matched,1.40230301367166,103.901262391698,273C PUNGGOL PLACE PUNGGOL REGALIA SINGAPORE 823273,35561.2224068912,42685.1680306997,,OK
Cold Storage Compass One,545078,Authorised Retailer,6,39,45,matched,1.39205314156706,103.89507054384,1 SENGKANG SQUARE COMPASS ONE SINGAPORE 545078,34872.1834410084,41551.7693360616,,OK
Chua Yan Kee,142049,,6,8,14,scraped,1.3004269308691,103.797359760167,49 TANGLIN HALT ROAD SINGAPORE 142049,23998.1064000167,31420.1498633567,,OK
Chng Siow Eng Agency,510625,Authorised Retailer,6,26,32,matched,1.37860239032585,103.941978177673,625 ELIAS ROAD CHERIE HEARTS KIDZ CAMPUS PTE. LTD. SINGAPORE 510625,40092.46070184,40064.6394003183,,OK
Cheng Tai Boon Beng,238841,Authorised Retailer,6,21,27,matched,1.30125729409965,103.841150144584,150 ORCHARD ROAD ORCHARD PLAZA SINGAPORE 238841,28871.5825470258,31511.9399756845,,OK
Cheng Chew Wah Agency - Marine Terrace,440058,Authorised Retailer,6,26,32,matched,1.30611781253448,103.914026029355,58 MARINE TERRACE MARINE TERRACE HAVEN SINGAPORE 440058,36981.9965683632,32049.5338720065,,OK
7-Eleven Store McCallum Street,069044,Authorised Retailer (7-Eleven),6,37,43,matched,1.27968475871905,103.847576349309,3A MCCALLUM STREET TELOK AYER CONSERVATION AREA SINGAPORE 069044,29586.7745037032,29126.5634016059,,OK
Wong Teck Chow Enterprise (Private) Limited,188061,Authorised Retailer,5,5,10,matched,1.30197196437956,103.857804288546,390 VICTORIA STREET THE GOLDEN LANDMARK SINGAPORE 188061,30725.0377778802,31590.9764006641,,OK
U Stars Sumang Walk,820218,,5,2,7,scraped,1.40322712524584,103.89538702242,218 SUMANG WALK MATILDA PORTICO SINGAPORE 820218,34907.3707287796,42787.3335235603,,OK
Tuck Lee Long,560159,Authorised Retailer,5,23,28,matched,1.37479893193043,103.839858129785,159 ANG MO KIO AVENUE 4 SINGAPORE 560159,28727.7713353699,39643.7975014262,,OK
Tay Ah Tho Trading,730768,Authorised Retailer,5,25,30,matched,1.44571784134906,103.798166316676,768 WOODLANDS AVENUE 6 CENTRAL 24-HR CLINIC (WOODLANDS) SINGAPORE 730768,24088.1051925337,47485.6815684885,,OK
Tan Kai Huat Provision Shop,530123,Authorised Retailer,5,17,22,matched,1.35338313541393,103.886258951798,123 HOUGANG AVENUE 1 PRO-TEACH BASC AND TUITION CENTRE (PAYA LEBAR) SINGAPORE 530123,33891.6631865688,37275.8110947125,,OK
Singapore Pools Sim Lim Square Branch,188504,Branch,5,28,33,matched,1.3030242605718,103.853037814067,1 ROCHOR CANAL ROAD SIM LIM SQUARE SINGAPORE 188504,30194.5713863662,31707.3292541914,,OK
Singapore Pools Silat Avenue Branch,160150,Branch,5,13,18,matched,1.27707706824333,103.831425856916,150 SILAT AVENUE SINGAPORE 160150,27789.3550872682,28838.2141532004,,OK
Singapore Pools Siglap Branch,459060,Branch,5,19,24,matched,1.31205682541822,103.922171053658,697D EAST COAST ROAD FRANKEL ESTATE SINGAPORE 459060,37888.4402609766,32706.2707245927,,OK
Singapore Pools Choa Chu Kang Branch,680303,,5,38,43,scraped,1.3846968155873416,103.74378458764835,manual,,,CHOA CHU KANG,OK
Singapore Pools Chinatown Point Branch,059413,Branch,5,77,82,matched,1.28533894878838,103.845015574621,133 NEW BRIDGE ROAD CHINATOWN LIBRARY SINGAPORE 059413,29301.778130658,29751.7730920855,,OK
Singapore Pools Chin Swee Branch,160052,Branch,5,19,24,matched,1.28708278284998,103.841580109275,52 CHIN SWEE ROAD SINGAPORE 160052,28919.4388323296,29944.5957666449,,OK
Singapore Pools Cheong Chin Nam Road Branch,599730,Branch,5,26,31,matched,1.34248911530733,103.775237429914,5 CHEONG CHIN NAM ROAD SINGAPORE 599730,21536.1978042005,36071.2185610179,,OK
Singapore Pools Beo Crescent Branch,160036,Branch,5,25,30,matched,1.28830079095393,103.827180352264,36 BEO CRESCENT THE BEO CRESCENT SINGAPORE 160036,27316.8672607075,30079.2761567254,,OK
Sheng Siong Junction 9,768897,Authorised Retailer,5,15,20,matched,1.4331228398318,103.84166098599,18 YISHUN AVENUE 9 JUNCTION NINE SINGAPORE 768897,28928.3840203611,46092.960954776,,OK
Prime Chai Chee Road,461025,Authorised Retailer,5,16,21,matched,1.32328959946584,103.924149636877,25A CHAI CHEE ROAD SINGAPORE 461025,38108.5927758049,33948.3426496629,,OK
Overseas Emporium (Private) Limited,059108,Authorised Retailer,5,30,35,matched,1.28413397178419,103.842519972666,1 PARK ROAD PEOPLE'S PARK COMPLEX SINGAPORE 059108,29024.0389001919,29618.5318235587,,OK
OCN (Singapore) Pte Ltd,120501,Authorised Retailer,5,34,39,matched,1.31129566365301,103.758864434999,501 WEST COAST DRIVE SINGAPORE 120501,19713.9562499467,32622.053116966,,OK
NTUC FairPrice Xpress Macpherson Road,348501,Authorised Retailer (FairPrice),5,26,31,matched,1.32869206523005,103.872188869956,110 MACPHERSON ROAD ESSO MACPHERSON SINGAPORE 348501,32325.8656714968,34545.5686206203,,OK
NTUC FairPrice Marsiling MRT Station,739044,Authorised Retailer (FairPrice),5,24,29,matched,1.43252114855026,103.774074641403,71 WOODLANDS AVENUE 3 MARSILING MRT STATION (NS8) SINGAPORE 739044,21407.0413211482,46026.5125302058,,OK
NTUC FairPrice Lorong 4 Toa Payoh,310192,Authorised Retailer (FairPrice),5,20,25,matched,1.33166814812852,103.850487239503,192 LORONG 4 TOA PAYOH SINGAPORE 310192,29910.6938390704,34874.6212546844,,OK
NTUC FairPrice Joo Koon,629117,Authorised Retailer (FairPrice),5,23,28,matched,1.32561767765205,103.678409741897,1 JOO KOON CIRCLE FAIRPRICE HUB SINGAPORE 629117,10760.1903017079,34206.1238678284,,OK
NTUC FairPrice Jem,608549,Authorised Retailer (FairPrice),5,52,57,matched,1.33329334473462,103.743278742341,50 JURONG GATEWAY ROAD JEM SINGAPORE 608549,17979.5026238747,35054.5037911125,,OK
NTUC FairPrice Boon Lay Place,640221,Authorised Retailer (FairPrice),5,46,51,matched,1.34633552457315,103.712430373455,221 BOON LAY PLACE BOON LAY SHOPPING CENTRE SINGAPORE 640221,14546.4666856667,36496.7915879078,,OK
Nel's Store,470741,Authorised Retailer,5,14,19,matched,1.33773088769346,103.922272109998,741 BEDOK RESERVOIR ROAD RESERVOIR VILLAGE SINGAPORE 470741,37899.5849931166,35545.180647932,,OK
Nalayanee Trading Enterprise,534839,Authorised Retailer,5,17,22,matched,1.33843759646141,103.886437101573,127 UPPER PAYA LEBAR ROAD SINGAPORE 534839,33911.5252190921,35623.2095122691,,OK
Lucky Hill,090112,,5,14,19,scraped,1.27452852560807,103.825932928075,112 BUKIT PURMEI ROAD BUKIT PURMEI VILLE SINGAPORE 090112,27178.0351021048,28556.4105984177,,OK
Kim Chwee Trading,600256,Authorised Retailer,5,23,28,matched,1.34416527251747,103.738263367232,256 JURONG EAST STREET 24 SINGAPORE 600256,17421.3896376407,36256.6885672398,,OK
Hin Teck Leong Trading Company - Rowell Road,200640,,5,18,23,scraped,1.30743547948389,103.854713903431,640 ROWELL ROAD SINGAPORE 200640,30381.1007417506,32195.1006872542,,OK
Giant Parkway Parade,449269,Authorised Retailer (FairPrice),5,16,21,matched,1.301041960873,103.905505005847,80 MARINE PARADE ROAD MARINE PARADE POST OFFICE SINGAPORE 449269,36033.7006082321,31488.2430501617,,OK
Everstream Trading,650283,Authorised Retailer,5,49,54,matched,1.34694365753899,103.757539380939,283 BUKIT BATOK EAST AVENUE 3 GOMBAK PLACE SINGAPORE 650283,19566.6110998513,36563.833416298,,OK
Dawn Florist,538719,Authorised Retailer,5,23,28,matched,1.3792452907016,103.887832017102,21 HOUGANG STREET 51 HOUGANG GREEN SHOPPING MALL SINGAPORE 538719,34066.6627102559,40135.5216910187,,OK
Cold Storage Northpoint,769098,Branch,5,25,30,matched,1.42969848626288,103.835776491468,930 YISHUN AVENUE 2 NORTHPOINT CITY SINGAPORE 769098,28273.5290191257,45714.3116263431,,OK
Chuan Hao Departmental Store,131019,Authorised Retailer,5,8,13,matched,1.30735380231593,103.78454843987,19A DOVER CRESCENT MULTI STOREY CAR PARK SINGAPORE 131019,22572.3360538119,32186.1118527893,,OK
Cheers New Upper Changi Road,461059,,5,21,26,scraped,1.32405898618809,103.940695612461,59 NEW UPPER CHANGI ROAD SINGAPORE 461059,39949.9935097322,34033.4911793973,,OK
Cheers Haig Road,430012,,5,16,21,scraped,1.31561468089698,103.896129520656,12 HAIG ROAD HAIG VIEW SINGAPORE 430012,34990.2525800169,33099.5925186686,,OK
Afro Asia Co Pte Ltd,760604,Authorised Retailer,5,19,24,matched,1.42171348124463,103.83554529409,604 YISHUN STREET 61 NEE SOON CENTRAL MEADOWS SINGAPORE 760604,28247.8010513587,44831.3699637074,,OK
7-Eleven Store Sixth Avenue,276472,Authorised Retailer (7-Eleven),5,14,19,matched,1.33109923987903,103.795114609687,6 SIXTH AVENUE SINGAPORE 276472,23748.2932285639,34811.7406081595,,OK
7-Eleven Store Choa Chu Kang Drive,682689,Authorised Retailer (7-Eleven),5,26,31,matched,1.40313482841143,103.749793059631,689B CHOA CHU KANG DRIVE SINGAPORE 682689,18704.747788664,42777.2021937817,,OK
7-Eleven Store Changi Road,419701,Authorised Retailer (7-Eleven),5,19,24,matched,1.31621766760551,103.898830016087,38 CHANGI ROAD SINGAPORE 419701,35290.7900795704,33166.2754595764,,OK
Yeo Soon Huat,310070,Authorised Retailer,4,9,13,matched,1.33444874946936,103.852333287558,70 LORONG 4 TOA PAYOH TOA PAYOH VISTA SINGAPORE 310070,30116.1374758715,35182.0874286592,,OK
U Stars Keat Hong Link,680817,Authorised Retailer,4,7,11,matched,1.37754385007462,103.749700036701,817 KEAT HONG LINK KEAT HONG MIRAGE SINGAPORE 680817,18694.2953761145,39947.4789061807,,OK
Teo Khar Bee Agency,150084,Authorised Retailer,4,26,30,matched,1.28708575062296,103.818851050403,84 REDHILL LANE SINGAPORE 150084,26389.8856514953,29944.9270194583,,OK
Tan Ah Leck Trading - Bukit Batok Street 11,650151,Authorised Retailer,4,29,33,matched,1.34874703502592,103.744211483999,151 BUKIT BATOK STREET 11 SINGAPORE 650151,18083.3693590276,36763.2921041436,,OK
Springdale Garments Co,560408,Authorised Retailer,4,43,47,matched,1.36209053459188,103.854587757902,408 ANG MO KIO AVENUE 10 TECK GHEE SQUARE SINGAPORE 560408,30367.0096938061,38238.5770579427,,OK
Singapore Pools Yishun N2 Branch,760256,Branch,4,30,34,matched,1.43409342098238,103.839979155802,256 YISHUN RING ROAD YISHUN SUNSHINE SINGAPORE 760256,28741.2213982223,46200.2823262513,,OK
Singapore Pools Teban Gardens Branch,600037,Branch,4,24,28,matched,1.32053143645806,103.742652199249,37 TEBAN GARDENS ROAD SINGAPORE 600037,17909.7231168924,33643.3582082093,,OK
Singapore Pools Jalan Tiga Branch,390043,Branch,4,42,46,matched,1.30813368626522,103.884729523853,43 JALAN TIGA PINE GREEN SINGAPORE 390043,33721.5593881765,32272.3532383442,,OK
Singapore Pools Ghim Moh Branch,270021,Branch,4,28,32,matched,1.31010302594118,103.788545950724,21 GHIM MOH ROAD SINGAPORE 270021,23017.2274397025,32490.0986614991,,OK
Singapore Pools Geylang Bahru Branch,330057,Branch,4,19,23,matched,1.32353780675049,103.86914775647,57 GEYLANG BAHRU GEYLANG BAHRU VILLE SINGAPORE 330057,31987.4290544391,33975.6319308337,,OK
Singapore Pools Circuit Road 88 Branch,370088,Branch,4,26,30,matched,1.32354065999154,103.885851746701,88 CIRCUIT ROAD SINGAPORE 370088,33846.4165160181,33975.9805272035,,OK
Singapore Pools Bukit Gombak Branch,650374,Branch,4,34,38,matched,1.35798291106742,103.750736425731,374 BUKIT BATOK STREET 31 SINGAPORE 650374,18809.5582492808,37784.5235836506,,OK
Singapore Pools Bedok North Branch,460509,Branch,4,27,31,matched,1.33306648174585,103.931091390071,509 BEDOK NORTH STREET 3 STAR KIDZ POWERCLUB SINGAPORE 460509,38881.0987941222,35029.4511020631,,OK
Sheng Siong Tanglin Halt Road,141088,Authorised Retailer,4,22,26,matched,1.30178506364186,103.798226442608,88 TANGLIN HALT ROAD CARE CORNER FAMILY SERVICE CENTRE (QUEENSTOWN) SINGAPORE 141088,24094.5624733763,31570.3238592092,,OK
Sheng Moh Fruits & Provision Store,128632,Authorised Retailer,4,13,17,matched,1.30836839456285,103.762107951222,29A JALAN MAS PUTEH PASIR PANJANG GARDENS SINGAPORE 128632,20074.9199954933,32298.3600045089,,OK
Prime Keat Hong,680253,Authorised Retailer,4,20,24,matched,1.37677749544409,103.744548948082,253 CHOA CHU KANG AVENUE 1 CHOA CHU KANG MARKET SINGAPORE 680253,18121.0396203063,39862.7599396724,,OK
NTUC FairPrice Yung Kuang Road,610063,,4,15,19,scraped,1.33221936370928,103.722686866956,63 YUNG KUANG ROAD SINGAPORE 610063,15687.8331243386,34935.841641767,,OK
NTUC FairPrice Yew Tee Point,689578,Authorised Retailer (FairPrice),4,34,38,matched,1.39696992267974,103.746443198224,21 CHOA CHU KANG NORTH 6 YEWTEE POINT SINGAPORE 689578,18331.928316039,42095.5309091564,,OK
NTUC FairPrice Woodlands Civic Centre,730900,Authorised Retailer (FairPrice),4,30,34,matched,1.4350778940091,103.786619615641,900 SOUTH WOODLANDS DRIVE KINDERLAND KINDERGARTEN (WOODLANDS) SINGAPORE 730900,22803.1142956652,46309.1924036536,,OK
NTUC FairPrice Thomson Plaza,574408,Authorised Retailer (FairPrice),4,37,41,matched,1.35466902496424,103.830919782333,301 UPPER THOMSON ROAD THOMSON PLAZA SINGAPORE 574408,27733.0413219538,37417.9340793099,,OK
NTUC FairPrice Tampines Street 83,521866,Authorised Retailer (FairPrice),4,21,25,matched,1.35536454193962,103.934477898052,866A TAMPINES STREET 83 TAMPINES CENTRAL COMMUNITY COMPLEX SINGAPORE 521866,39257.8802550118,37495.0756679717,,OK
NTUC FairPrice Tampines Street 44,520475,Authorised Retailer (FairPrice),4,15,19,matched,1.36032331939995,103.953129640464,475 TAMPINES STREET 44 SINGAPORE 520475,41333.5824240958,38043.4878562279,,OK
NTUC FairPrice Rivervale Mall,545082,Authorised Retailer (FairPrice),4,13,17,matched,1.39250410994833,103.904483668323,11 RIVERVALE CRESCENT SINGAPORE 545082,35919.7396821184,41601.6646846253,,OK
NTUC FairPrice Punggol Oasis Terraces,820681,Authorised Retailer (FairPrice),4,20,24,matched,1.40259581502678,103.912962428692,681 PUNGGOL DRIVE NKF DIALYSIS CENTRE SINGAPORE 820681,36863.2770914566,42717.5855860859,,OK
NTUC FairPrice Parkway Parade,449269,Authorised Retailer (FairPrice),4,25,29,matched,1.301041960873,103.905505005847,80 MARINE PARADE ROAD MARINE PARADE POST OFFICE SINGAPORE 449269,36033.7006082321,31488.2430501617,,OK
NTUC FairPrice Marine Parade Central,449411,Authorised Retailer (FairPrice),4,12,16,matched,1.30134714783304,103.907183612906,6 MARINE PARADE CENTRAL SINGAPORE 449411,36220.5136048924,31521.9944853205,,OK
NTUC FairPrice Limbang Shopping Centre,680533,Authorised Retailer (FairPrice),4,20,24,matched,1.39206782341869,103.743102282335,533 CHOA CHU KANG STREET 51 LIMBANG SHOPPING CENTRE SINGAPORE 680533,17960.1078382162,41553.4949440826,,OK
NTUC FairPrice E!Hub @ Downtown East,519599,Authorised Retailer (FairPrice),4,15,19,matched,1.3766980678365,103.95514122442,1 PASIR RIS CLOSE ACES MONTESSORI KIDZ KINDERGARTEN SINGAPORE 519599,41557.3568058563,39854.1394968368,,OK
NTUC FairPrice Clementi Avenue 2,120352,Authorised Retailer (FairPrice),4,19,23,matched,1.31427860227337,103.771350557894,352 CLEMENTI AVENUE 2 CLEMENTI AVENUE 2 SHOPPING CENTRE SINGAPORE 120352,21103.5526931826,32951.8534610327,,OK
Ng Nam Thye Trading - Ang Mo Kio Avenue 3,569922,Authorised Retailer,4,28,32,matched,1.36929729654979,103.84715944541,51 ANG MO KIO AVENUE 3 51 @ AMK SINGAPORE 569922,29540.3211999806,39035.4580954239,,OK
Lim Heng Ee Trading Pte. Ltd.,380016,Authorised Retailer,4,17,21,matched,1.31543175817283,103.871651573593,16 UPPER BOON KENG ROAD BOON KENG VILLE SINGAPORE 380016,32266.0926993955,33079.3106692117,,OK
Golden Lagoon Trading,730136,Authorised Retailer,4,22,26,matched,1.43832145748732,103.777752029807,136 MARSILING ROAD SINGAPORE 730136,21816.2950316696,46667.8715823255,,OK
Goh Geok Kwee Agency - Bukit Merah,150124,Authorised Retailer,4,21,25,matched,1.28582331821306,103.803532208512,124 BUKIT MERAH LANE 1 SINGAPORE 150124,24685.025577927,29805.348543182,,OK
Giant Beauty World Centre,588177,Authorised Retailer,4,28,32,matched,1.34241264188642,103.776539385406,144 UPPER BUKIT TIMAH ROAD BEAUTY WORLD CENTRE SINGAPORE 588177,21681.0911870794,36062.7591135893,,OK
Chua Hong Kim Trading,550237,Authorised Retailer,4,34,38,matched,1.35381198342473,103.87013457465,237 SERANGOON AVENUE 3 SINGAPORE 550237,32097.2018299149,37323.1977419816,,OK
Chop Yeo Thong Heng,370076,Authorised Retailer,4,13,17,matched,1.32551693484516,103.889903603926,76 CIRCUIT ROAD MACPHERSON BLOSSOM SINGAPORE 370076,34297.3428838411,34194.5168830398,,OK
Chong Hoe Tong,310021,Authorised Retailer,4,22,26,matched,1.33544818177957,103.857495922448,21 LORONG 7 TOA PAYOH KIM KEAT PALM SINGAPORE 310021,30690.6834952896,35292.6045846585,,OK
Cheng Chew Wah Agency - Bedok South Road,460017,Authorised Retailer,4,23,27,matched,1.32014883000628,103.935563486677,17 BEDOK SOUTH ROAD SINGAPORE 460017,39378.8562403722,33601.1013485529,,OK
Cheers Hougang Avenue 3,530023,Authorised Retailer,4,15,19,matched,1.36486666416769,103.890727960772,23 HOUGANG AVENUE 3 HOUGANG VIEW SINGAPORE 530023,34388.9831999186,38545.6130936015,,OK
7-Eleven Store Plaza Singapura,238839,Authorised Retailer (7-Eleven),4,22,26,matched,1.30082071769235,103.845067272666,68 ORCHARD ROAD GOLDEN VILLAGE (GV PLAZA) SINGAPORE 238839,29307.5237809345,31463.6672937293,,OK
7-Eleven Store Foch Road,209264,Authorised Retailer (7-Eleven),4,13,17,matched,1.31270184017357,103.859968759019,27 FOCH ROAD HOA NAM BUILDING SINGAPORE 209264,30965.9111792706,32777.4334178958,,OK
7-Eleven Store Bedok North Street 2,460123,Authorised Retailer (7-Eleven),4,23,27,matched,1.32919868667839,103.937343347878,123 BEDOK NORTH STREET 2 SINGAPORE 460123,39576.8955716565,34601.7979382593,,OK
Tan Ah Leck Trading - Jurong East Street 31,600352,Authorised Retailer,3,7,10,matched,1.34492289474517,103.730400848037,352 JURONG EAST STREET 31 YUHUA PLACE SINGAPORE 600352,16546.3794579934,36340.4981624465,,OK
Superbowl Jurong Pte Ltd,618642,Authorised Retailer,3,27,30,matched,1.32547408835086,103.725247683743,3 YUAN CHING ROAD SINGAPORE 618642,15972.7932968754,34189.9696935788,,OK
Singapore Pools Woodlands N8 Branch,730883,Branch,3,40,43,matched,1.44275334327795,103.790548015512,883 WOODLANDS STREET 82 WOODLANDS NORTH PLAZA SINGAPORE 730883,23240.3015716588,47157.8967089206,,OK
Singapore Pools Upper Boon Keng Branch,380018,Branch,3,33,36,matched,1.31480351462869,103.872301458156,18 UPPER BOON KENG ROAD BOON KENG VILLE SINGAPORE 380018,32338.4196809595,33009.8438305017,,OK
Singapore Pools Telok Blangah Branch,090006,Branch,3,24,27,matched,1.27814081311562,103.818484019328,6 TELOK BLANGAH CRESCENT MOUNT FABER GREEN SINGAPORE 090006,26349.0324393157,28955.8422574177,,OK
Singapore Pools Peace Centre Branch,228149,,3,17,20,scraped,1.30121862271795,103.849592475825,1 SOPHIA ROAD ONE SOPHIA SINGAPORE 228149,29811.137870159,31507.6683762148,,OK
Singapore Pools Pasir Ris N7 Branch,510735,Branch,3,34,37,matched,1.37966812044177,103.936574613663,735 PASIR RIS STREET 72 PASIR RIS WEST PLAZA SINGAPORE 510735,39491.1055120081,40182.455862198,,OK
Singapore Pools Canberra Branch,750505,Branch,3,30,33,matched,1.45026201889682,103.822534715231,505 CANBERRA LINK MONTREAL SPRING SINGAPORE 750505,26799.9278127244,47988.1264963057,,OK
Singapore Pools Ang Mo Kio N2A Branch,561226,Branch,3,32,35,matched,1.36749458006861,103.839283930528,226A ANG MO KIO AVENUE 1 KEBUN BARU MALL SINGAPORE 561226,28663.8720501205,38836.1192687955,,OK
Prime Yishun Avenue 6,760461,Authorised Retailer,3,3,6,matched,1.42841338853064,103.84997365333,461 YISHUN AVENUE 6 BLOSSOM SPRING @ YISHUN SINGAPORE 760461,29853.4621971501,45572.2185465153,,OK
Papillon Florist Pte Ltd,160133,Authorised Retailer,3,12,15,matched,1.27955093259631,103.82740093837,133 JALAN BUKIT MERAH SINGAPORE 160133,27341.4143836265,29111.7619640846,,OK
NTUC FP Century Square,529509,,3,4,7,scraped,1.35236829566862,103.943812302253,2 TAMPINES CENTRAL 5 CENTURY SQUARE SINGAPORE 529509,40296.7094797157,37163.8108075112,,OK
NTUC FairPrice Tampines Street 11,521107,Authorised Retailer (FairPrice),3,10,13,matched,1.34836421842072,103.948158723814,107 TAMPINES STREET 11 SINGAPORE 521107,40780.438895965,36721.081947986,,OK
NTUC FairPrice Senja Road,670628,Authorised Retailer (FairPrice),3,10,13,matched,1.38512867383046,103.760410617887,628 SENJA ROAD SENJA CENTRE SINGAPORE 670628,19886.2763911784,40786.13172861,,OK
NTUC FairPrice Seletar Mall,797653,Authorised Retailer (FairPrice),3,18,21,matched,1.39130622992517,103.876085067727,33 SENGKANG WEST AVENUE SHAW THEATRES SELETAR SINGAPORE 797653,32759.350083435,41469.132806832,,OK
NTUC FairPrice New Upper Changi Road,461057,Authorised Retailer (FairPrice),3,27,30,matched,1.32424554153984,103.941568704132,57 NEW UPPER CHANGI ROAD SINGAPORE 461057,40047.159125166,34054.1237742491,,OK
NTUC FairPrice Kallang Wave Mall,397628,Authorised Retailer (FairPrice),3,14,17,matched,1.30307515150401,103.873149707591,1 STADIUM PLACE KALLANG WAVE MALL SINGAPORE 397628,32432.8422906362,31712.9829503335,,OK
NTUC FairPrice Kallang Bahru,330071,Authorised Retailer (FairPrice),3,14,17,matched,1.3209929422065,103.870389998344,71 KALLANG BAHRU SINGAPORE 330071,32125.6823681211,33694.2358436473,,OK
NTUC FairPrice Hougang Mall,538766,Authorised Retailer (FairPrice),3,30,33,matched,1.37253315637342,103.893883460466,90 HOUGANG AVENUE 10 CHENG SAN LIBRARY SINGAPORE 538766,34740.131613438,39393.3438594397,,OK
NTUC FairPrice Hillion Mall,678278,Authorised Retailer (FairPrice),3,27,30,matched,1.37843100800213,103.762842789877,17 PETIR ROAD BUKIT PANJANG INTEGRATED TRANSPORT HUB SINGAPORE 678278,20156.924196275,40045.5291034393,,OK
NTUC FairPrice Eastpoint Mall,528833,Authorised Retailer (FairPrice),3,39,42,matched,1.34270592355576,103.953024618234,3 SIMEI STREET 6 EASTPOINT MALL SINGAPORE 528833,41321.990633836,36095.4413322229,,OK
NTUC FairPrice Bukit Panjang Plaza,677743,Authorised Retailer (FairPrice),3,32,35,matched,1.37948804026655,103.764594965051,1 JELEBU ROAD BUKIT PANJANG LIBRARY SINGAPORE 677743,20351.9228967195,40162.4047455806,,OK
Kwek Lee Eng Agency,199018,Authorised Retailer,3,24,27,matched,1.30397881313463,103.861554245252,200 JALAN SULTAN HOPE CHURCH SINGAPORE SINGAPORE 199018,31142.3715569228,31812.8877880257,,OK
Hougang United Football Club,538856,,3,5,8,scraped,1.36949523794775,103.885957512282,100 HOUGANG AVENUE 2 HOUGANG STADIUM SINGAPORE 538856,33858.0774988886,39057.4052893464,,OK
Giant Pioneer Mall,640638,Authorised Retailer,3,29,32,matched,1.34169239214292,103.697174842118,638 JURONG WEST STREET 61 PIONEER MALL SINGAPORE 640638,12848.6614737436,35983.4657739643,,OK
Giant Paya Lebar Square,409051,,3,26,29,scraped,1.31881487007651,103.892580778514,60 PAYA LEBAR ROAD PAYA LEBAR SQUARE SINGAPORE 409051,34595.3032159209,33453.443530187,,OK
Giant Compassvale Bow,540266,,3,18,21,scraped,1.38187771301641,103.897039857818,266 COMPASSVALE BOW SINGAPORE 540266,35091.3726167195,40426.6272025574,,OK
Everbright  Services,100108,Authorised Retailer,3,21,24,matched,1.28084469467756,103.810292618353,108 DEPOT ROAD DEPOT HEIGHTS SHOPPING CENTRE SINGAPORE 100108,25437.3978480315,29254.8302480821,,OK
7-Eleven Store Sin Ming,574369,Authorised Retailer (7-Eleven),3,16,19,matched,1.35327556197146,103.834836368264,244 UPPER THOMSON ROAD THOMSON GARDEN ESTATE SINGAPORE 574369,28168.9127276242,37263.8519722018,,OK
7-Eleven Store Circular Road,049413,Authorised Retailer (7-Eleven),3,12,15,matched,1.28606946719614,103.84924456163,58 CIRCULAR ROAD BOAT QUAY CONSERVATION AREA SINGAPORE 049413,29772.4286603387,29832.5525897108,,OK
7-Eleven Big Mac Centre,569922,Authorised Retailer,3,1,4,matched,1.36929729654979,103.84715944541,51 ANG MO KIO AVENUE 3 51 @ AMK SINGAPORE 569922,29540.3211999806,39035.4580954239,,OK
Yeo Kean Fatt Dept Store,460017,Authorised Retailer,2,6,8,matched,1.32014883000628,103.935563486677,17 BEDOK SOUTH ROAD SINGAPORE 460017,39378.8562403722,33601.1013485529,,OK
Tampines Trading - 824,520824,Authorised Retailer,2,20,22,matched,1.34903743516549,103.932714940894,824 TAMPINES STREET 81 SINGAPORE 520824,39061.7116364604,36795.4473269135,,OK
Singapore Pools Yishun N4 Branch,760415,Branch,2,35,37,matched,1.42444263730394,103.845870092641,415 YISHUN AVENUE 11 SINGAPORE 760415,29396.7992897127,45133.1499639917,,OK
Singapore Pools Toa Payoh Lorong 4 Branch,310085,Branch,2,19,21,matched,1.33628536216028,103.848428644103,85 LORONG 4 TOA PAYOH SINGAPORE 310085,29681.5903852927,35385.1676504873,,OK
Singapore Pools Northpoint City Branch,769098,Branch,2,15,17,matched,1.42946660837667,103.835790714459,930 YISHUN AVENUE 2 NORTHPOINT CITY (NORTH WING) SINGAPORE 769098,28275.1118530668,45688.6717384085,,OK
Singapore Pools Lorong Lew Lian Branch,531002,Branch,2,22,24,matched,1.35060795612848,103.875680063863,2 LORONG LEW LIAN LEW LIAN GARDENS SINGAPORE 531002,32714.358027162,36968.9227365479,,OK
Singapore Pools Lengkok Bahru Branch,152063,Branch,2,19,21,matched,1.28907506834277,103.815318433481,63B LENGKOK BAHRU LENGKOK BAHRU HEIGHTS SINGAPORE 152063,25996.7366270702,30164.8980171885,,OK
Singapore Pools Jalan Batu Branch,431007,Branch,2,20,22,matched,1.30237002555566,103.88359641393,7 JALAN BATU DI TANJONG RHU SINGAPORE 431007,33595.467508208,31635.0345080309,,OK
Singapore Pools Geylang Rd Branch,389233,,2,6,8,scraped,1.31130947616377,103.874198645525,149 GEYLANG ROAD GEYLANG CONSERVATION AREA SINGAPORE 389233,32549.564746513,32623.4942967426,,OK
Singapore Pools Fajar Road Branch,670445,Branch,2,23,25,matched,1.38358032362676,103.770768501474,445 FAJAR ROAD FAJAR SHOPPING CENTRE SINGAPORE 670445,21038.9723480316,40614.8899751026,,OK
Singapore Pools Empress Road Branch,260008,Branch,2,17,19,matched,1.31641190098174,103.805373811937,8 EMPRESS ROAD FARRER GARDENS SINGAPORE 260008,24890.0181612354,33187.6745305806,,OK
Singapore Pools Chai Chee Branch,461036,Branch,2,17,19,matched,1.32534102499628,103.92543538387,36 CHAI CHEE AVENUE ANSAR GARDEN SINGAPORE 461036,38251.6753160208,34175.1843283568,,OK
Singapore Pools Bukit Batok N3 Branch,650324,Branch,2,15,17,matched,1.36216472766267,103.747628122263,324 BUKIT BATOK STREET 33 SINGAPORE 650324,18463.6560643073,38246.9401018452,,OK
Singapore Pools Bishan N1 Branch,570152,Branch,2,12,14,matched,1.34565720294218,103.854641447626,152 BISHAN STREET 11 BISHAN GREEN SINGAPORE 570152,30373.0006963592,36421.4630514719,,OK
Singapore Pools Balestier Road Branch,320002,Branch,2,14,16,matched,1.32589620218837,103.842935480003,2 BALESTIER ROAD BALESTIER HILL SHOPPING CENTRE SINGAPORE 320002,29070.2638017088,34236.3844964262,,OK
Sheng Siong Sengkang West Ave,790455,Authorised Retailer,2,15,17,matched,1.39183688254074,103.871190376558,455 SENGKANG WEST AVENUE FERNVALE WOODS SINGAPORE 790455,32214.6340397419,41527.8003921676,,OK
Sheng Siong Marsiling Mall,738623,Authorised Retailer,2,5,7,matched,1.43354318137534,103.77988189197,4 WOODLANDS STREET 12 MARSILING MALL HAWKER CENTRE SINGAPORE 738623,22053.3037563628,46139.5079379082,,OK
Seah Koon Huat (Boon Tiong Rd),161011,,2,11,13,scraped,1.28636578139912,103.828789865335,11A BOON TIONG ROAD TIONG BAHRU VIEW SINGAPORE 161011,27495.9920684313,29865.3124154545,,OK
Seah Geok Eng Agency - Upper Serangoon View,537476,Authorised Retailer,2,18,20,matched,1.37791506138102,103.903623796196,476D UPPER SERANGOON VIEW HOUGANG CAPEVIEW SINGAPORE 537476,35824.0950025981,39988.4776468258,,OK
S E Store,600352,Authorised Retailer,2,13,15,matched,1.34492289474517,103.730400848037,352 JURONG EAST STREET 31 YUHUA PLACE SINGAPORE 600352,16546.3794579934,36340.4981624465,,OK
Prime Woodlands,730678,,2,15,17,scraped,1.43998366608733,103.801293104268,678 WOODLANDS AVENUE 6 ADMIRALTY PLACE SINGAPORE 730678,24436.0586690316,46851.6200061701,,OK
Prime Joo Seng,360001,Authorised Retailer,2,5,7,matched,1.33429242412799,103.878746207181,1 UPPER ALJUNIED LANE SINGAPORE 360001,33055.6189497802,35164.8402472492,,OK
Prime Compassvale Street,540263,Authorised Retailer,2,23,25,matched,1.39484816528775,103.896042268385,263 COMPASSVALE STREET COMPASSVALE NORTH GATE SINGAPORE 540263,34980.3154496225,41860.8319343012,,OK
Prime Admiralty Place,731678,Authorised Retailer,2,15,17,matched,1.44054545356313,103.801759723219,678A WOODLANDS AVENUE 6 MULTI STOREY CAR PARK SINGAPORE 731678,24487.9870272568,46913.7389286179,,OK
Precise Optics,179098,,2,13,15,scraped,1.29222075807721,103.850612609298,111 NORTH BRIDGE ROAD CONSULATE OF NEPAL SINGAPORE 179098,29924.6763157565,30512.7316022031,,OK
NTUC FP Shaw Plaza,329783,,2,3,5,scraped,1.32525301846661,103.850995830211,360 BALESTIER ROAD SINGAPORE 329783,29967.2997812312,34165.2694751974,,OK
NTUC FP Jurong Point,648886,,2,24,26,scraped,1.3394520043632,103.706685012926,1 JURONG WEST CENTRAL 2 GOLDEN VILLAGE (GV JURONG POINT) SINGAPORE 648886,13907.0305282837,35735.67771223,,OK
NTUC FairPrice Tiong Bahru Plaza,168732,Authorised Retailer (FairPrice),2,23,25,matched,1.28646345355064,103.826935079694,302 TIONG BAHRU ROAD GOLDEN VILLAGE (GV TIONG BAHRU) SINGAPORE 168732,27289.5699887881,29876.1129400861,,OK
NTUC FairPrice The Woodleigh Mall,367803,Authorised Retailer (FairPrice),2,18,20,matched,1.33869419209869,103.871750105256,11 BIDADARI PARK DRIVE BIDADARI COMMUNITY CENTRE SINGAPORE 367803,32277.0183821376,35651.5520587377,,OK
NTUC FairPrice Telok Blangah Street 32,101078,Authorised Retailer (FairPrice),2,9,11,matched,1.27338751489362,103.808980553946,78A TELOK BLANGAH STREET 32 MULTI STOREY CAR PARK SINGAPORE 101078,25291.3679326326,28430.2551556826,,OK
NTUC FairPrice Tai Seng,539775,Authorised Retailer (FairPrice),2,16,18,matched,1.33631557522577,103.888825620348,18 TAI SENG STREET 18 TAI SENG SINGAPORE 539775,34177.347278473,35388.5730408002,,OK
NTUC FairPrice Sengkang East Ave,540279,Authorised Retailer (FairPrice),2,10,12,matched,1.38621835522425,103.89299549602,279 SENGKANG EAST AVENUE COMPASSVALE ANCILLA SINGAPORE 540279,34641.2740479829,40906.581959093,,OK
NTUC FairPrice Punggol Plaza,820168,Authorised Retailer (FairPrice),2,36,38,matched,1.39423719717117,103.913047323223,168 PUNGGOL FIELD PUNGGOL PLAZA SINGAPORE 820168,36872.7560856491,41793.3313643504,,OK
NTUC FairPrice Le Quest,657991,Authorised Retailer (FairPrice),2,8,10,matched,1.35594171176111,103.741127005764,4 BUKIT BATOK STREET 41 LE QUEST SINGAPORE 657991,17740.1310895691,37558.856544869,,OK
NTUC FairPrice Dawson Place,142057,Authorised Retailer (FairPrice),2,18,20,matched,1.29270339855062,103.810958956467,57 DAWSON ROAD DAWSON PLACE SINGAPORE 142057,25511.5673628356,30566.1039248593,,OK
Lee Ah Lan Trading,600061,,2,8,10,scraped,1.32213636287766,103.738292803395,61 TEBAN GARDENS ROAD MULTI STOREY CAR PARK-TEBAN PLACE SINGAPORE 600061,17424.5715594292,33820.8410988878,,OK
Holland Drive Betting Centre – Lottery Lobby (Public),270047,Betting Centre,2,7,9,matched,1.30853249504926,103.792385082436,47 HOLLAND DRIVE SINGAPORE 270047,23444.4839415792,32316.4300815929,,OK
Hock Soon Ann,460073,Authorised Retailer,2,16,18,matched,1.31983803117222,103.943971359147,73 BEDOK SOUTH AVENUE 3 SIGLAP LUCKY VALLEY SINGAPORE 460073,40314.5727053983,33566.7747914363,,OK
Gerk Chwee Trading,557256,Authorised Retailer,2,24,26,matched,1.3646888567179,103.866035308524,4 KENSINGTON PARK ROAD SERANGOON GARDEN ESTATE SINGAPORE 557256,31640.9837710336,38525.9005849175,,OK
Dawn Florist - Aljunied Avenue 2,380119,Authorised Retailer,2,6,8,matched,1.32012887290025,103.886058091225,119 ALJUNIED AVENUE 2 SINGAPORE 380119,33869.3886141358,33598.7229509298,,OK
Balestier Khalsa Football Club,310070,Authorised Retailer,2,8,10,matched,1.33444874946936,103.852333287558,70 LORONG 4 TOA PAYOH TOA PAYOH VISTA SINGAPORE 310070,30116.1374758715,35182.0874286592,,OK
B.H. Mini Mart,350137,Authorised Retailer,2,6,8,matched,1.33385759374197,103.865845367722,137 POTONG PASIR AVENUE 3 SINGAPORE 350137,31619.891163365,35116.736188231,,OK
A.P. Mini Mart - Lorong 8 Toa Payoh,310234,Authorised Retailer,2,8,10,matched,1.33860148626926,103.857914069837,234 LORONG 8 TOA PAYOH TOA PAYOH EIGHT SINGAPORE 310234,30737.2154049659,35641.2813448943,,OK
A.P. Mini Mart - Bedok Reservoir Road,470121,Authorised Retailer,2,19,21,matched,1.33130517787872,103.909992224709,121 BEDOK RESERVOIR ROAD EUNOS VISTA SINGAPORE 470121,36532.9851953331,34834.6118230876,,OK
7-Eleven Store Bukit Batok West Avenue 6,650132,Authorised Retailer (7-Eleven),2,14,16,matched,1.3506524380389,103.745625196086,132 BUKIT BATOK WEST AVENUE 6 SINGAPORE 650132,18240.7075444832,36973.9763699137,,OK
7-Eleven Jalan Leban,577549,,2,12,14,scraped,1.37137207632985,103.829054256663,6 JALAN LEBAN SEMBAWANG HILLS ESTATE SINGAPORE 577549,27525.4328886895,39264.8726738058,,OK
Warriors Football Club (S),689236,,1,0,1,scraped,1.39059559281482,103.748024129362,1 CHOA CHU KANG STREET 53 CHOA CHU KANG SPORTS CENTRE SINGAPORE 689236,18507.8394811274,41390.682581896,,OK
Uni-Foto Pte Ltd,238875,,1,10,11,scraped,1.30694456840806,103.829339596247,400 ORCHARD ROAD BETHANY CHURCH SINGAPORE SINGAPORE 238875,27557.1761036655,32140.8084903043,,OK
Tuas View,639591,,1,10,11,scraped,1.31720416073204,103.652208670485,71 ACUMED MEDICAL GROUP TUAS AMENITY CENTRE SINGAPORE 639591,7844.19530003238,33275.9935105387,,OK
Singapore Racecourse - MRT Plaza (Public),738078,,1,0,1,scraped,1.41993788166264,103.767403498455,1 TURF CLUB AVENUE BUKIT TIMAH SADDLE CLUB SINGAPORE 738078,20664.6033362485,44635.1376007833,,OK
Singapore Pools Yishun N7 Branch,760761,Branch,1,25,26,matched,1.42539842469037,103.833259035976,761 YISHUN STREET 72 SINGAPORE 760761,27993.3737981999,45238.8323241491,,OK
Singapore Pools Upp Thomson Branch,574424,,1,3,4,scraped,1.35184499157062,103.836053648292,200 UPPER THOMSON ROAD THOMSON IMPERIAL COURT SINGAPORE 574424,28304.3823553799,37105.6669188309,,OK
Singapore Pools Great World City Branch,237994,,1,16,17,scraped,1.29380235105066,103.831757911057,1 KIM SENG PROMENADE BRIGHTON MONTESSORI CENTRES PTE. LTD. SINGAPORE 237994,27826.3112057392,30687.6095091309,,OK
Singapore Pools Everton Park Branch,080007,,1,15,16,scraped,1.27692435153003,103.838679504443,7 EVERTON PARK SINGAPORE 080007,28596.6282434743,28821.3280688375,,OK
Singapore Pools Changi Road Branch,419799,Branch,1,15,16,matched,1.31786851894401,103.907753065671,324 CHANGI ROAD SINGAPORE 419799,36283.8343781689,33348.8461259063,,OK
Sheng Siong Serangoon North Avenue 5,554913,Authorised Retailer,1,7,8,matched,1.37565390082777,103.872017821492,19 SERANGOON NORTH AVENUE 5 SERANGOON NORTH AMENITY CENTRE SINGAPORE 554913,32306.7469903855,39738.3695138711,,OK
Shell Station Geylang Road,389266,Authorised Retailer,1,0,1,matched,1.31198237882226,103.875582544247,203 GEYLANG ROAD SHELL GEYLANG LORONG 7 SINGAPORE 389266,32703.5783571731,32697.9029891547,,OK
Serangoon Avenue 3 Betting Centre - Lottery Lobby (Public),550267,Betting Centre,1,1,2,matched,1.35319405066769,103.870920824793,267 SERANGOON AVENUE 3 MARKET SINGAPORE 550267,32184.703604579,37254.8712192904,,OK
River Hong Bao,039805,,1,2,3,scraped,1.28866180924693,103.858941046991,20 RAFFLES AVENUE NS SQUARE SINGAPORE 039805,30851.5635796636,30119.2091919314,,OK
Prime Serangoon North,552542,,1,11,12,scraped,1.37368393003779,103.871416978631,542B SERANGOON NORTH AVENUE 3 SINGAPORE 552542,32239.8840760468,39520.5390376821,,OK
Prime Hougang,531159,,1,4,5,scraped,1.35209060355776,103.879314590828,159A HOUGANG STREET 11 FOOD CENTRE SINGAPORE 531159,33118.8370843241,37132.8737197462,,OK
Prime Buangkok Square,530991,Authorised Retailer,1,10,11,matched,1.38433426615655,103.881623070164,991 BUANGKOK LINK BUANGKOK SQUARE SINGAPORE 530991,33375.6730938945,40698.2200346421,,OK
Premier Security Co-operative Ltd,560555,Authorised Retailer,1,12,13,matched,1.37119666371478,103.85702400572,555 ANG MO KIO AVENUE 10 CHENG SAN PLACE SINGAPORE 560555,30638.1255327351,39245.4890570343,,OK
Pinthely Floral Centre,199588,,1,12,13,scraped,1.30274220636743,103.86510408137,5001 BEACH ROAD THE GOLDEN MILE SINGAPORE 199588,31537.4376343647,31676.1548654344,,OK
Ong Eng Siang Trading,160071,Authorised Retailer,1,11,12,matched,1.28424655193409,103.83250362707,71 SENG POH ROAD TIONG BAHRU ESTATE SINGAPORE 160071,27909.3025665423,29630.9785330202,,OK
NTUC FP Square 2,307506,,1,3,4,scraped,1.32044103104797,103.844192628979,10 SINARAN DRIVE NOVENA MEDICAL CENTRE SINGAPORE 307506,29210.1744085718,33633.1802354679,,OK
NTUC FP Hougang Point,538692,,1,5,6,scraped,1.37571530699875,103.879472337592,1 HOUGANG STREET 91 HOUGANG 1 SINGAPORE 538692,33136.3424516348,39745.1742408983,,OK
NTUC FP Coronation,269707,,1,7,8,scraped,1.32383512178759,103.809999570047,587 BUKIT TIMAH ROAD CORONATION SHOPPING PLAZA SINGAPORE 269707,25404.8279538844,34008.4909447618,,OK
NTUC Foodfare - Seletar Mall,797653,Authorised Retailer (FairPrice),1,1,2,matched,1.39130622992517,103.876085067727,33 SENGKANG WEST AVENUE SHAW THEATRES SELETAR SINGAPORE 797653,32759.350083435,41469.132806832,,OK
NTUC FairPrice Zhongshan Mall,329984,Authorised Retailer (FairPrice),1,5,6,matched,1.32702991607724,103.846490871841,20 AH HOOD ROAD RAMADA SINGAPORE AT ZHONGSHAN PARK SINGAPORE 329984,29465.9422912654,34361.7465850394,,OK
NTUC FairPrice Wisteria Mall,768698,Authorised Retailer (FairPrice),1,13,14,matched,1.41795288501536,103.841268831617,598 YISHUN RING ROAD WISTERIA MALL SINGAPORE 768698,28884.7489383351,44415.5435907897,,OK
NTUC FairPrice VivoCity,098585,Authorised Retailer (FairPrice),1,12,13,matched,1.26431382492761,103.82207343835,1 HARBOURFRONT WALK GOLDEN VILLAGE (GV VIVOCITY) SINGAPORE 098585,26748.4993302505,27426.9234353155,,OK
NTUC FairPrice Paya Lebar Quarter,409057,Authorised Retailer (FairPrice),1,6,7,matched,1.31770886898996,103.893414663597,10 PAYA LEBAR ROAD PAYA LEBAR QUARTER SINGAPORE 409057,34688.1094547315,33331.1497676186,,OK
NTUC FairPrice Hougang Street 21,530202,Authorised Retailer (FairPrice),1,22,23,matched,1.35754686861981,103.883962381949,202 HOUGANG STREET 21 KINDERLAND PRESCHOOL SINGAPORE 530202,33636.0713122012,37736.2101912573,,OK
NTUC FairPrice Compassvale Link,543277,Authorised Retailer (FairPrice),1,11,12,matched,1.38233698966981,103.893607838756,277C COMPASSVALE LINK ASPELLA SINGAPORE 543277,34709.4308580896,40477.4017452449,,OK
NTUC FairPrice Canberra Plaza,750133,Authorised Retailer (FairPrice),1,7,8,matched,1.44349544527985,103.830345369213,133 CANBERRA VIEW CANBERRA PLAZA SINGAPORE 750133,27669.1282042367,47239.9100809004,,OK
NTUC FairPrice Bukit Timah Plaza,588996,Authorised Retailer (FairPrice),1,15,16,matched,1.33875930729064,103.778600077834,1 JALAN ANAK BUKIT BUKIT TIMAH PLAZA SINGAPORE 588996,21910.4149615103,35658.7866516709,,OK
NTUC FairPrice Bishan Street 13,570510,Authorised Retailer (FairPrice),1,13,14,matched,1.34888843900173,103.849691980373,510 BISHAN STREET 13 SINGAPORE 570510,29822.1770275719,36778.7523848675,,OK
NTUC FairPrice Bedok North Street 1,460212,Authorised Retailer (FairPrice),1,43,44,matched,1.32594069200441,103.931640022396,212 BEDOK NORTH STREET 1 SINGAPORE 460212,38942.187303599,34241.5190663803,,OK
NTUC FairPrice Anchorvale Village,540339,Authorised Retailer (FairPrice),1,1,2,matched,1.39679315311901,103.888437344772,339 ANCHORVALE ROAD ANCHORVALE VILLAGE SINGAPORE 540339,34133.9829132929,42075.8777559884,,OK
Ichido Kopitiam City,543277,Authorised Retailer (FairPrice),1,8,9,matched,1.38233698966981,103.893607838756,277C COMPASSVALE LINK ASPELLA SINGAPORE 543277,34709.4308580896,40477.4017452449,,OK
Hin Teck Leong Trading Company - Whampoa Drive,320074,Authorised Retailer,1,15,16,matched,1.32471579654689,103.857752875203,74 WHAMPOA DRIVE WHAMPOA COURT SINGAPORE 320074,30719.2913709041,34105.8726130631,,OK
Hao Mart Geylang Lorong 24,389407,,1,6,7,scraped,1.31317460794729,103.8836465666,448A GEYLANG ROAD GEYLANG CONSERVATION AREA SINGAPORE 389407,33601.025103502,32829.7502051555,,OK
Goh Geok Kwee Agency - Redhill Lane,150084,Authorised Retailer,1,13,14,matched,1.28708575062296,103.818851050403,84 REDHILL LANE SINGAPORE 150084,26389.8856514953,29944.9270194583,,OK
Giant VivoCity,098585,Authorised Retailer (FairPrice),1,3,4,matched,1.26431382492761,103.82207343835,1 HARBOURFRONT WALK GOLDEN VILLAGE (GV VIVOCITY) SINGAPORE 098585,26748.4993302505,27426.9234353155,,OK
Giant Sembawang Shopping Centre,758459,,1,13,14,scraped,1.44175296834191,103.82479165671,604 SEMBAWANG ROAD MY FIRST SKOOL SINGAPORE 758459,27051.0859117657,47047.237293398,,OK
Giant Greenridge Shopping Centre,671524,Authorised Retailer (FairPrice),1,11,12,matched,1.38529556252963,103.766170532051,524A JELAPANG ROAD AMAZING STAR MONTESSORI HOUSE (GREENRIDGE) SINGAPORE 671524,20527.2820040528,40804.5665046293,,OK
Giant Edgefield Plains,820671,,1,10,11,scraped,1.40566048045603,103.911991277154,671 EDGEFIELD PLAINS WATERWAY BANKS SINGAPORE 820671,36755.1896675825,43056.4574567489,,OK
Giant Buangkok Crescent,530982,Authorised Retailer,1,17,18,matched,1.3808503546459,103.879309094304,982 BUANGKOK CRESCENT SINGAPORE 530982,33118.1645297259,40312.9815477617,,OK
Clifford Gift Shop - Ang Mo Kio Avenue 10,560555,Authorised Retailer,1,0,1,matched,1.37119666371478,103.85702400572,555 ANG MO KIO AVENUE 10 CHENG SAN PLACE SINGAPORE 560555,30638.1255327351,39245.4890570343,,OK
Chua Seng Dept Store,469526,,1,3,4,scraped,1.33127233921191,103.947268283784,343 BEDOK ROAD SINGAPORE 469526,40681.4305051463,34831.1409933958,,OK
Chop Yeo Thong Heng (International Plaza),079903,,1,3,4,scraped,1.27573568143134,103.845703218601,10 ANSON ROAD CONSULATE-GENERAL OF THE REPUBLIC OF MALTA SINGAPORE 079903,29378.3123014215,28689.89376867,,OK
Choice Decor Bedok North,460416,,1,12,13,scraped,1.32840382815915,103.930684870347,416 BEDOK NORTH AVENUE 2 GARDEN HILL SINGAPORE 460416,38835.8776697489,34513.8762255888,,OK
China Square Betting Centre - Lottery Lobby (Public),048441,,1,2,3,scraped,1.28286636225753,103.849289233227,51 TELOK AYER STREET CHINA SQUARE FOOD CENTRE SINGAPORE 048441,29777.4024467627,29478.3698108234,,OK
Cheers Bedok North Street 3,460539,,1,18,19,scraped,1.33131386579703,103.925307290709,539 BEDOK NORTH STREET 3 SINGAPORE 460539,38237.3952445192,34835.6307644919,,OK
Bukit Merah Betting Centre - Lottery Lobby (Public),150169,Betting Centre,1,2,3,matched,1.28333217787948,103.819138070812,169 JALAN BUKIT MERAH CONNECTION ONE (TOWER 2) SINGAPORE 150169,26421.8263045289,29529.8761425521,,OK
7-Eleven Store Upper Thomson Road,787113,Authorised Retailer (7-Eleven),1,12,13,matched,1.39896558669188,103.81813440567,912 UPPER THOMSON ROAD SINGAPORE 787113,26310.2060318626,42316.0280552488,,OK
7-Eleven Store Clementi Street 11,120109,Authorised Retailer (7-Eleven),1,7,8,matched,1.32198067655559,103.770776117357,109 CLEMENTI STREET 11 SUNSET WAY RESIDENCE SINGAPORE 120109,21039.6443275381,33803.5113766864,,OK
7-Eleven Erskine Rd,069320,,1,8,9,scraped,1.2812137246811,103.845162755022,7B ERSKINE ROAD TELOK AYER CONSERVATION AREA SINGAPORE 069320,29318.1601925567,29295.6271920782,,OK
7-Eleven Balestier Rd,329722,,1,1,2,scraped,1.32242229055037,103.852590390225,271 BALESTIER ROAD VICTORY POINT SINGAPORE 329722,30144.7606670856,33852.263412701,,OK
Xie Sheng Departmental Service Company - City Plaza,409286,Authorised Retailer,0,1,1,matched,1.3147868971977,103.893472115119,810 GEYLANG ROAD CITY PLAZA SINGAPORE 409286,34694.5110424841,33008.0531160496,,OK
Thiam Hoon Traders,150123,,0,7,7,scraped,1.28685131551792,103.804019034892,123 BUKIT MERAH LANE 1 SINGAPORE 150123,24739.2066005729,29919.0185637046,,OK
The Little Plaza,610399,Authorised Retailer,0,1,1,matched,1.3350420286067,103.72026802061,399 YUNG SHENG ROAD IMAN CHILDCARE (JURONG) PTE. LTD. SINGAPORE 610399,15418.6544969035,35247.9702959526,,OK
Tampines Rovers Football Club,520824,Authorised Retailer,0,2,2,matched,1.34903743516549,103.932714940894,824 TAMPINES STREET 81 SINGAPORE 520824,39061.7116364604,36795.4473269135,,OK
STC Racecourse - Kranji 1,738078,,0,1,1,scraped,1.41993788166264,103.767403498455,1 TURF CLUB AVENUE BUKIT TIMAH SADDLE CLUB SINGAPORE 738078,20664.6033362485,44635.1376007833,,OK
Singapore Pools Woodlands Centre,731001,,0,2,2,scraped,1.443578459984722,103.77085901032147,manual,,,WOODLANDS,OK
Singapore Pools Upp Serangoon Branch,534766,,0,3,3,scraped,1.36294140003047,103.888499486331,1028 UPPER SERANGOON ROAD TAI PENG GARDENS SINGAPORE 534766,34140.9852297176,38332.7212929744,,OK
Singapore Pools Rochor Centre Branch,180001,,0,1,1,scraped,1.3052787317021182,103.85491101759817,manual,,,ROCHOR,OK
Singapore Pools Commonwealth Crescent Branch,140116,Branch,0,18,18,matched,1.30697208675745,103.800028892853,116 COMMONWEALTH CRESCENT SINGAPORE 140116,24295.1665017251,32143.8755450938,,OK
Sheng Siong Woodlands Drive 16,730573,Authorised Retailer,0,6,6,matched,1.43109807246887,103.798507621177,573 WOODLANDS DRIVE 16 WOODLANDS GLEN SINGAPORE 730573,24126.0623640306,45869.1000973862,,OK
Sheng Siong Tampines Avenue 9,521602,Authorised Retailer,0,7,7,matched,1.36113645824177,103.937425593435,602A TAMPINES AVENUE 9 TAMPINES GREENRIDGES SINGAPORE 521602,39585.8980569821,38133.3196905479,,OK
Sheng Siong Senja Close,670643,Authorised Retailer,0,2,2,matched,1.38790584193931,103.763017336135,643 SENJA CLOSE SENJA VALLEY SINGAPORE 670643,20176.3800627245,41093.2083536331,,OK
Sheng Siong Jalan Berseh,209037,Authorised Retailer,0,9,9,matched,1.30778509510261,103.857010982845,1 JALAN BERSEH SINGAPORE 209037,30636.7439808864,32233.7616801765,,OK
Sheng Siong Clementi Avenue 6,121209,Authorised Retailer,0,1,1,matched,1.32220922708728,103.76364056113,209A CLEMENTI AVENUE 6 CLEMENTI NORTHARC SINGAPORE 121209,20245.5280282265,33828.804484332,,OK
Sheng Siong Canberra Street,750105,Authorised Retailer,0,4,4,matched,1.44885564679911,103.832409172149,105 CANBERRA STREET EASTBROOK @ CANBERRA SINGAPORE 750105,27898.7975179693,47832.6140756272,,OK
Shell Station Tuas South Avenue 5,637365,Authorised Retailer,0,4,4,matched,1.28941779146838,103.625751502111,121 TUAS SOUTH AVENUE 5 SINGAPORE 637365,4899.49959083647,30203.729206983,,OK
Seng Yeok Chan Agency,560338,Authorised Retailer,0,29,29,matched,1.36389570157547,103.848986957428,338 ANG MO KIO AVENUE 1 SINGAPORE 560338,29743.7051004898,38438.1784593314,,OK
Rangoon Betting Centre - Lottery Lobby (Public),210677,Betting Centre,0,6,6,matched,1.31252896906352,103.855137853723,677 RANGOON ROAD SINGAPORE 210677,30428.277571355,32758.3130115084,,OK
Prime Century Square,529509,,0,15,15,scraped,1.35236829566862,103.943812302253,2 TAMPINES CENTRAL 5 CENTURY SQUARE SINGAPORE 529509,40296.7094797157,37163.8108075112,,OK
Prime Bidadari,340106,,0,1,1,scraped,1.33369947750043,103.870796085779,106 BIDADARI PARK DRIVE ALKAFF VISTA SINGAPORE 340106,32170.8546097009,35099.2603322044,,OK
Poon Long Heng,760716,,0,2,2,scraped,1.42621096565013,103.827704108295,716 YISHUN STREET 71 AAVC-ANIMAL & AVIAN VETERINARY CLINIC SINGAPORE 760716,27375.1923638079,45328.6797767468,,OK
NTUC FP Punggol Walk,823308,,0,7,7,scraped,1.40800694944027,103.899074357998,308C PUNGGOL WALK WATERWAY TERRACES I SINGAPORE 823308,35317.7061565025,43315.8738724664,,OK
NTUC FairPrice The Woodgrove,739065,Authorised Retailer (FairPrice),0,17,17,matched,1.42898765704375,103.780916973423,30 WOODLANDS AVENUE 1 THE WOODGROVE SINGAPORE 739065,22168.4812132791,45635.7781039141,,OK
NTUC FairPrice Tampines North Drive 2,520633,Authorised Retailer (FairPrice),0,1,1,matched,1.36551980812276,103.941330282181,633 TAMPINES NORTH DRIVE 2 TAMPINES GREENCOURT SINGAPORE 520633,40020.4232032727,38618.0281549972,,OK
NTUC FairPrice Sengkang East Drive,542170,Authorised Retailer (FairPrice),0,1,1,matched,1.38671838587829,103.909029340508,170B SENGKANG EAST DRIVE RIVERVALE SHORES SINGAPORE 542170,36425.6340704309,40961.9238497186,,OK
NTUC FairPrice Killiney Road,239571,Authorised Retailer (FairPrice),0,19,19,matched,1.29731616717126,103.838541255824,131 KILLINEY ROAD CGH BUILDING SINGAPORE 239571,28581.2376699178,31076.1497184802,,OK
NTUC FairPrice Greenridge Shopping Centre,671524,Authorised Retailer (FairPrice),0,1,1,matched,1.38529556252963,103.766170532051,524A JELAPANG ROAD AMAZING STAR MONTESSORI HOUSE (GREENRIDGE) SINGAPORE 671524,20527.2820040528,40804.5665046293,,OK
Majestic Betting Centre - Lottery Lobby (Public),059810,Betting Centre,0,6,6,matched,1.28471077015851,103.843197416212,80 EU TONG SEN STREET THE MAJESTIC SINGAPORE 059810,29099.4325127937,29682.3114897367,,OK
Lee Wah TV & Electric Co,389561,,0,14,14,scraped,1.31431455112293,103.887423323191,623A GEYLANG ROAD GEYLANG CONSERVATION AREA SINGAPORE 389561,34021.3394919736,32955.8080941774,,OK
Keppel Credit Union Co-operative Ltd,150001,,0,7,7,scraped,1.28645354030174,103.808242400418,1 JALAN BUKIT MERAH BRICKWORKS ESTATE SINGAPORE 150001,25209.2313396903,29875.0296186805,,OK
Jurong East Betting Centre - Lottery Lobby (Public),600352,Authorised Retailer,0,2,2,matched,1.34492289474517,103.730400848037,352 JURONG EAST STREET 31 YUHUA PLACE SINGAPORE 600352,16546.3794579934,36340.4981624465,,OK
Hao Mart Westgate,608532,,0,1,1,scraped,1.33402529481694,103.742586014944,3 GATEWAY DRIVE MY FIRST SKOOL SINGAPORE 608532,17902.4121881062,35135.4420140442,,OK
Hao Mart Punggol Walk,823308,,0,4,4,scraped,1.40800694944027,103.899074357998,308C PUNGGOL WALK WATERWAY TERRACES I SINGAPORE 823308,35317.7061565025,43315.8738724664,,OK
Giant Tanjong Katong,400845,,0,2,2,scraped,1.31639445681762,103.894359081999,845 GEYLANG ROAD TANJONG KATONG COMPLEX SINGAPORE 400845,34793.2176312367,33185.8112940397,,OK
Giant Plantation Plaza,690127,Authorised Retailer,0,2,2,matched,1.35759319436135,103.734174851203,127 PLANTATION CRESCENT PLANTATION PLAZA SINGAPORE 690127,16966.4424405927,37741.4999148957,,OK
Geylang International FC,469642,,0,2,2,scraped,1.32609868101702,103.93881875464,1 BEDOK NORTH STREET 2 BEDOK STADIUM SINGAPORE 469642,39741.1081005028,34259.0215885006,,OK
Fortune Supermarket Sembawang Drive,750463,Authorised Retailer,0,1,1,matched,1.45551208632599,103.814540285666,463 SEMBAWANG DRIVE SEMBAWANG RIVERLODGE SINGAPORE 750463,25910.2799453475,48568.6584937908,,OK
Food Republic i12 Katong,428802,,0,2,2,scraped,1.30520653617341,103.905046110228,112 EAST COAST ROAD 112 KATONG SINGAPORE 428802,35982.6165148774,31948.7392463963,,OK
Cold Storage Aperia Mall,339511,Authorised Retailer,0,2,2,matched,1.30974242004976,103.864101650501,12 KALLANG AVENUE JOSIAH BABIES (APERIA) SINGAPORE 339511,31425.8666985128,32450.2011911739,,OK
Choice Decor Co-Operative Society Ltd,570022,,0,18,18,scraped,1.3572844410824,103.839396679952,22 SIN MING ROAD SINGAPORE 570022,28676.4225484971,37707.1341607384,,OK
China Square Betting Centre - Level 2,048441,,0,1,1,scraped,1.28286636225753,103.849289233227,51 TELOK AYER STREET CHINA SQUARE FOOD CENTRE SINGAPORE 048441,29777.4024467627,29478.3698108234,,OK
Cheers Woodlands Centre,731005,,0,4,4,scraped,1.4416756560120672,103.77002767602397,manual,,,WOODLANDS,OK
Cheers Northshore Plaza II,820418,Authorised Retailer,0,6,6,matched,1.41796176594116,103.901323351032,418 NORTHSHORE DRIVE NORTHSHORE PLAZA II SINGAPORE 820418,35567.9557922808,44416.6351753548,,OK
Cheers Maude Rd,208358,,0,2,2,scraped,1.30830240671003,103.857735757768,87 MAUDE ROAD DESKER ROAD CONSERVATION AREA SINGAPORE 208358,30717.4041318512,32290.9641134925,,OK
Bukit Merah Betting Centre,150169,Betting Centre,0,1,1,matched,1.28331722010432,103.818863104657,169 JALAN BUKIT MERAH CONNECTION ONE SINGAPORE 150169,26391.2248281669,29528.2223604582,,OK
Bedok Betting Centre - Lottery Lobby (Public),460215,Betting Centre,0,4,4,matched,1.32607594879214,103.933497473796,215 BEDOK NORTH STREET 1 SINGAPORE 460215,39148.9025589321,34256.4833759218,,OK
ACE Signature Geylang Road,389409,Authorised Retailer,0,2,2,matched,1.31318416956181,103.883694389395,450 GEYLANG ROAD GEYLANG CONSERVATION AREA SINGAPORE 389409,33606.3473046869,32830.807586899,,OK
7-Eleven Store Tai Thong Crescent,347857,,0,6,6,scraped,1.32908239719806,103.869753021979,27 TAI THONG CRESCENT SENNETT ESTATE SINGAPORE 347857,32054.7800400155,34588.7254079673,,OK
7-Eleven Store Esplanade MRT Station,189562,Authorised Retailer (7-Eleven),0,11,11,matched,1.2936577245386,103.855081226245,90 BRAS BASAH ROAD ESPLANADE MRT STATION (CC3) SINGAPORE 189562,30421.9934839159,30671.6277715843,,OK
7-Eleven Store Bedok Road,469539,,0,3,3,scraped,1.33144709315919,103.947134707266,351 BEDOK ROAD SINGAPORE 469539,40666.5639006561,34850.4637412522,,OK
7-Eleven Kim Tian,169247,,0,1,1,scraped,1.28508532787771,103.829289490938,8A KIM TIAN ROAD KAI FOOK MANSION SINGAPORE 169247,27551.5959889907,29723.7263848893,,OK
108 LIV@Changi/ 933 Upper Changi Road North #01-01,506785,Authorised Retailer,0,0,0,gra_only,1.35863780430651,103.969451984305,933 UPPER CHANGI ROAD NORTH LIV@CHANGI SINGAPORE 506785,43150.0838368461,37857.2079695649,,OK
109 New Tech Park/151 Lorong Chuan #01-22 ACE Sign,556741,Authorised Retailer,0,0,0,gra_only,1.35206196118771,103.860698338514,151 LORONG CHUAN MINDCHAMPS PRESCHOOL @ SERANGOON PTE. LIMITED SINGAPORE 556741,31047.0580999488,37129.6753019076,,OK
212 SingPost Centre/ 10 Eunos Road 8 #B1-101 to 10,408600,Authorised Retailer (FairPrice),0,0,0,gra_only,1.31893132637472,103.894482925602,10 EUNOS ROAD 8 GENERAL POST OFFICE SINGAPORE 408600,34806.9933473254,33466.3257959317,,OK
254 11 Bukit Batok West Avenue 3 Shell Station Buk,659166,Authorised Retailer,0,0,0,gra_only,1.35022742637166,103.738433107817,11 BUKIT BATOK WEST AVENUE 3 SHELL BUKIT BATOK ROAD SINGAPORE 659166,17440.3060378162,36927.0107502993,,OK
258 Block 212 Bidadari Park Drive #03-10 Sheng Sio,360212,Authorised Retailer,0,0,0,gra_only,1.34279948643004,103.875178060687,212 BIDADARI PARK DRIVE WOODLEIGH HILLSIDE SINGAPORE 360212,32658.5055156527,36105.5008663442,,OK
290 Block 537 Bedok North Street 3 #01-573 Tan Wee,460537,Authorised Retailer,0,0,0,gra_only,1.33177300757048,103.924236461237,537 BEDOK NORTH STREET 3 SINGAPORE 460537,38118.220991157,34886.3959543705,,OK
291 33 Jalan Buroh Smart Energy Jalan Buroh 619487,619487,Authorised Retailer,0,0,0,gra_only,1.31479672339923,103.71490670103,33 JALAN BUROH SMART ENERGY JALAN BUROH SINGAPORE 619487,14821.8878425993,33009.3715894204,,OK
292 50 Old Toh Tuck Road Cnergy Old Toh Tuck Road,597657,Authorised Retailer,0,0,0,gra_only,1.33414944334068,103.758794815698,50 OLD TOH TUCK ROAD CNERGY CNG STATION SINGAPORE 597657,19706.2841635775,35149.1091588754,,OK
293 Block 215C Compassvale Drive #01-01 U Stars Co,543215,Authorised Retailer,0,0,0,gra_only,1.38977026274295,103.892787161183,215C COMPASSVALE DRIVE COMPASSVALE MAST SINGAPORE 543215,34618.0791775044,41299.3335043564,,OK
