sn,outlet_name,full_address,building,street,unit,postal_code,outlet_type
1,1 Marina Bay Sands/ 2 Bayfront Avenue #01-01 Livew,1 Marina Bay Sands/ 2 Bayfront Avenue #01-01 Livewire - Marina Bay Sands 018972,,,,018972,Livewire
2,2 Singapore Pools/ 210 Middle Road #01-01 Livewire,2 Singapore Pools/ 210 Middle Road #01-01 Livewire - Singapore Pools 188994,,,,188994,Livewire
3,3 The Majestic/ 80 Eu Tong Sen Street #03 Livewire,3 The Majestic/ 80 Eu Tong Sen Street #03 Livewire -Majestic 059810,,,,059810,Livewire
4,1 Block 215 Bedok North Street 1 #02-87 OCB - Bedo,1 Block 215 Bedok North Street 1 #02-87 OCB - Bedok Centre 460215,,,,460215,Betting Centre
5,2 Connection ONE Tower 2/ Block 169 Jalan Bukit Me,2 Connection ONE Tower 2/ Block 169 Jalan Bukit Merah #01-20 (including basement)/#02-20 OCB- Bukit Merah 150169,,,,150169,Betting Centre
6,3 Block 47 Holland Drive #01-385 OCB- Holland Driv,3 Block 47 Holland Drive #01-385 OCB- Holland Drive 270047,,,,270047,Betting Centre
7,4 Block 352 Jurong East Street 31 #01-129 OCB- Jur,4 Block 352 Jurong East Street 31 #01-129 OCB- Jurong East 600352,,,,600352,Betting Centre
8,5 The Majestic/ 80 Eu Tong Sen Street #01/#02 OCB ,5 The Majestic/ 80 Eu Tong Sen Street #01/#02 OCB - The Majestic 059810,,,,059810,Betting Centre
9,6 Block 677 Rangoon Road #02-00/#03-00/#04-00 OCB-,6 Block 677 Rangoon Road #02-00/#03-00/#04-00 OCB- Rangoon 210677,,,,210677,Betting Centre
10,7 Block 267 Serangoon Avenue 3 #02-01/#03-02 OCB -,7 Block 267 Serangoon Avenue 3 #02-01/#03-02 OCB - Serangoon Avenue 3 550267,,,,550267,Betting Centre
11,1 Block 308 Anchorvale Road #01-05 SPPL Branch - A,1 Block 308 Anchorvale Road #01-05 SPPL Branch - Anchorvale Road 540308,,,,540308,Branch
12,2 Block 202 Ang Mo Kio Avenue 3 #01-1662/1664 SPPL,2 Block 202 Ang Mo Kio Avenue 3 #01-1662/1664 SPPL Branch - Ang Mo Kio N2 560202,,,,560202,Branch
13,3 Block 226A Ang Mo Kio Avenue 1 #01-625 SPPL Bran,3 Block 226A Ang Mo Kio Avenue 1 #01-625 SPPL Branch - Ang Mo Kio N2A 561226,,,,561226,Branch
14,4 Block 447 Ang Mo Kio Avenue 10 #01-1685 SPPL Bra,4 Block 447 Ang Mo Kio Avenue 10 #01-1685 SPPL Branch - Ang Mo Kio N4 560447,,,,560447,Branch
15,5 Block 630 Ang Mo Kio Avenue 4 #01-968 SPPL Branc,5 Block 630 Ang Mo Kio Avenue 4 #01-968 SPPL Branch - Ang Mo Kio N6 560630,,,,560630,Branch
16,6 Block 726 Ang Mo Kio Avenue 6 #01-4158 SPPL Bran,6 Block 726 Ang Mo Kio Avenue 6 #01-4158 SPPL Branch - Ang Mo Kio N7 560726,,,,560726,Branch
17,7 Block 2 Balestier Road #01-641 SPPL Branch - Bal,7 Block 2 Balestier Road #01-641 SPPL Branch - Balestier Road 320002,,,,320002,Branch
18,8 Block 509 Bedok North Street 3 #01-129 SPPL Bran,8 Block 509 Bedok North Street 3 #01-129 SPPL Branch - Bedok North 460509,,,,460509,Branch
19,9 Block 204 Bedok North Street 1 #01-415 SPPL Bran,9 Block 204 Bedok North Street 1 #01-415 SPPL Branch - Bedok Town Centre 460204,,,,460204,Branch
20,10 The Bencoolen/ 180 Bencoolen Street #01-59 SPPL,10 The Bencoolen/ 180 Bencoolen Street #01-59 SPPL Branch - Bencoolen 189646,,,,189646,Branch
21,11 Block 36 Beo Crescent #01-45 SPPL Branch - Beo ,11 Block 36 Beo Crescent #01-45 SPPL Branch - Beo Crescent 160036,,,,160036,Branch
22,12 Block 152 Bishan Street 11 #01-211 SPPL Branch ,12 Block 152 Bishan Street 11 #01-211 SPPL Branch - Bishan N1 570152,,,,570152,Branch
23,13 Block 279 Bishan Street 24 #01-52 SPPL Branch -,13 Block 279 Bishan Street 24 #01-52 SPPL Branch - Bishan N2 570279,,,,570279,Branch
24,14 Block 642 Bukit Batok Central #01-54/56 (part o,14 Block 642 Bukit Batok Central #01-54/56 (part of) SPPL Branch - Bukit Batok Central 650642,,,,650642,Branch
25,15 Block 324 Bukit Batok Street 33 #01-47 SPPL Bra,15 Block 324 Bukit Batok Street 33 #01-47 SPPL Branch - Bukit Batok N3 650324,,,,650324,Branch
26,16 Block 374 Bukit Batok Street 31 #01-170 SPPL Br,16 Block 374 Bukit Batok Street 31 #01-170 SPPL Branch - Bukit Gombak 650374,,,,650374,Branch
27,17 Block 257 Bangkit Road #01-49 SPPL Branch - Buk,17 Block 257 Bangkit Road #01-49 SPPL Branch - Bukit Panjang 670257,,,,670257,Branch
28,18 Block 505 Canberra Link #01-02 SPPL Branch - Ca,18 Block 505 Canberra Link #01-02 SPPL Branch - Canberra 750505,,,,750505,Branch
29,19 Block 36 Chai Chee Avenue #01-167 SPPL Branch -,19 Block 36 Chai Chee Avenue #01-167 SPPL Branch - Chai Chee 461036,,,,461036,Branch
30,20 324K Changi Road SPPL Branch - Changi Road 4197,20 324K Changi Road SPPL Branch - Changi Road 419799,,,,419799,Branch
31,21 5 Cheong Chin Nam Road SPPL Branch - Cheong Chi,21 5 Cheong Chin Nam Road SPPL Branch - Cheong Chin Nam Road 599730,,,,599730,Branch
32,22 Block 52 Chin Swee Road #01-65/69 SPPL Branch -,22 Block 52 Chin Swee Road #01-65/69 SPPL Branch - Chin Swee 160052,,,,160052,Branch
33,23 People's Park Centre/ 101 Upper Cross Street #0,23 People's Park Centre/ 101 Upper Cross Street #01-12 SPPL Branch - Chinatown 058357,,,,058357,Branch
34,24 Chinatown Point/ 133 New Bridge Road #B1-06 SPP,24 Chinatown Point/ 133 New Bridge Road #B1-06 SPPL Branch - Chinatown Point 059413,,,,059413,Branch
35,25 Block 64 Circuit Road #01-355 SPPL Branch - Cir,25 Block 64 Circuit Road #01-355 SPPL Branch - Circuit Road 64 370064,,,,370064,Branch
36,26 Block 88 Circuit Road #01-961 SPPL Branch - Cir,26 Block 88 Circuit Road #01-961 SPPL Branch - Circuit Road 88 370088,,,,370088,Branch
37,27 Block 325 Clementi Avenue 5 #01-145 SPPL Branch,27 Block 325 Clementi Avenue 5 #01-145 SPPL Branch - Clementi N3 120325,,,,120325,Branch
38,28 Block 722 Clementi West Street 2 #01-164 SPPL B,28 Block 722 Clementi West Street 2 #01-164 SPPL Branch - Clementi N7 120722,,,,120722,Branch
39,29 Block 446 Clementi Avenue 3 #01-183 SPPL Branch,29 Block 446 Clementi Avenue 3 #01-183 SPPL Branch - Clementi Town Centre 120446,,,,120446,Branch
40,30 Block 116 Commonwealth Crescent #01-135 SPPL Br,30 Block 116 Commonwealth Crescent #01-135 SPPL Branch - Commonwealth Crescent 140116,,,,140116,Branch
41,31 Block 8 Empress Road #01-35 SPPL Branch - Empre,31 Block 8 Empress Road #01-35 SPPL Branch - Empress Road 260008,,,,260008,Branch
42,32 Block 445 Fajar Road #02-540 SPPL Branch - Faja,32 Block 445 Fajar Road #02-540 SPPL Branch - Fajar Road 670445,,,,670445,Branch
43,33 Funan/ 107 North Bridge Road #B1-02 SPPL Branch,33 Funan/ 107 North Bridge Road #B1-02 SPPL Branch - Funan 179105,,,,179105,Branch
44,34 Block 57 Geylang Bahru #01-3503 SPPL Branch - G,34 Block 57 Geylang Bahru #01-3503 SPPL Branch - Geylang Bahru 330057,,,,330057,Branch
45,35 Block 21 Ghim Moh Road #01-161 SPPL Branch - Gh,35 Block 21 Ghim Moh Road #01-161 SPPL Branch - Ghim Moh 270021,,,,270021,Branch
46,36 Block 46 Holland Drive #01-371/373 SPPL Branch ,36 Block 46 Holland Drive #01-371/373 SPPL Branch - Holland Drive 270046,,,,270046,Branch
47,37 Block 106 Hougang Avenue 1 #01-1209/1211 SPPL B,37 Block 106 Hougang Avenue 1 #01-1209/1211 SPPL Branch - Hougang N1 530106,,,,530106,Branch
48,38 Block 211 Hougang Street 21 #01-309 SPPL Branch,38 Block 211 Hougang Street 21 #01-309 SPPL Branch - Hougang N2 530211,,,,530211,Branch
49,39 Block 322 Hougang Avenue 5 #01-70 SPPL Branch -,39 Block 322 Hougang Avenue 5 #01-70 SPPL Branch - Hougang N3 530322,,,,530322,Branch
50,40 IMM Building/ 2 Jurong East Street 21 #02-63 SP,40 IMM Building/ 2 Jurong East Street 21 #02-63 SPPL Branch - IMM 609601,,,,609601,Branch
51,41 Block 7 Jalan Batu #01-99 SPPL Branch - Jalan B,41 Block 7 Jalan Batu #01-99 SPPL Branch - Jalan Batu 431007,,,,431007,Branch
52,42 Block 43 Jalan Tiga #01-08 SPPL Branch - Jalan ,42 Block 43 Jalan Tiga #01-08 SPPL Branch - Jalan Tiga 390043,,,,390043,Branch
53,43 Block 351 Jurong East Street 31 #01-93 SPPL Bra,43 Block 351 Jurong East Street 31 #01-93 SPPL Branch - Jurong East 600351,,,,600351,Branch
54,44 Block 276 Jurong West Street 25 #01-05 SPPL Bra,44 Block 276 Jurong West Street 25 #01-05 SPPL Branch - Jurong West N2 640276,,,,640276,Branch
55,45 Block 498 Jurong West Street 41 #01-472 SPPL Br,45 Block 498 Jurong West Street 41 #01-472 SPPL Branch - Jurong West N4 640498,,,,640498,Branch
56,46 Block 508 Jurong West Street 52 #01-166 SPPL Br,46 Block 508 Jurong West Street 52 #01-166 SPPL Branch - Jurong West N5 640508,,,,640508,Branch
57,47 Block 803 King George's Avenue #01-200/202 SPPL,47 Block 803 King George's Avenue #01-200/202 SPPL Branch - King George's Ave 200803,,,,200803,Branch
58,48 Block 63B Lengkok Bahru #01-364 SPPL Branch - L,48 Block 63B Lengkok Bahru #01-364 SPPL Branch - Lengkok Bahru 152063,,,,152063,Branch
59,49 62 Lorong 25A Geylang Road SPPL Branch - Lorong,49 62 Lorong 25A Geylang Road SPPL Branch - Lorong 25A Geylang 388251,,,,388251,Branch
60,50 Block 2 Lorong Lew Lian #01-46 SPPL Branch - Lo,50 Block 2 Lorong Lew Lian #01-46 SPPL Branch - Lorong Lew Lian 531002,,,,531002,Branch
61,51 Lot 1 Shoppers' Mall/ 21 Choa Chu Kang Avenue 4,51 Lot 1 Shoppers' Mall/ 21 Choa Chu Kang Avenue 4 #03-09 SPPL Branch - Lot One 689812,,,,689812,Branch
62,52 Lucky Plaza/ 304 Orchard Road #B1-91/92 SPPL Br,52 Lucky Plaza/ 304 Orchard Road #B1-91/92 SPPL Branch - Lucky Plaza 238863,,,,238863,Branch
63,53 Block 26 New Upper Changi Road #01-666/668 SPPL,53 Block 26 New Upper Changi Road #01-666/668 SPPL Branch - New Upper Changi 462026,,,,462026,Branch
64,54 Northpoint City (North Wing) / 930 Yishun Avenu,54 Northpoint City (North Wing) / 930 Yishun Avenue 2 #02-03 SPPL Branch- Northpoint City 769098,,,,769098,Branch
65,55 Loyang Point/ 259 Pasir Ris Street 21 #02-29 SP,55 Loyang Point/ 259 Pasir Ris Street 21 #02-29 SPPL Branch - Pasir Ris N2 510259,,,,510259,Branch
66,56 Pasir Ris West Plaza/ 735 Pasir Ris Street 72 #,56 Pasir Ris West Plaza/ 735 Pasir Ris Street 72 #01-358 SPPL Branch - Pasir Ris N7 510735,,,,510735,Branch
67,57 Block 148 Potong Pasir Avenue 1 #01-73 SPPL Bra,57 Block 148 Potong Pasir Avenue 1 #01-73 SPPL Branch - Potong Pasir 350148,,,,350148,Branch
68,58 Block 254 Serangoon Central Drive #01-209 SPPL ,58 Block 254 Serangoon Central Drive #01-209 SPPL Branch - Serangoon Central 550254,,,,550254,Branch
69,59 697B East Coast Road SPPL Branch - Siglap 45906,59 697B East Coast Road SPPL Branch - Siglap 459060,,,,459060,Branch
70,60 Block 150 Silat Avenue #01-42 SPPL Branch - Sil,60 Block 150 Silat Avenue #01-42 SPPL Branch - Silat Avenue 160150,,,,160150,Branch
71,61 Sim Lim Square/ 1 Rochor Canal Road #B1-37 SPPL,61 Sim Lim Square/ 1 Rochor Canal Road #B1-37 SPPL Branch - Sim Lim Square 188504,,,,188504,Branch
72,62 Suntec City/ 3 Temasek Boulevard #B1-143 SPPL B,62 Suntec City/ 3 Temasek Boulevard #B1-143 SPPL Branch - Suntec City 038983,,,,038983,Branch
73,63 Tampines Mart/ 11 Tampines Street 32 #01-03 SPP,63 Tampines Mart/ 11 Tampines Street 32 #01-03 SPPL Branch - Tampines Mart 529287,,,,529287,Branch
74,64 Block 481 Tampines Street 44 #01-277 SPPL Branc,64 Block 481 Tampines Street 44 #01-277 SPPL Branch - Tampines N4 520481,,,,520481,Branch
75,65 Block 1 Tanjong Pagar Plaza #01-49/50 SPPL Bran,65 Block 1 Tanjong Pagar Plaza #01-49/50 SPPL Branch - Tanjong Pagar 082001,,,,082001,Branch
76,66 Block 37 Teban Gardens Road #01-308 SPPL Branch,66 Block 37 Teban Gardens Road #01-308 SPPL Branch - Teban Gardens 600037,,,,600037,Branch
77,67 Block 141 Teck Whye Lane #01-271 SPPL Branch - ,67 Block 141 Teck Whye Lane #01-271 SPPL Branch - Teck Whye 680141,,,,680141,Branch
78,68 Block 6 Telok Blangah Crescent #01-418 SPPL Bra,68 Block 6 Telok Blangah Crescent #01-418 SPPL Branch - Telok Blangah 090006,,,,090006,Branch
79,69 Block 111 Toa Payoh Lorong 1 #01-354 SPPL Branc,69 Block 111 Toa Payoh Lorong 1 #01-354 SPPL Branch - Toa Payoh Lorong 1 310111,,,,310111,Branch
80,70 Block 85 Toa Payoh Lorong 4 #01-340 SPPL Branch,70 Block 85 Toa Payoh Lorong 4 #01-340 SPPL Branch - Toa Payoh Lorong 4 310085,,,,310085,Branch
81,71 Block 212 Toa Payoh Lorong 8 #01-39 SPPL Branch,71 Block 212 Toa Payoh Lorong 8 #01-39 SPPL Branch - Toa Payoh Lorong 8 310212,,,,310212,Branch
82,72 Block 18 Upper Boon Keng Road #01-1149/1151 SPP,72 Block 18 Upper Boon Keng Road #01-1149/1151 SPPL Branch - Upper Boon Keng 380018,,,,380018,Branch
83,73 Block 88 Whampoa Drive #01-857 SPPL Branch - Wh,73 Block 88 Whampoa Drive #01-857 SPPL Branch - Whampoa Drive 320088,,,,320088,Branch
84,74 888 Plaza/ 888 Woodlands Drive 50 #01-711 SPPL ,74 888 Plaza/ 888 Woodlands Drive 50 #01-711 SPPL Branch - Woodlands 888 730888,,,,730888,Branch
85,75 Block 305 Woodlands Street 31 #01-77 SPPL Branc,75 Block 305 Woodlands Street 31 #01-77 SPPL Branch - Woodlands N3 730305,,,,730305,Branch
86,76 Vista Point/ 548 Woodlands Drive 44 #02-04 SPPL,76 Vista Point/ 548 Woodlands Drive 44 #02-04 SPPL Branch - Woodlands N5 730548,,,,730548,Branch
87,77 Block 883 Woodlands Street 82 #02-468 SPPL Bran,77 Block 883 Woodlands Street 82 #02-468 SPPL Branch - Woodlands N8 730883,,,,730883,Branch
88,78 Block 101 Yishun Avenue 5 #01-37 SPPL Branch - ,78 Block 101 Yishun Avenue 5 #01-37 SPPL Branch - Yishun N1 760101,,,,760101,Branch
89,79 Block 256 Yishun Ring Road #01-1001 SPPL Branch,79 Block 256 Yishun Ring Road #01-1001 SPPL Branch - Yishun N2 760256,,,,760256,Branch
90,80 Block 415 Yishun Avenue 11 #01-311 SPPL Branch ,80 Block 415 Yishun Avenue 11 #01-311 SPPL Branch - Yishun N4 760415,,,,760415,Branch
91,81 Block 761 Yishun Street 72 #01-340 SPPL Branch ,81 Block 761 Yishun Street 72 #01-340 SPPL Branch - Yishun N7 760761,,,,760761,Branch
92,82 Block 215 Bedok North Street 1 #02-87 OCB - Bed,82 Block 215 Bedok North Street 1 #02-87 OCB - Bedok Centre (Lottery lobby) 460215,,,,460215,Betting Centre
93,83 Connection ONE Tower 2/ Block 169 Jalan Bukit M,83 Connection ONE Tower 2/ Block 169 Jalan Bukit Merah #01-20 OCB - Bukit Merah (Lottery lobby) 150169,,,,150169,Betting Centre
94,84 Block 47 Holland Drive #01-385 OCB - Holland Dr,84 Block 47 Holland Drive #01-385 OCB - Holland Drive (Lottery lobby) 270047,,,,270047,Betting Centre
95,85 The Majestic/ 80 Eu Tong Sen Street #01 OCB - M,85 The Majestic/ 80 Eu Tong Sen Street #01 OCB - Majestic (Lottery lobby) 059810,,,,059810,Betting Centre
96,86 Block 677 Rangoon Road #02-00 OCB - Rangoon (Lo,86 Block 677 Rangoon Road #02-00 OCB - Rangoon (Lottery lobby) 210677,,,,210677,Betting Centre
97,87 Block 267 Serangoon Avenue 3 #02-01 OCB - Seran,87 Block 267 Serangoon Avenue 3 #02-01 OCB - Serangoon Avenue 3 (Lottery lobby) 550267,,,,550267,Betting Centre
98,88 Singapore Pools/210 Middle Road #01-01 Singapor,88 Singapore Pools/210 Middle Road #01-01 Singapore Pools (Lottery lobby) 188994,,,,188994,Lottery Lobby
99,89 Block 123 Bedok North Street 2 #01-158 7-Eleven,89 Block 123 Bedok North Street 2 #01-158 7-Eleven Store Bedok North Street 2 460123,,,,460123,Authorised Retailer (7-Eleven)
100,90 Block 132 Bukit Batok West Avenue 6 #01-304 7-E,90 Block 132 Bukit Batok West Avenue 6 #01-304 7-Eleven Store Bukit Batok West Avenue 6 650132,,,,650132,Authorised Retailer (7-Eleven)
101,91 38A Changi Road 7-Eleven Store Changi Road 4197,91 38A Changi Road 7-Eleven Store Changi Road 419701,,,,419701,Authorised Retailer (7-Eleven)
102,92 Block 689B Choa Chu Kang Drive #01-306 7-Eleven,92 Block 689B Choa Chu Kang Drive #01-306 7-Eleven Store Choa Chu Kang Drive 682689,,,,682689,Authorised Retailer (7-Eleven)
103,93 58 Circular Road #01-01 7-Eleven Store Circular,93 58 Circular Road #01-01 7-Eleven Store Circular Road 049413,,,,049413,Authorised Retailer (7-Eleven)
104,94 Block 109 Clementi Street 11 #01-15 7-Eleven St,94 Block 109 Clementi Street 11 #01-15 7-Eleven Store Clementi Street 11 120109,,,,120109,Authorised Retailer (7-Eleven)
105,95 Esplanade MRT Station/ 90 Bras Basah Road #B1-2,95 Esplanade MRT Station/ 90 Bras Basah Road #B1-20/21/22 7-Eleven Store Esplanade MRT Station 189562,,,,189562,Authorised Retailer (7-Eleven)
106,96 Block 1A Eunos Crescent #01-2469/2471 7-Eleven ,96 Block 1A Eunos Crescent #01-2469/2471 7-Eleven Store Eunos Crescent 401001,,,,401001,Authorised Retailer (7-Eleven)
107,97 Hoa Nam Building/ 27 Foch Road #01-07/08 7-Elev,97 Hoa Nam Building/ 27 Foch Road #01-07/08 7-Eleven Store Foch Road 209264,,,,209264,Authorised Retailer (7-Eleven)
108,98 3 McCallum Street 7-Eleven Store McCallum Stree,98 3 McCallum Street 7-Eleven Store McCallum Street 069044,,,,069044,Authorised Retailer (7-Eleven)
109,99 Block 45 Owen Road #01-295 7-Eleven Store Owen ,99 Block 45 Owen Road #01-295 7-Eleven Store Owen Road 210045,,,,210045,Authorised Retailer (7-Eleven)
110,100 Plaza Singapura/ 68 Orchard Road #01-51 7-Elev,100 Plaza Singapura/ 68 Orchard Road #01-51 7-Eleven Store Plaza Singapura 238839,,,,238839,Authorised Retailer (7-Eleven)
111,101 244H Upper Thomson Road 7-Eleven Store Sin Min,101 244H Upper Thomson Road 7-Eleven Store Sin Ming 574369,,,,574369,Authorised Retailer (7-Eleven)
112,102 6 Sixth Avenue 7-Eleven Store Sixth Avenue 276,102 6 Sixth Avenue 7-Eleven Store Sixth Avenue 276472,,,,276472,Authorised Retailer (7-Eleven)
113,103 912 Upper Thomson Road 7-Eleven Store Upper Th,103 912 Upper Thomson Road 7-Eleven Store Upper Thomson Road 787113,,,,787113,Authorised Retailer (7-Eleven)
114,104 Block 103 Yishun Ring Road #01-69 7-Eleven Sto,104 Block 103 Yishun Ring Road #01-69 7-Eleven Store Yishun Ring Road 760103,,,,760103,Authorised Retailer (7-Eleven)
115,105 Block 121 Bedok Reservoir Road #01-200 A.P. Mi,105 Block 121 Bedok Reservoir Road #01-200 A.P. Mini Mart - Bedok Reservoir Road 470121,,,,470121,Authorised Retailer
116,106 Block 234 Lorong 8 Toa Payoh #01-286 A.P. Mini,106 Block 234 Lorong 8 Toa Payoh #01-286 A.P. Mini Mart - Lorong 8 Toa Payoh 310234,,,,310234,Authorised Retailer
117,107 450 Geylang Road ACE Signature Geylang Road 38,107 450 Geylang Road ACE Signature Geylang Road 389409,,,,389409,Authorised Retailer
118,108 LIV@Changi/ 933 Upper Changi Road North #01-01,108 LIV@Changi/ 933 Upper Changi Road North #01-01 ACE Signature LIV@Changi 506785,,,,506785,Authorised Retailer
119,109 New Tech Park/151 Lorong Chuan #01-22 ACE Sign,109 New Tech Park/151 Lorong Chuan #01-22 ACE Signature New Tech Park 556741,,,,556741,Authorised Retailer
120,110 Block 604 Yishun Street 61 #01-323 Afro Asia C,110 Block 604 Yishun Street 61 #01-323 Afro Asia Co Pte Ltd 760604,,,,760604,Authorised Retailer
121,111 Block 137 Potong Pasir Avenue 3 #01-142 B.H. M,111 Block 137 Potong Pasir Avenue 3 #01-142 B.H. Mini Mart 350137,,,,350137,Authorised Retailer
122,112 Block 70 Lorong 4 Toa Payoh #01-343 Balestier ,112 Block 70 Lorong 4 Toa Payoh #01-343 Balestier Khalsa Football Club 310070,,,,310070,Authorised Retailer
123,113 Harbourfront Centre/ 1 Maritime Square #01-82 ,113 Harbourfront Centre/ 1 Maritime Square #01-82 Cheers Harbourfront Centre 099253,,,,099253,Authorised Retailer
124,114 Block 23 Hougang Avenue 3 #01-281 Cheers Houga,114 Block 23 Hougang Avenue 3 #01-281 Cheers Hougang Avenue 3 530023,,,,530023,Authorised Retailer
125,115 Block 810 Hougang Central #01-214 Cheers Houga,115 Block 810 Hougang Central #01-214 Cheers Hougang Central 530810,,,,530810,Authorised Retailer
126,116 Northshore Plaza II/ 418 Northshore Drive #02-,116 Northshore Plaza II/ 418 Northshore Drive #02-05/06 Cheers Northshore Plaza II 820418,,,,820418,Authorised Retailer
127,117 Block 17 Bedok South Road #01-583 Cheng Chew W,117 Block 17 Bedok South Road #01-583 Cheng Chew Wah Agency - Bedok South Road 460017,,,,460017,Authorised Retailer
128,118 Block 58 Marine Terrace #01-47 Cheng Chew Wah ,118 Block 58 Marine Terrace #01-47 Cheng Chew Wah Agency - Marine Terrace 440058,,,,440058,Authorised Retailer
129,119 Orchard Plaza/ 150 Orchard Road #01-63 Cheng T,119 Orchard Plaza/ 150 Orchard Road #01-63 Cheng Tai Boon Beng 238841,,,,238841,Authorised Retailer
130,120 Elias Mall/ 625 Elias Road #01-314 Chng Siow E,120 Elias Mall/ 625 Elias Road #01-314 Chng Siow Eng Agency 510625,,,,510625,Authorised Retailer
131,121 Block 21 Lorong 7 Toa Payoh #01-290 Chong Hoe ,121 Block 21 Lorong 7 Toa Payoh #01-290 Chong Hoe Tong 310021,,,,310021,Authorised Retailer
132,122 Block 76 Circuit Road #01-05 Chop Yeo Thong He,122 Block 76 Circuit Road #01-05 Chop Yeo Thong Heng 370076,,,,370076,Authorised Retailer
133,123 Block 237 Serangoon Avenue 3 #01-108 Chua Hong,123 Block 237 Serangoon Avenue 3 #01-108 Chua Hong Kim Trading 550237,,,,550237,Authorised Retailer
134,124 Block 19A Dover Crescent #01-04 Chuan Hao Depa,124 Block 19A Dover Crescent #01-04 Chuan Hao Departmental Store 131019,,,,131019,Authorised Retailer
135,125 Block 555 Ang Mo Kio Avenue 10 #01-1966 Cliffo,125 Block 555 Ang Mo Kio Avenue 10 #01-1966 Clifford Gift Shop - Ang Mo Kio Avenue 10 560555,,,,560555,Authorised Retailer
136,126 Block 532 Ang Mo Kio Avenue 10 #01-2459 Cliffo,126 Block 532 Ang Mo Kio Avenue 10 #01-2459 Clifford Gift Shop 560532,,,,560532,Authorised Retailer
137,127 Aperia Mall/ 12 Kallang Avenue #01-49 Cold Sto,127 Aperia Mall/ 12 Kallang Avenue #01-49 Cold Storage Aperia Mall 339511,,,,339511,Authorised Retailer
138,128 Compass One/ 1 Sengkang Square #B1-25 Cold Sto,128 Compass One/ 1 Sengkang Square #B1-25 Cold Storage Compass One 545078,,,,545078,Authorised Retailer
139,129 Hougang Green Shopping Mall/ 21 Hougang Street,129 Hougang Green Shopping Mall/ 21 Hougang Street 51 #01-04A Dawn Florist 538719,,,,538719,Authorised Retailer
140,130 Block 119 Aljunied Avenue 2 #01-78 Dawn Floris,130 Block 119 Aljunied Avenue 2 #01-78 Dawn Florist – Aljunied Avenue 2 380119,,,,380119,Authorised Retailer
141,131 Fu Lu Shou Complex/ 149 Rochor Road #B1-26 Del,131 Fu Lu Shou Complex/ 149 Rochor Road #B1-26 Delisia Agency Pte Ltd 188425,,,,188425,Authorised Retailer
142,132 Depot Heights Shopping Centre/ 108 Depot Road ,132 Depot Heights Shopping Centre/ 108 Depot Road #01-17 Everbright Services 100108,,,,100108,Authorised Retailer
143,133 Block 95 Lorong 4 Toa Payoh #01-50 Evercool En,133 Block 95 Lorong 4 Toa Payoh #01-50 Evercool Engineering 310095,,,,310095,Authorised Retailer
144,134 Block 283 Bukit Batok East Avenue 3 #01-281 Ev,134 Block 283 Bukit Batok East Avenue 3 #01-281 Everstream Trading 650283,,,,650283,Authorised Retailer
145,135 Block 7 Hougang Avenue 3 #01-48 Fatt Chye Heng,135 Block 7 Hougang Avenue 3 #01-48 Fatt Chye Heng Trading 530007,,,,530007,Authorised Retailer
146,136 Block 463 Sembawang Drive #01-02 Fortune Super,136 Block 463 Sembawang Drive #01-02 Fortune Supermarket Sembawang Drive 750463,,,,750463,Authorised Retailer
147,137 4 Kensington Park Road Gerk Chwee Trading 5572,137 4 Kensington Park Road Gerk Chwee Trading 557256,,,,557256,Authorised Retailer
148,138 Beauty World Centre/ 144 Upper Bukit Timah Roa,138 Beauty World Centre/ 144 Upper Bukit Timah Road #B1-01 Giant Beauty World Centre 588177,,,,588177,Authorised Retailer
149,139 Block 982 Buangkok Crescent #01-01 Giant Buang,139 Block 982 Buangkok Crescent #01-01 Giant Buangkok Crescent 530982,,,,530982,Authorised Retailer
150,140 Pioneer Mall/ 638 Jurong West Street 61 #03-01,140 Pioneer Mall/ 638 Jurong West Street 61 #03-01 Giant Pioneer Mall 640638,,,,640638,Authorised Retailer
151,141 Plantation Plaza/127 Plantation Crescent #B1-0,141 Plantation Plaza/127 Plantation Crescent #B1-06 Giant Plantation Plaza 690127,,,,690127,Authorised Retailer
152,142 Sunshine Place/475 Choa Chu Kang Avenue 3 #01-,142 Sunshine Place/475 Choa Chu Kang Avenue 3 #01-01/10 Giant Sunshine Place 680475,,,,680475,Authorised Retailer
153,143 Block 84 Redhill Lane #01-356 Goh Geok Kwee Ag,143 Block 84 Redhill Lane #01-356 Goh Geok Kwee Agency - Redhill Lane 150084,,,,150084,Authorised Retailer
154,144 Block 124 Bukit Merah Lane 1 #01-148 Goh Geok ,144 Block 124 Bukit Merah Lane 1 #01-148 Goh Geok Kwee Agency - Bukit Merah 150124,,,,150124,Authorised Retailer
155,145 Block 136 Marsiling Road #01-2182 Golden Lagoo,145 Block 136 Marsiling Road #01-2182 Golden Lagoon Trading 730136,,,,730136,Authorised Retailer
156,146 Block 74 Whampoa Drive #01-342 Hin Teck Leong ,146 Block 74 Whampoa Drive #01-342 Hin Teck Leong Trading Company - Whampoa Drive 320074,,,,320074,Authorised Retailer
157,147 Block 73 Bedok South Avenue 3 #01-454 Hock Soo,147 Block 73 Bedok South Avenue 3 #01-454 Hock Soon Ann 460073,,,,460073,Authorised Retailer
158,148 Block 503 Tampines Central 1 #01-283 Jake Merc,148 Block 503 Tampines Central 1 #01-283 Jake Merchandise Associates 520503,,,,520503,Authorised Retailer
159,149 Block 256 Jurong East Street 24 #01-385 Kim Ch,149 Block 256 Jurong East Street 24 #01-385 Kim Chwee Trading 600256,,,,600256,Authorised Retailer
160,150 Block 4 Changi Village Road #01-2074 Kis Store,150 Block 4 Changi Village Road #01-2074 Kis Store 500004,,,,500004,Authorised Retailer
161,151 Textile Centre/200 Jalan Sultan #01-29 Kwek Le,151 Textile Centre/200 Jalan Sultan #01-29 Kwek Lee Eng Agency 199018,,,,199018,Authorised Retailer
162,152 Block 442 Pasir Ris Drive 6 #01-42 Laura's Gif,152 Block 442 Pasir Ris Drive 6 #01-42 Laura's Gifts 510442,,,,510442,Authorised Retailer
163,153 Block 201B Tampines Street 21 #01-1083 Lee Eng,153 Block 201B Tampines Street 21 #01-1083 Lee Eng Trading Store 522201,,,,522201,Authorised Retailer
164,154 Block 273C Punggol Place #01-884 Li Li Cheng S,154 Block 273C Punggol Place #01-884 Li Li Cheng Supermarket (Punggol) Pte Ltd 823273,,,,823273,Authorised Retailer
165,155 Block 16 Upper Boon Keng Road #01-1113 Lim Hen,155 Block 16 Upper Boon Keng Road #01-1113 Lim Heng Ee Trading Pte. Ltd. 380016,,,,380016,Authorised Retailer
166,156 Block 139 Tampines Street 11 #01-88 Mee Lee Ch,156 Block 139 Tampines Street 11 #01-88 Mee Lee Cheong Pte. Ltd. 521139,,,,521139,Authorised Retailer
167,157 Causeway Point/ 1 Woodlands Square #01-18/19 M,157 Causeway Point/ 1 Woodlands Square #01-18/19 Metro Woodlands 738099,,,,738099,Authorised Retailer
168,158 127 Upper Paya Lebar Road Nalayanee Trading En,158 127 Upper Paya Lebar Road Nalayanee Trading Enterprise 534839,,,,534839,Authorised Retailer
169,159 Block 513 Bishan Street 13 #01-508 Nan Huat Wi,159 Block 513 Bishan Street 13 #01-508 Nan Huat Wine Store 570513,,,,570513,Authorised Retailer
170,160 Block 741 Bedok Reservoir Road #01-3073 Nel's ,160 Block 741 Bedok Reservoir Road #01-3073 Nel's Store 470741,,,,470741,Authorised Retailer
171,161 51@AMK/ 51 Ang Mo Kio Avenue 3 #01-01B Ng Nam ,161 51@AMK/ 51 Ang Mo Kio Avenue 3 #01-01B Ng Nam Thye Trading - Ang Mo Kio Avenue 3 569922,,,,569922,Authorised Retailer
172,162 Taman Jurong Shopping Centre/ 399 Yung Sheng R,162 Taman Jurong Shopping Centre/ 399 Yung Sheng Road #01-07 Ng Nam Thye Trading - Taman Jurong 610399,,,,610399,Authorised Retailer
173,163 Block 301 Ubi Avenue 1 #01-241 Ng Teo Guan Sel,163 Block 301 Ubi Avenue 1 #01-241 Ng Teo Guan Self Service 400301,,,,400301,Authorised Retailer
174,164 AMK Hub/ 53 Ang Mo Kio Avenue 3 #B2-40 NTUC Fa,164 AMK Hub/ 53 Ang Mo Kio Avenue 3 #B2-40 NTUC FairPrice AMK Hub 569933,,,,569933,Authorised Retailer (FairPrice)
175,165 Anchorvale Village/ Block 339 Anchorvale Road ,165 Anchorvale Village/ Block 339 Anchorvale Road #B1-02 NTUC FairPrice Anchorvale Village 540339,,,,540339,Authorised Retailer (FairPrice)
176,166 Block 212 Bedok North Street 1 #01-147 NTUC Fa,166 Block 212 Bedok North Street 1 #01-147 NTUC FairPrice Bedok North Street 1 460212,,,,460212,Authorised Retailer (FairPrice)
177,167 Block 89 Bedok North Street 4 #01-77/79 NTUC F,167 Block 89 Bedok North Street 4 #01-77/79 NTUC FairPrice Bedok North Street 4 460089,,,,460089,Authorised Retailer (FairPrice)
178,168 Block 510 Bishan Street 13 #01-520 NTUC FairPr,168 Block 510 Bishan Street 13 #01-520 NTUC FairPrice Bishan Street 13 570510,,,,570510,Authorised Retailer (FairPrice)
179,169 Boon Lay Shopping Complex/ 221 Boon Lay Place ,169 Boon Lay Shopping Complex/ 221 Boon Lay Place #02-200 NTUC FairPrice Boon Lay Place 640221,,,,640221,Authorised Retailer (FairPrice)
180,170 Bukit Batok MRT Station/ 10 Bukit Batok Centra,170 Bukit Batok MRT Station/ 10 Bukit Batok Central #01-08 NTUC FairPrice Bukit Batok MRT Station 659958,,,,659958,Authorised Retailer (FairPrice)
181,171 Block 166 Bukit Merah Central #02-3531 NTUC Fa,171 Block 166 Bukit Merah Central #02-3531 NTUC FairPrice Bukit Merah Central 150166,,,,150166,Authorised Retailer (FairPrice)
182,172 Bukit Panjang Plaza/ 1 Jelebu Road #01-15/#02-,172 Bukit Panjang Plaza/ 1 Jelebu Road #01-15/#02-20 NTUC FairPrice Bukit Panjang Plaza 677743,,,,677743,Authorised Retailer (FairPrice)
183,173 Bukit Timah Plaza/ 1 Jalan Anak Bukit #B1-01 N,173 Bukit Timah Plaza/ 1 Jalan Anak Bukit #B1-01 NTUC FairPrice Bukit Timah Plaza 588996,,,,588996,Authorised Retailer (FairPrice)
184,174 Canberra Plaza/ 133 Canberra View #B1-03/04 NT,174 Canberra Plaza/ 133 Canberra View #B1-03/04 NTUC FairPrice Canberra Plaza 750133,,,,750133,Authorised Retailer (FairPrice)
185,175 8 Changi Business Park Avenue 1 #01-51/#02-51 ,175 8 Changi Business Park Avenue 1 #01-51/#02-51 NTUC FairPrice Changi Business Park 486018,,,,486018,Authorised Retailer (FairPrice)
186,176 Block 352 Clementi Avenue 2 #01-141/143 NTUC F,176 Block 352 Clementi Avenue 2 #01-141/143 NTUC FairPrice Clementi Avenue 2 120352,,,,120352,Authorised Retailer (FairPrice)
187,177 Block 451 Clementi Avenue 3 #01-307 NTUC FairP,177 Block 451 Clementi Avenue 3 #01-307 NTUC FairPrice Clementi Avenue 3 120451,,,,120451,Authorised Retailer (FairPrice)
188,178 Block 277C Compassvale Link #01-13 NTUC FairPr,178 Block 277C Compassvale Link #01-13 NTUC FairPrice Compassvale Link 543277,,,,543277,Authorised Retailer (FairPrice)
189,179 Dawson Place/ 57 Dawson Road #01-07 NTUC FairP,179 Dawson Place/ 57 Dawson Road #01-07 NTUC FairPrice Dawson Place 142057,,,,142057,Authorised Retailer (FairPrice)
190,180 E!Hub @ Downtown East/ 1 Pasir Ris Close #02-1,180 E!Hub @ Downtown East/ 1 Pasir Ris Close #02-127 NTUC FairPrice E!Hub @ Downtown East 519599,,,,519599,Authorised Retailer (FairPrice)
191,181 Eastpoint Mall/ 3 Simei Street 6 #05-01 NTUC F,181 Eastpoint Mall/ 3 Simei Street 6 #05-01 NTUC FairPrice Eastpoint Mall 528833,,,,528833,Authorised Retailer (FairPrice)
192,182 Greenridge Shopping Centre/ 524A Jelapang Road,182 Greenridge Shopping Centre/ 524A Jelapang Road #03-13 NTUC Fairprice Greenridge Shopping Centre 671524,,,,671524,Authorised Retailer (FairPrice)
193,183 Block 50 Havelock Road #01-755 NTUC FairPrice ,183 Block 50 Havelock Road #01-755 NTUC FairPrice Havelock Road 160050,,,,160050,Authorised Retailer (FairPrice)
194,184 Hillion Mall/ 17 Petir Road #B2-67 NTUC FairPr,184 Hillion Mall/ 17 Petir Road #B2-67 NTUC FairPrice Hillion Mall 678278,,,,678278,Authorised Retailer (FairPrice)
195,185 Hougang Mall/ 90 Hougang Avenue 10 #B1-07 NTUC,185 Hougang Mall/ 90 Hougang Avenue 10 #B1-07 NTUC FairPrice Hougang Mall 538766,,,,538766,Authorised Retailer (FairPrice)
196,186 Block 202 Hougang Street 21 #01-00 NTUC FairPr,186 Block 202 Hougang Street 21 #01-00 NTUC FairPrice Hougang Street 21 530202,,,,530202,Authorised Retailer (FairPrice)
197,187 Jem/ 50 Jurong Gateway Road #B1-21/22 NTUC Fai,187 Jem/ 50 Jurong Gateway Road #B1-21/22 NTUC FairPrice Jem 608549,,,,608549,Authorised Retailer (FairPrice)
198,188 FairPrice Hub/ 1 Joo Koon Circle #03-21 NTUC F,188 FairPrice Hub/ 1 Joo Koon Circle #03-21 NTUC FairPrice Joo Koon 629117,,,,629117,Authorised Retailer (FairPrice)
199,189 Block 135 Jurong Gateway Road #01-337 NTUC Fai,189 Block 135 Jurong Gateway Road #01-337 NTUC FairPrice Jurong Gateway Road 600135,,,,600135,Authorised Retailer (FairPrice)
200,190 Jurong Point/63 Jurong West Central 3 #03-01 N,190 Jurong Point/63 Jurong West Central 3 #03-01 NTUC FairPrice Jurong Point 648331,,,,648331,Authorised Retailer (FairPrice)
201,191 Block 71 Kallang Bahru #01-529 NTUC FairPrice ,191 Block 71 Kallang Bahru #01-529 NTUC FairPrice Kallang Bahru 330071,,,,330071,Authorised Retailer (FairPrice)
202,192 Kallang Wave Mall/ 1 Stadium Place #01-29 NTUC,192 Kallang Wave Mall/ 1 Stadium Place #01-29 NTUC FairPrice Kallang Wave Mall 397628,,,,397628,Authorised Retailer (FairPrice)
203,193 Orchard Grand Court/ 131 Killiney Road #01-01/,193 Orchard Grand Court/ 131 Killiney Road #01-01/02/03 NTUC FairPrice Killiney Road 239571,,,,239571,Authorised Retailer (FairPrice)
204,194 Le Quest/ 4 Bukit Batok Street 41 #01-91/92 NT,194 Le Quest/ 4 Bukit Batok Street 41 #01-91/92 NTUC FairPrice Le Quest 657991,,,,657991,Authorised Retailer (FairPrice)
205,195 Limbang Shopping Centre/ 533 Choa Chu Kang Str,195 Limbang Shopping Centre/ 533 Choa Chu Kang Street 51 #01-01 NTUC FairPrice Limbang Shopping Centre 680533,,,,680533,Authorised Retailer (FairPrice)
206,196 Block 192 Lorong 4 Toa Payoh #01-670/672 NTUC ,196 Block 192 Lorong 4 Toa Payoh #01-670/672 NTUC FairPrice Lorong 4 Toa Payoh 310192,,,,310192,Authorised Retailer (FairPrice)
207,197 Lot 1 Shoppers' Mall/ 21 Choa Chu Kang Avenue ,197 Lot 1 Shoppers' Mall/ 21 Choa Chu Kang Avenue 4 #B1-03 NTUC FairPrice Lot 1 Shoppers' Mall 689812,,,,689812,Authorised Retailer (FairPrice)
208,198 6 Marine Parade Central NTUC FairPrice Marine ,198 6 Marine Parade Central NTUC FairPrice Marine Parade Central 449411,,,,449411,Authorised Retailer (FairPrice)
209,199 Marsiling MRT Station/ 71 Woodlands Avenue 3 #,199 Marsiling MRT Station/ 71 Woodlands Avenue 3 #01-01 NTUC FairPrice Marsiling MRT Station 739044,,,,739044,Authorised Retailer (FairPrice)
210,200 Block 57 New Upper Changi Road #01-1334/1338 N,200 Block 57 New Upper Changi Road #01-1334/1338 NTUC FairPrice New Upper Changi Road 461057,,,,461057,Authorised Retailer (FairPrice)
211,201 NEX/ 23 Serangoon Central #03-42 NTUC FairPric,201 NEX/ 23 Serangoon Central #03-42 NTUC FairPrice NEX 556083,,,,556083,Authorised Retailer (FairPrice)
212,202 Parkway Parade/ 80 Marine Parade Road #03-28 N,202 Parkway Parade/ 80 Marine Parade Road #03-28 NTUC FairPrice Parkway Parade 449269,,,,449269,Authorised Retailer (FairPrice)
213,203 Paya Lebar Quarter/ 10 Paya Lebar Road #B2-09 ,203 Paya Lebar Quarter/ 10 Paya Lebar Road #B2-09 NTUC FairPrice Paya Lebar Quarter 409057,,,,409057,Authorised Retailer (FairPrice)
214,204 Oasis Terraces/ 681 Punggol Drive #B1-01 NTUC ,204 Oasis Terraces/ 681 Punggol Drive #B1-01 NTUC FairPrice Punggol Oasis Terraces 820681,,,,820681,Authorised Retailer (FairPrice)
215,205 Punggol Plaza/ 168 Punggol Field Road #03-01 N,205 Punggol Plaza/ 168 Punggol Field Road #03-01 NTUC FairPrice Punggol Plaza 820168,,,,820168,Authorised Retailer (FairPrice)
216,206 Rivervale Mall/ 11 Rivervale Crescent #03-01 N,206 Rivervale Mall/ 11 Rivervale Crescent #03-01 NTUC FairPrice Rivervale Mall 545082,,,,545082,Authorised Retailer (FairPrice)
217,207 Seletar Mall/ 33 Sengkang West Avenue #B2-24 N,207 Seletar Mall/ 33 Sengkang West Avenue #B2-24 NTUC FairPrice Seletar Mall 797653,,,,797653,Authorised Retailer (FairPrice)
218,208 Block 279 Sengkang East Avenue #01-06 NTUC Fai,208 Block 279 Sengkang East Avenue #01-06 NTUC FairPrice Sengkang East Ave 540279,,,,540279,Authorised Retailer (FairPrice)
219,209 Block 170B Sengkang East Drive #01-11 NTUC Fai,209 Block 170B Sengkang East Drive #01-11 NTUC FairPrice Sengkang East Drive 542170,,,,542170,Authorised Retailer (FairPrice)
220,210 Senja Grand/ 628 Senja Road #01-01 NTUC FairPr,210 Senja Grand/ 628 Senja Road #01-01 NTUC FairPrice Senja Road 670628,,,,670628,Authorised Retailer (FairPrice)
221,211 Block 152B Serangoon North Avenue 1 #01-384 NT,211 Block 152B Serangoon North Avenue 1 #01-384 NTUC FairPrice Serangoon North Avenue 1 552152,,,,552152,Authorised Retailer (FairPrice)
222,212 SingPost Centre/ 10 Eunos Road 8 #B1-101 to 10,212 SingPost Centre/ 10 Eunos Road 8 #B1-101 to 107 NTUC FairPrice SingPost Centre 408600,,,,408600,Authorised Retailer (FairPrice)
223,213 Sun Plaza/ 30 Sembawang Drive #B1-01/02 NTUC F,213 Sun Plaza/ 30 Sembawang Drive #B1-01/02 NTUC FairPrice Sun Plaza 757713,,,,757713,Authorised Retailer (FairPrice)
224,214 Mapletree 18/ 18 Tai Seng Street #B1-13 NTUC F,214 Mapletree 18/ 18 Tai Seng Street #B1-13 NTUC FairPrice Tai Seng 539775,,,,539775,Authorised Retailer (FairPrice)
225,215 Tampines Mall/ 4 Tampines Central 5 #B1-12 NTU,215 Tampines Mall/ 4 Tampines Central 5 #B1-12 NTUC FairPrice Tampines Mall 529510,,,,529510,Authorised Retailer (FairPrice)
226,216 Block 633 Tampines North Drive 2 #01-01 NTUC F,216 Block 633 Tampines North Drive 2 #01-01 NTUC FairPrice Tampines North Drive 2 520633,,,,520633,Authorised Retailer (FairPrice)
227,217 Block 107 Tampines Street 11 #01-353/359 NTUC ,217 Block 107 Tampines Street 11 #01-353/359 NTUC FairPrice Tampines Street 11 521107,,,,521107,Authorised Retailer (FairPrice)
228,218 Block 475 Tampines Street 44 #01-145 NTUC Fair,218 Block 475 Tampines Street 44 #01-145 NTUC FairPrice Tampines Street 44 520475,,,,520475,Authorised Retailer (FairPrice)
229,219 Tampines Central Community Complex/ 866A Tampi,219 Tampines Central Community Complex/ 866A Tampines Street 83 #01-K1 NTUC FairPrice Tampines Street 83 521866,,,,521866,Authorised Retailer (FairPrice)
230,220 Block 5 Tanjong Pagar Plaza #01-01 NTUC FairPr,220 Block 5 Tanjong Pagar Plaza #01-01 NTUC FairPrice Tanjong Pagar Plaza 081005,,,,081005,Authorised Retailer (FairPrice)
231,221 Block 78A Telok Blangah Street 32 #01-01 NTUC ,221 Block 78A Telok Blangah Street 32 #01-01 NTUC FairPrice Telok Blangah Street 32 101078,,,,101078,Authorised Retailer (FairPrice)
232,222 The Woodgrove/ 30 Woodlands Avenue 1 #01-11C N,222 The Woodgrove/ 30 Woodlands Avenue 1 #01-11C NTUC FairPrice The Woodgrove 739065,,,,739065,Authorised Retailer (FairPrice)
233,223 The Woodleigh Mall/11 Bidadari Park Drive #B1-,223 The Woodleigh Mall/11 Bidadari Park Drive #B1-32/33 NTUC FairPrice The Woodleigh Mall 367803,,,,367803,Authorised Retailer (FairPrice)
234,224 Thomson Plaza/ 301 Upper Thomson Road #03-36/3,224 Thomson Plaza/ 301 Upper Thomson Road #03-36/37 NTUC FairPrice Thomson Plaza 574408,,,,574408,Authorised Retailer (FairPrice)
235,225 Tiong Bahru Plaza/ 302 Tiong Bahru Road #B1-01,225 Tiong Bahru Plaza/ 302 Tiong Bahru Road #B1-01/02 NTUC FairPrice Tiong Bahru Plaza 168732,,,,168732,Authorised Retailer (FairPrice)
236,226 HDB Centre/ 500 Lorong 6 Toa Payoh #B1-32/#01-,226 HDB Centre/ 500 Lorong 6 Toa Payoh #B1-32/#01-33 NTUC FairPrice Toa Payoh HDB Centre 310500,,,,310500,Authorised Retailer (FairPrice)
237,227 VivoCity/ 1 HarbourFront Walk #B2-23/#01-23 NT,227 VivoCity/ 1 HarbourFront Walk #B2-23/#01-23 NTUC FairPrice VivoCity 098585,,,,098585,Authorised Retailer (FairPrice)
238,228 White Sands/ 1 Pasir Ris Central Street 3 #B1-,228 White Sands/ 1 Pasir Ris Central Street 3 #B1-10 NTUC FairPrice White Sands 518457,,,,518457,Authorised Retailer (FairPrice)
239,229 Wisteria Mall/ 598 Yishun Ring Road #01-01 NTU,229 Wisteria Mall/ 598 Yishun Ring Road #01-01 NTUC FairPrice Wisteria Mall 768698,,,,768698,Authorised Retailer (FairPrice)
240,230 Woodlands Civic Centre/ 900 South Woodlands Dr,230 Woodlands Civic Centre/ 900 South Woodlands Drive #B1-01 NTUC FairPrice Woodlands Civic Centre 730900,,,,730900,Authorised Retailer (FairPrice)
241,231 ExxonMobil/ 110 Macpherson Road NTUC FairPrice,231 ExxonMobil/ 110 Macpherson Road NTUC FairPrice Xpress Macpherson Road 348501,,,,348501,Authorised Retailer (FairPrice)
242,232 Yew Tee Point/ 21 Choa Chu Kang North 6 #B1-01,232 Yew Tee Point/ 21 Choa Chu Kang North 6 #B1-01 to 07 NTUC FairPrice Yew Tee Point 689578,,,,689578,Authorised Retailer (FairPrice)
243,233 Yishun MRT Station/ 301 Yishun Avenue 2 #01-02,233 Yishun MRT Station/ 301 Yishun Avenue 2 #01-02 NTUC FairPrice Yishun MRT Station 769093,,,,769093,Authorised Retailer (FairPrice)
244,234 Block 849 Yishun Ring Road #01-3701/3703 NTUC ,234 Block 849 Yishun Ring Road #01-3701/3703 NTUC FairPrice Yishun Ring Road 760849,,,,760849,Authorised Retailer (FairPrice)
245,235 Zhongshan Mall/ 20 Ah Hood Road #02-01 NTUC Fa,235 Zhongshan Mall/ 20 Ah Hood Road #02-01 NTUC FairPrice Zhongshan Mall 329984,,,,329984,Authorised Retailer (FairPrice)
246,236 Block 501 West Coast Drive #01-266 OCN (Singap,236 Block 501 West Coast Drive #01-266 OCN (Singapore) Pte Ltd 120501,,,,120501,Authorised Retailer
247,237 Block 71 Seng Poh Road #01-43 Ong Eng Siang Tr,237 Block 71 Seng Poh Road #01-43 Ong Eng Siang Trading 160071,,,,160071,Authorised Retailer
248,238 People's Park Complex/ 1 Park Road #02-70 Over,238 People's Park Complex/ 1 Park Road #02-70 Overseas Emporium (Private) Limited 059108,,,,059108,Authorised Retailer
249,239 Block 133 Jalan Bukit Merah #01-1520 Papillon ,239 Block 133 Jalan Bukit Merah #01-1520 Papillon Florist Pte Ltd 160133,,,,160133,Authorised Retailer
250,240 Block 960 Jurong West Street 92 #01-182 PFG Fr,240 Block 960 Jurong West Street 92 #01-182 PFG Framing & Trading 640960,,,,640960,Authorised Retailer
251,241 Block 678A Woodlands Avenue 6 #01-19 Prime Adm,241 Block 678A Woodlands Avenue 6 #01-19 Prime Admiralty Place 731678,,,,731678,Authorised Retailer
252,242 Buangkok Square/ 991 Buangkok Link #01-28 Prim,242 Buangkok Square/ 991 Buangkok Link #01-28 Prime Buangkok Square 530991,,,,530991,Authorised Retailer
253,243 Block 25A Chai Chee Road #01-459 Prime Chai Ch,243 Block 25A Chai Chee Road #01-459 Prime Chai Chee Road 461025,,,,461025,Authorised Retailer
254,244 Block 263 Compassvale Street #01-01 Prime Comp,244 Block 263 Compassvale Street #01-01 Prime Compassvale Street 540263,,,,540263,Authorised Retailer
255,245 Block 1 Upper Aljunied Lane #01-01 Prime Joo S,245 Block 1 Upper Aljunied Lane #01-01 Prime Joo Seng 360001,,,,360001,Authorised Retailer
256,246 Block 253 Choa Chu Kang Avenue 1 #B1-07 to 10 ,246 Block 253 Choa Chu Kang Avenue 1 #B1-07 to 10 Prime Keat Hong 680253,,,,680253,Authorised Retailer
257,247 Block 108 Punggol Field #01-02 Prime Punggol F,247 Block 108 Punggol Field #01-02 Prime Punggol Field 820108,,,,820108,Authorised Retailer
258,248 Block 461 Yishun Avenue 6 #01-01 Prime Yishun ,248 Block 461 Yishun Avenue 6 #01-01 Prime Yishun Avenue 6 760461,,,,760461,Authorised Retailer
259,249 Block 681 Race Course Road #01-309 Rangoon Pro,249 Block 681 Race Course Road #01-309 Rangoon Provision Shop 210681,,,,210681,Authorised Retailer
260,250 Rivervale Plaza/ 118 Rivervale Drive #01-15 Se,250 Rivervale Plaza/ 118 Rivervale Drive #01-15 Seah Geok Eng Agency - Rivervale Plaza 540118,,,,540118,Authorised Retailer
261,251 Block 476D Upper Serangoon View #02-02 Seah Ge,251 Block 476D Upper Serangoon View #02-02 Seah Geok Eng Agency - Upper Serangoon View 537476,,,,537476,Authorised Retailer
262,252 Block 116 Bukit Merah View #01-233 Seah Koon H,252 Block 116 Bukit Merah View #01-233 Seah Koon Huat - Bukit Merah View 151116,,,,151116,Authorised Retailer
263,253 Block 338 Ang Mo Kio Avenue 1 #01-1657 Seng Ye,253 Block 338 Ang Mo Kio Avenue 1 #01-1657 Seng Yeok Chan Agency 560338,,,,560338,Authorised Retailer
264,254 11 Bukit Batok West Avenue 3 Shell Station Buk,254 11 Bukit Batok West Avenue 3 Shell Station Bukit Batok West Avenue 3 659166,,,,659166,Authorised Retailer
265,255 203 Geylang Road Shell Station Geylang Road 38,255 203 Geylang Road Shell Station Geylang Road 389266,,,,389266,Authorised Retailer
266,256 121 Tuas South Avenue 5 Shell Station Tuas Sou,256 121 Tuas South Avenue 5 Shell Station Tuas South Avenue 5 637365,,,,637365,Authorised Retailer
267,257 29 Jalan Mas Puteh Sheng Moh Fruits & Provisio,257 29 Jalan Mas Puteh Sheng Moh Fruits & Provision Store 128632,,,,128632,Authorised Retailer
268,258 Block 212 Bidadari Park Drive #03-10 Sheng Sio,258 Block 212 Bidadari Park Drive #03-10 Sheng Siong Bidadari Park Drive 360212,,,,360212,Authorised Retailer
269,259 Block 105 Canberra Street #02-05 Sheng Siong C,259 Block 105 Canberra Street #02-05 Sheng Siong Canberra Street 750105,,,,750105,Authorised Retailer
270,260 Block 209A Clementi Avenue 6 #01-01 Sheng Sion,260 Block 209A Clementi Avenue 6 #01-01 Sheng Siong Clementi Avenue 6 121209,,,,121209,Authorised Retailer
271,261 New World Centre/ 1 Jalan Berseh #B1-02 to #B1,261 New World Centre/ 1 Jalan Berseh #B1-02 to #B1-22 Sheng Siong Jalan Berseh 209037,,,,209037,Authorised Retailer
272,262 Junction 9/ 18 Yishun Avenue 9 #02-05 to #02-1,262 Junction 9/ 18 Yishun Avenue 9 #02-05 to #02-10 Sheng Siong Junction 9 768897,,,,768897,Authorised Retailer
273,263 Block 4 Woodlands Street 12 #02-61 Sheng Siong,263 Block 4 Woodlands Street 12 #02-61 Sheng Siong Marsiling Mall 738623,,,,738623,Authorised Retailer
274,264 Block 455 Sengkang West Avenue #01-16 Sheng Si,264 Block 455 Sengkang West Avenue #01-16 Sheng Siong Sengkang West Ave 790455,,,,790455,Authorised Retailer
275,265 Block 643 Senja Close #01-01 Sheng Shiong Senj,265 Block 643 Senja Close #01-01 Sheng Shiong Senja Close 670643,,,,670643,Authorised Retailer
276,266 19 Serangoon North Avenue 5 #01-01 Sheng Siong,266 19 Serangoon North Avenue 5 #01-01 Sheng Siong Serangoon North Avenue 5 554913,,,,554913,Authorised Retailer
277,267 Block 602A Tampines Avenue 9 #01-01 Sheng Sion,267 Block 602A Tampines Avenue 9 #01-01 Sheng Siong Tampines Avenue 9 521602,,,,521602,Authorised Retailer
278,268 Block 88 Tanglin Halt Road #01-10 Sheng Siong ,268 Block 88 Tanglin Halt Road #01-10 Sheng Siong Tanglin Halt Road 141088,,,,141088,Authorised Retailer
279,269 Block 573 Woodlands Drive 16 #02-01 Sheng Sion,269 Block 573 Woodlands Drive 16 #02-01 Sheng Siong Woodlands Drive 16 730573,,,,730573,Authorised Retailer
280,270 Block 19 Marsiling Lane #01-303 Soh Choo Tradi,270 Block 19 Marsiling Lane #01-303 Soh Choo Trading 730019,,,,730019,Authorised Retailer
281,271 Block 408 Ang Mo Kio Avenue 10 #01-795 Springd,271 Block 408 Ang Mo Kio Avenue 10 #01-795 Springdale Garments Co 560408,,,,560408,Authorised Retailer
282,272 3 Yuan Ching Road Superbowl Jurong Pte Ltd 618,272 3 Yuan Ching Road Superbowl Jurong Pte Ltd 618642,,,,618642,Authorised Retailer
283,273 Block 824 Tampines Street 81 #01-14 Tampines T,273 Block 824 Tampines Street 81 #01-14 Tampines Trading - 824 520824,,,,520824,Authorised Retailer
284,274 Block 828 Tampines Street 81 #01-234 Tampines ,274 Block 828 Tampines Street 81 #01-234 Tampines Trading - 828 520828,,,,520828,Authorised Retailer
285,275 Block 151 Bukit Batok Street 11 #01-254 Tan Ah,275 Block 151 Bukit Batok Street 11 #01-254 Tan Ah Leck Trading - Bukit Batok Street 11 650151,,,,650151,Authorised Retailer
286,276 Block 352 Jurong East Street 31 #01-121 Tan Ah,276 Block 352 Jurong East Street 31 #01-121 Tan Ah Leck Trading - Jurong East Street 31 600352,,,,600352,Authorised Retailer
287,277 Block 123 Hougang Avenue 1 #01-1408 Tan Kai Hu,277 Block 123 Hougang Avenue 1 #01-1408 Tan Kai Huat Provision Shop 530123,,,,530123,Authorised Retailer
288,278 Block 24 Bendemeer Road #01-529 Tan Wee Fong T,278 Block 24 Bendemeer Road #01-529 Tan Wee Fong Trading 330024,,,,330024,Authorised Retailer
289,279 Woodlands Mart/ 768 Woodlands Avenue 6 #01-21 ,279 Woodlands Mart/ 768 Woodlands Avenue 6 #01-21 Tay Ah Tho Trading 730768,,,,730768,Authorised Retailer
290,280 The Arcade/ 11 Collyer Quay #02-13 Tay Sui Lan,280 The Arcade/ 11 Collyer Quay #02-13 Tay Sui Lan Agency 049317,,,,049317,Authorised Retailer
291,281 Block 293 Yishun Street 22 #01-225 Teo Sook Ch,281 Block 293 Yishun Street 22 #01-225 Teo Sook Cheng Agency 760293,,,,760293,Authorised Retailer
292,282 Block 685 Hougang Street 61 #01-160 Tong Aik H,282 Block 685 Hougang Street 61 #01-160 Tong Aik Huat 530685,,,,530685,Authorised Retailer
293,283 Block 159 Ang Mo Kio Avenue 4 #01-536 Tuck Lee,283 Block 159 Ang Mo Kio Avenue 4 #01-536 Tuck Lee Long 560159,,,,560159,Authorised Retailer
294,284 Block 817 Keat Hong Link #01-14 U Stars Keat H,284 Block 817 Keat Hong Link #01-14 U Stars Keat Hong Link 680817,,,,680817,Authorised Retailer
295,285 60 Smith Street Vitatron & Medical Co 058963,285 60 Smith Street Vitatron & Medical Co 058963,,,,058963,Authorised Retailer
296,286 Block 47 Sims Place #01-177 Wanrise 380047,286 Block 47 Sims Place #01-177 Wanrise 380047,,,,380047,Authorised Retailer
297,287 Village Hotel Bugis/ 390 Victoria Street #01-3,287 Village Hotel Bugis/ 390 Victoria Street #01-33 Wong Teck Chow Enterprise (Private) Limited 188061,,,,188061,Authorised Retailer
298,288 Block 632 Bedok Reservoir Road #01-820 Xie She,288 Block 632 Bedok Reservoir Road #01-820 Xie Sheng Departmental Service Company 470632,,,,470632,Authorised Retailer
299,289 City Plaza/ 810 Geylang Road #01-75 Xie Sheng ,289 City Plaza/ 810 Geylang Road #01-75 Xie Sheng Departmental Service Company - City Plaza 409286,,,,409286,Authorised Retailer
300,290 Block 537 Bedok North Street 3 #01-573 Tan Wee,290 Block 537 Bedok North Street 3 #01-573 Tan Wee Fong Trading - Bedok North Street 3 460537,,,,460537,Authorised Retailer
301,291 33 Jalan Buroh Smart Energy Jalan Buroh 619487,291 33 Jalan Buroh Smart Energy Jalan Buroh 619487,,,,619487,Authorised Retailer
302,292 50 Old Toh Tuck Road Cnergy Old Toh Tuck Road ,292 50 Old Toh Tuck Road Cnergy Old Toh Tuck Road 597657,,,,597657,Authorised Retailer
303,293 Block 215C Compassvale Drive #01-01 U Stars Co,293 Block 215C Compassvale Drive #01-01 U Stars Compassvale Drive 543215,,,,543215,Authorised Retailer
