outlet_name,open_mon,close_mon,open_tue,close_tue,open_wed,close_wed,open_thu,close_thu,open_fri,close_fri,open_sat,close_sat,open_sun,close_sun,open_time,close_time,open_hours_daily,has_varying_hours
Singapore Pools Account Betting Service,8.00 am,6.00 pm,8.00 am,6.00 pm,8.00 am,6.00 pm,8.00 am,6.00 pm,8.00 am,6.00 pm,8.00 am,6.00 pm,8.00 am,6.00 pm,8.00 am,6.00 pm,10.0,0
Delisia Agency Pte Ltd,8.00 am,7.00 pm,8.00 am,7.00 pm,8.00 am,7.00 pm,8.00 am,7.00 pm,8.00 am,7.00 pm,8.00 am,7.00 pm,8.00 am,7.00 pm,8.00 am,7.00 pm,11.0,0
Tong Aik Huat,8.00 am,7.00 pm,8.00 am,7.00 pm,8.00 am,7.00 pm,8.00 am,7.00 pm,8.00 am,7.00 pm,8.00 am,7.00 pm,8.00 am,7.00 pm,8.00 am,7.00 pm,11.0,0
NTUC FairPrice NEX,8.00 am,9.30 pm,8.00 am,9.30 pm,8.00 am,9.30 pm,8.00 am,9.30 pm,8.00 am,9.30 pm,8.00 am,9.30 pm,8.00 am,9.30 pm,8.00 am,9.30 pm,13.5,0
Tan Wee Fong Trading,8.00 am,7.00 pm,8.00 am,7.00 pm,8.00 am,7.00 pm,8.00 am,7.00 pm,8.00 am,7.00 pm,8.00 am,7.00 pm,8.00 am,7.00 pm,8.00 am,7.00 pm,11.0,0
Singapore Pools King George's Ave Branch,8.00 am,8.00 pm,8.00 am,8.00 pm,8.00 am,8.00 pm,8.00 am,8.00 pm,8.00 am,8.00 pm,8.00 am,8.00 pm,8.00 am,8.00 pm,8.00 am,8.00 pm,12.0,0
NTUC FairPrice AMK Hub,8.00 am,9.30 pm,8.00 am,9.30 pm,8.00 am,9.30 pm,8.00 am,9.30 pm,8.00 am,9.30 pm,8.00 am,9.30 pm,8.00 am,9.30 pm,8.00 am,9.30 pm,13.5,0
Fatt Chye Heng Trading,8.00 am,8.00 pm,8.00 am,8.00 pm,8.00 am,8.00 pm,8.00 am,8.00 pm,8.00 am,8.00 pm,8.00 am,8.00 pm,8.00 am,8.00 pm,8.00 am,8.00 pm,12.0,0
PFG Framing & Trading,8.00 am,7.00 pm,8.00 am,7.00 pm,8.00 am,7.00 pm,8.00 am,7.00 pm,8.00 am,7.00 pm,8.00 am,7.00 pm,8.00 am,7.00 pm,8.00 am,7.00 pm,11.0,0
Ng Teo Guan Self Service,8.00 am,8.00 pm,8.00 am,8.00 pm,8.00 am,8.00 pm,8.00 am,8.00 pm,8.00 am,8.00 pm,8.00 am,8.00 pm,8.00 am,8.00 pm,8.00 am,8.00 pm,12.0,0
Mee Lee Cheong Pte. Ltd.,8.00 am,7.00 pm,8.00 am,7.00 pm,8.00 am,7.00 pm,8.00 am,7.00 pm,8.00 am,7.00 pm,8.00 am,7.00 pm,8.00 am,7.00 pm,8.00 am,7.00 pm,11.0,0
Laura's Gifts,8.00 am,7.00 pm,8.00 am,7.00 pm,8.00 am,7.00 pm,8.00 am,7.00 pm,8.00 am,7.00 pm,8.00 am,7.00 pm,8.00 am,7.00 pm,8.00 am,7.00 pm,11.0,0
Singapore Pools Suntec City Branch,10.00 am,9.00 pm,10.00 am,9.00 pm,10.00 am,9.00 pm,10.00 am,9.00 pm,10.00 am,9.00 pm,10.00 am,9.00 pm,10.00 am,9.00 pm,10.00 am,9.00 pm,11.0,0
Singapore Pools People's Park Centre (Chinatown) Branch,8.00 am,8.00 pm,8.00 am,8.00 pm,8.00 am,8.00 pm,8.00 am,8.00 pm,8.00 am,8.00 pm,8.00 am,8.00 pm,8.00 am,8.00 pm,8.00 am,8.00 pm,12.0,0
NTUC FairPrice Tampines Mall,8.00 am,7.00 pm,8.00 am,7.00 pm,8.00 am,7.00 pm,8.00 am,7.00 pm,8.00 am,7.00 pm,8.00 am,7.00 pm,8.00 am,7.00 pm,8.00 am,7.00 pm,11.0,0
7-Eleven Store Eunos Crescent,8.00 am,7.00 pm,8.00 am,7.00 pm,8.00 am,7.00 pm,8.00 am,7.00 pm,8.00 am,7.00 pm,8.00 am,7.00 pm,8.00 am,7.00 pm,8.00 am,7.00 pm,11.0,0
Singapore Pools Toa Payoh Lorong 1 Branch,8.00 am,8.00 pm,8.00 am,8.00 pm,8.00 am,8.00 pm,8.00 am,8.00 pm,8.00 am,8.00 pm,8.00 am,8.00 pm,8.00 am,8.00 pm,8.00 am,8.00 pm,12.0,0
Singapore Pools Hougang N1 Branch,8.00 am,8.00 pm,8.00 am,8.00 pm,8.00 am,8.00 pm,8.00 am,8.00 pm,8.00 am,8.00 pm,8.00 am,8.00 pm,8.00 am,8.00 pm,8.00 am,8.00 pm,12.0,0
Singapore Pools Clementi N7 Branch,8.00 am,8.00 pm,8.00 am,8.00 pm,8.00 am,8.00 pm,8.00 am,8.00 pm,8.00 am,8.00 pm,8.00 am,8.00 pm,8.00 am,8.00 pm,8.00 am,8.00 pm,12.0,0
NTUC FairPrice Toa Payoh HDB Centre,8.00 am,8.00 pm,8.00 am,8.00 pm,8.00 am,8.00 pm,8.00 am,8.00 pm,8.00 am,8.00 pm,8.00 am,8.00 pm,8.00 am,8.00 pm,8.00 am,8.00 pm,12.0,0
NTUC FairPrice Clementi Avenue 3,8.00 am,7.00 pm,8.00 am,7.00 pm,8.00 am,7.00 pm,8.00 am,7.00 pm,8.00 am,7.00 pm,8.00 am,7.00 pm,8.00 am,7.00 pm,8.00 am,7.00 pm,11.0,0
Singapore Pools Yishun N1 Branch,8.00 am,8.00 pm,8.00 am,8.00 pm,8.00 am,8.00 pm,8.00 am,8.00 pm,8.00 am,8.00 pm,8.00 am,8.00 pm,8.00 am,8.00 pm,8.00 am,8.00 pm,12.0,0
Singapore Pools Whampoa Drive Branch,8.00 am,8.00 pm,8.00 am,8.00 pm,8.00 am,8.00 pm,8.00 am,8.00 pm,8.00 am,8.00 pm,8.00 am,8.00 pm,8.00 am,8.00 pm,8.00 am,8.00 pm,12.0,0
Singapore Pools Teck Whye Branch,8.00 am,8.00 pm,8.00 am,8.00 pm,8.00 am,8.00 pm,8.00 am,8.00 pm,8.00 am,8.00 pm,8.00 am,8.00 pm,8.00 am,8.00 pm,8.00 am,8.00 pm,12.0,0
Singapore Pools Tanjong Pagar Branch,8.00 am,8.00 pm,8.00 am,8.00 pm,8.00 am,8.00 pm,8.00 am,8.00 pm,8.00 am,8.00 pm,8.00 am,8.00 pm,8.00 am,8.00 pm,8.00 am,8.00 pm,12.0,0
Singapore Pools Jurong West N5 Branch,8.00 am,8.00 pm,8.00 am,8.00 pm,8.00 am,8.00 pm,8.00 am,8.00 pm,8.00 am,8.00 pm,8.00 am,8.00 pm,8.00 am,8.00 pm,8.00 am,8.00 pm,12.0,0
Singapore Pools IMM Branch,8.00 am,8.00 pm,8.00 am,8.00 pm,8.00 am,8.00 pm,8.00 am,8.00 pm,8.00 am,8.00 pm,8.00 am,8.00 pm,8.00 am,8.00 pm,8.00 am,8.00 pm,12.0,0
Singapore Pools Hougang N2 Branch,8.00 am,8.00 pm,8.00 am,8.00 pm,8.00 am,8.00 pm,8.00 am,8.00 pm,8.00 am,8.00 pm,8.00 am,8.00 pm,8.00 am,8.00 pm,8.00 am,8.00 pm,12.0,0
NTUC FairPrice Yishun MRT Station,8.00 am,7.00 pm,8.00 am,7.00 pm,8.00 am,7.00 pm,8.00 am,7.00 pm,8.00 am,7.00 pm,8.00 am,7.00 pm,8.00 am,7.00 pm,8.00 am,7.00 pm,11.0,0
NTUC FairPrice Jurong Gateway Road,8.00 am,8.00 pm,8.00 am,8.00 pm,8.00 am,8.00 pm,8.00 am,8.00 pm,8.00 am,8.00 pm,8.00 am,8.00 pm,8.00 am,8.00 pm,8.00 am,8.00 pm,12.0,0
Jake Merchandise Associates,8.00 am,7.00 pm,8.00 am,7.00 pm,8.00 am,7.00 pm,8.00 am,7.00 pm,8.00 am,7.00 pm,8.00 am,7.00 pm,8.00 am,7.00 pm,8.00 am,7.00 pm,11.0,0
7-Eleven Store Yishun Ring Road,8.00 am,8.00 pm,8.00 am,8.00 pm,8.00 am,8.00 pm,8.00 am,8.00 pm,8.00 am,8.00 pm,8.00 am,8.00 pm,8.00 am,8.00 pm,8.00 am,8.00 pm,12.0,0
Wanrise,8.00 am,7.00 pm,8.00 am,7.00 pm,8.00 am,7.00 pm,8.00 am,7.00 pm,8.00 am,7.00 pm,8.00 am,7.00 pm,8.00 am,7.00 pm,8.00 am,7.00 pm,11.0,0
Tay Sui Lan Agency,8.00 am,7.00 pm,8.00 am,7.00 pm,8.00 am,7.00 pm,8.00 am,7.00 pm,8.00 am,7.00 pm,8.00 am,7.00 pm,,,8.00 am,7.00 pm,11.0,0
Tampines Trading - 828,8.00 am,7.00 pm,8.00 am,7.00 pm,8.00 am,7.00 pm,8.00 am,7.00 pm,8.00 am,7.00 pm,8.00 am,7.00 pm,8.00 am,7.00 pm,8.00 am,7.00 pm,11.0,0
Singapore Pools Woodlands 888 Branch,8.00 am,8.00 pm,8.00 am,8.00 pm,8.00 am,8.00 pm,8.00 am,8.00 pm,8.00 am,8.00 pm,8.00 am,8.00 pm,8.00 am,8.00 pm,8.00 am,8.00 pm,12.0,0
Singapore Pools Tampines Mart Branch,8.00 am,8.00 pm,8.00 am,8.00 pm,8.00 am,8.00 pm,8.00 am,8.00 pm,8.00 am,8.00 pm,8.00 am,8.00 pm,8.00 am,8.00 pm,8.00 am,8.00 pm,12.0,0
Singapore Pools Clementi N3 Branch,8.00 am,8.00 pm,8.00 am,8.00 pm,8.00 am,8.00 pm,8.00 am,8.00 pm,8.00 am,8.00 pm,8.00 am,8.00 pm,8.00 am,8.00 pm,8.00 am,8.00 pm,12.0,0
Singapore Pools Bencoolen Branch,8.00 am,8.00 pm,8.00 am,8.00 pm,8.00 am,8.00 pm,8.00 am,8.00 pm,8.00 am,8.00 pm,8.00 am,8.00 pm,8.00 am,8.00 pm,8.00 am,8.00 pm,12.0,0
Rangoon Provision Shop,8.00 am,7.00 pm,8.00 am,7.00 pm,8.00 am,7.00 pm,8.00 am,7.00 pm,8.00 am,7.00 pm,8.00 am,7.00 pm,8.00 am,7.00 pm,8.00 am,7.00 pm,11.0,0
NTUC FairPrice Bukit Batok MRT Station,8.00 am,7.00 pm,8.00 am,7.00 pm,8.00 am,7.00 pm,8.00 am,7.00 pm,8.00 am,7.00 pm,8.00 am,7.00 pm,8.00 am,7.00 pm,8.00 am,7.00 pm,11.0,0
Livewire Singapore Pools,,,,,,,,,,,,,,,,,0.0,0
Livewire Marina Bay Sands,10.00 am,10.00 pm,10.00 am,10.00 pm,10.00 am,10.00 pm,10.00 am,10.00 pm,10.00 am,10.00 pm,10.00 am,10.00 pm,10.00 am,10.00 pm,10.00 am,10.00 pm,12.0,0
Lee Eng Trading Store,8.00 am,7.00 pm,8.00 am,7.00 pm,8.00 am,7.00 pm,8.00 am,7.00 pm,8.00 am,7.00 pm,8.00 am,7.00 pm,8.00 am,7.00 pm,8.00 am,7.00 pm,11.0,0
Cheers Harbourfront Centre,8.00 am,7.00 pm,8.00 am,7.00 pm,8.00 am,7.00 pm,8.00 am,7.00 pm,8.00 am,7.00 pm,8.00 am,7.00 pm,8.00 am,7.00 pm,8.00 am,7.00 pm,11.0,0
Singapore Pools Woodlands N5 Branch,8.00 am,8.00 pm,8.00 am,8.00 pm,8.00 am,8.00 pm,8.00 am,8.00 pm,8.00 am,8.00 pm,8.00 am,8.00 pm,8.00 am,8.00 pm,8.00 am,8.00 pm,12.0,0
Singapore Pools Toa Payoh Lorong 8 Branch,8.00 am,8.00 pm,8.00 am,8.00 pm,8.00 am,8.00 pm,8.00 am,8.00 pm,8.00 am,8.00 pm,8.00 am,8.00 pm,8.00 am,8.00 pm,8.00 am,8.00 pm,12.0,0
Singapore Pools New Upper Changi Branch,8.00 am,8.00 pm,8.00 am,8.00 pm,8.00 am,8.00 pm,8.00 am,8.00 pm,8.00 am,8.00 pm,8.00 am,8.00 pm,8.00 am,8.00 pm,8.00 am,8.00 pm,12.0,0
Singapore Pools Lorong 25A Geylang Branch,8.00 am,8.00 pm,8.00 am,8.00 pm,8.00 am,8.00 pm,8.00 am,8.00 pm,8.00 am,8.00 pm,8.00 am,8.00 pm,8.00 am,8.00 pm,8.00 am,8.00 pm,12.0,0
Singapore Pools Jurong West N4 Branch,8.00 am,8.00 pm,8.00 am,8.00 pm,8.00 am,8.00 pm,8.00 am,8.00 pm,8.00 am,8.00 pm,8.00 am,8.00 pm,8.00 am,8.00 pm,8.00 am,8.00 pm,12.0,0
Singapore Pools Clementi Town Centre Branch,8.00 am,8.00 pm,8.00 am,8.00 pm,8.00 am,8.00 pm,8.00 am,8.00 pm,8.00 am,8.00 pm,8.00 am,8.00 pm,8.00 am,8.00 pm,8.00 am,8.00 pm,12.0,0
Singapore Pools Bedok Town Centre Branch,8.00 am,8.00 pm,8.00 am,8.00 pm,8.00 am,8.00 pm,8.00 am,8.00 pm,8.00 am,8.00 pm,8.00 am,8.00 pm,8.00 am,8.00 pm,8.00 am,8.00 pm,12.0,0
NTUC FairPrice Lot 1 Shoppers' Mall,8.00 am,7.00 pm,8.00 am,7.00 pm,8.00 am,7.00 pm,8.00 am,7.00 pm,8.00 am,7.00 pm,8.00 am,7.00 pm,8.00 am,7.00 pm,8.00 am,7.00 pm,11.0,0
Nan Huat Wine Store,8.00 am,7.00 pm,8.00 am,7.00 pm,8.00 am,7.00 pm,8.00 am,7.00 pm,8.00 am,7.00 pm,8.00 am,7.00 pm,8.00 am,7.00 pm,8.00 am,7.00 pm,11.0,0
Evercool Engineering,8.00 am,7.00 pm,8.00 am,7.00 pm,8.00 am,7.00 pm,8.00 am,7.00 pm,8.00 am,7.00 pm,8.00 am,7.00 pm,8.00 am,7.00 pm,8.00 am,7.00 pm,11.0,0
Tan Boon Tin Agency,,,,,,,,,,,,,,,,,0.0,0
Singapore Pools Pasir Ris N2 Branch,8.00 am,8.00 pm,8.00 am,8.00 pm,8.00 am,8.00 pm,8.00 am,8.00 pm,8.00 am,8.00 pm,8.00 am,8.00 pm,8.00 am,8.00 pm,8.00 am,8.00 pm,12.0,0
Singapore Pools Ang Mo Kio N7 Branch,8.00 am,8.00 pm,8.00 am,8.00 pm,8.00 am,8.00 pm,8.00 am,8.00 pm,8.00 am,8.00 pm,8.00 am,8.00 pm,8.00 am,8.00 pm,8.00 am,8.00 pm,12.0,0
Singapore Pools Ang Mo Kio N2 Branch,8.00 am,8.00 pm,8.00 am,8.00 pm,8.00 am,8.00 pm,8.00 am,8.00 pm,8.00 am,8.00 pm,8.00 am,8.00 pm,8.00 am,8.00 pm,8.00 am,8.00 pm,12.0,0
Seah Geok Eng Agency - Rivervale Plaza,8.00 am,7.00 pm,8.00 am,7.00 pm,8.00 am,7.00 pm,8.00 am,7.00 pm,8.00 am,7.00 pm,8.00 am,7.00 pm,8.00 am,7.00 pm,8.00 am,7.00 pm,11.0,0
NTUC FairPrice White Sands,8.00 am,7.00 pm,8.00 am,7.00 pm,8.00 am,7.00 pm,8.00 am,7.00 pm,8.00 am,7.00 pm,8.00 am,7.00 pm,8.00 am,7.00 pm,8.00 am,7.00 pm,11.0,0
NTUC FairPrice Sun Plaza,8.00 am,7.00 pm,8.00 am,7.00 pm,8.00 am,7.00 pm,8.00 am,7.00 pm,8.00 am,7.00 pm,8.00 am,7.00 pm,8.00 am,7.00 pm,8.00 am,7.00 pm,11.0,0
NTUC FairPrice Jurong Point,8.00 am,9.30 pm,8.00 am,9.30 pm,8.00 am,9.30 pm,8.00 am,9.30 pm,8.00 am,9.30 pm,8.00 am,9.30 pm,8.00 am,9.30 pm,8.00 am,9.30 pm,13.5,0
NTUC FairPrice Bedok North Street 4,8.00 am,7.00 pm,8.00 am,7.00 pm,8.00 am,7.00 pm,8.00 am,7.00 pm,8.00 am,7.00 pm,8.00 am,7.00 pm,8.00 am,7.00 pm,8.00 am,7.00 pm,11.0,0
Giant Sunshine Place,8.00 am,7.00 pm,8.00 am,7.00 pm,8.00 am,7.00 pm,8.00 am,7.00 pm,8.00 am,7.00 pm,8.00 am,7.00 pm,8.00 am,7.00 pm,8.00 am,7.00 pm,11.0,0
Cheers Hougang Central,8.00 am,7.00 pm,8.00 am,7.00 pm,8.00 am,7.00 pm,8.00 am,7.00 pm,8.00 am,7.00 pm,8.00 am,7.00 pm,8.00 am,7.00 pm,8.00 am,7.00 pm,11.0,0
Vitatron & Medical Co,8.00 am,7.00 pm,8.00 am,7.00 pm,8.00 am,7.00 pm,8.00 am,7.00 pm,8.00 am,7.00 pm,8.00 am,7.00 pm,8.00 am,7.00 pm,8.00 am,7.00 pm,11.0,0
Teo Sook Cheng Agency,8.00 am,7.00 pm,8.00 am,7.00 pm,8.00 am,7.00 pm,8.00 am,7.00 pm,8.00 am,7.00 pm,8.00 am,7.00 pm,8.00 am,7.00 pm,8.00 am,7.00 pm,11.0,0
Soh Choo Trading,8.00 am,7.00 pm,8.00 am,7.00 pm,8.00 am,7.00 pm,8.00 am,7.00 pm,8.00 am,7.00 pm,8.00 am,7.00 pm,8.00 am,7.00 pm,8.00 am,7.00 pm,11.0,0
Singapore Pools Tampines N4 Branch,8.00 am,8.00 pm,8.00 am,8.00 pm,8.00 am,8.00 pm,8.00 am,8.00 pm,8.00 am,8.00 pm,8.00 am,8.00 pm,8.00 am,8.00 pm,8.00 am,8.00 pm,12.0,0
Singapore Pools Serangoon Central Branch,8.00 am,8.00 pm,8.00 am,8.00 pm,8.00 am,8.00 pm,8.00 am,8.00 pm,8.00 am,8.00 pm,8.00 am,8.00 pm,8.00 am,8.00 pm,8.00 am,8.00 pm,12.0,0
Singapore Pools Potong Pasir Branch,8.00 am,8.00 pm,8.00 am,8.00 pm,8.00 am,8.00 pm,8.00 am,8.00 pm,8.00 am,8.00 pm,8.00 am,8.00 pm,8.00 am,8.00 pm,8.00 am,8.00 pm,12.0,0
Singapore Pools Lucky Plaza Branch,8.00 am,8.00 pm,8.00 am,8.00 pm,8.00 am,8.00 pm,8.00 am,8.00 pm,8.00 am,8.00 pm,8.00 am,8.00 pm,8.00 am,8.00 pm,8.00 am,8.00 pm,12.0,0
Singapore Pools Holland Drive Branch,8.00 am,8.00 pm,8.00 am,8.00 pm,8.00 am,8.00 pm,8.00 am,8.00 pm,8.00 am,8.00 pm,8.00 am,8.00 pm,8.00 am,8.00 pm,8.00 am,8.00 pm,12.0,0
Singapore Pools Bukit Panjang Branch,8.00 am,8.00 pm,8.00 am,8.00 pm,8.00 am,8.00 pm,8.00 am,8.00 pm,8.00 am,8.00 pm,8.00 am,8.00 pm,8.00 am,8.00 pm,8.00 am,8.00 pm,12.0,0
Singapore Pools Bishan N2 Branch,8.00 am,8.00 pm,8.00 am,8.00 pm,8.00 am,8.00 pm,8.00 am,8.00 pm,8.00 am,8.00 pm,8.00 am,8.00 pm,8.00 am,8.00 pm,8.00 am,8.00 pm,12.0,0
Singapore Pools Ang Mo Kio N4 Branch,8.00 am,8.00 pm,8.00 am,8.00 pm,8.00 am,8.00 pm,8.00 am,8.00 pm,8.00 am,8.00 pm,8.00 am,8.00 pm,8.00 am,8.00 pm,8.00 am,8.00 pm,12.0,0
Singapore Pools Anchorvale Road Branch,8.00 am,8.00 pm,8.00 am,8.00 pm,8.00 am,8.00 pm,8.00 am,8.00 pm,8.00 am,8.00 pm,8.00 am,8.00 pm,8.00 am,8.00 pm,8.00 am,8.00 pm,12.0,0
Seah Koon Huat - Bukit Merah View,8.00 am,7.00 pm,8.00 am,7.00 pm,8.00 am,7.00 pm,8.00 am,7.00 pm,8.00 am,7.00 pm,8.00 am,7.00 pm,8.00 am,7.00 pm,8.00 am,7.00 pm,11.0,0
Prime Punggol Field,8.00 am,8.00 pm,8.00 am,8.00 pm,8.00 am,8.00 pm,8.00 am,8.00 pm,8.00 am,8.00 pm,8.00 am,8.00 pm,8.00 am,8.00 pm,8.00 am,8.00 pm,12.0,0
NTUC FairPrice Tanjong Pagar Plaza,8.00 am,7.00 pm,8.00 am,7.00 pm,8.00 am,7.00 pm,8.00 am,7.00 pm,8.00 am,7.00 pm,8.00 am,7.00 pm,8.00 am,7.00 pm,8.00 am,7.00 pm,11.0,0
NTUC FairPrice Bukit Merah Central,8.00 am,7.00 pm,8.00 am,7.00 pm,8.00 am,7.00 pm,8.00 am,7.00 pm,8.00 am,7.00 pm,8.00 am,7.00 pm,8.00 am,7.00 pm,8.00 am,7.00 pm,11.0,0
Metro Woodlands,10.30 am,8.00 pm,10.30 am,8.00 pm,10.30 am,8.00 pm,10.30 am,8.00 pm,10.30 am,8.00 pm,10.30 am,8.00 pm,10.30 am,8.00 pm,10.30 am,8.00 pm,9.5,0
Livewire (Resorts World Sentosa),,,,,,,,,,,,,,,,,0.0,0
Kis Store,8.00 am,6.00 pm,8.00 am,6.00 pm,8.00 am,6.00 pm,8.00 am,6.00 pm,8.00 am,6.00 pm,8.00 am,6.00 pm,8.00 am,6.00 pm,8.00 am,6.00 pm,10.0,0
Clifford Gift Shop,8.00 am,7.00 pm,8.00 am,7.00 pm,8.00 am,7.00 pm,8.00 am,7.00 pm,8.00 am,7.00 pm,8.00 am,7.00 pm,8.00 am,7.00 pm,8.00 am,7.00 pm,11.0,0
Cheers Changi Village Road,,,,,,,,,,,,,,,,,0.0,0
7-Eleven Store Owen Road,8.00 am,7.00 pm,8.00 am,7.00 pm,8.00 am,7.00 pm,8.00 am,7.00 pm,8.00 am,7.00 pm,8.00 am,7.00 pm,8.00 am,7.00 pm,8.00 am,7.00 pm,11.0,0
Xie Sheng Departmental Service Company,8.00 am,7.00 pm,8.00 am,7.00 pm,8.00 am,7.00 pm,8.00 am,7.00 pm,8.00 am,7.00 pm,8.00 am,7.00 pm,8.00 am,7.00 pm,8.00 am,7.00 pm,11.0,0
Singapore Pools Woodlands N3 Branch,8.00 am,8.00 pm,8.00 am,8.00 pm,8.00 am,8.00 pm,8.00 am,8.00 pm,8.00 am,8.00 pm,8.00 am,8.00 pm,8.00 am,8.00 pm,8.00 am,8.00 pm,12.0,0
Singapore Pools LOT One Branch,10.00 am,9.00 pm,10.00 am,9.00 pm,10.00 am,9.00 pm,10.00 am,9.00 pm,10.00 am,9.00 pm,10.00 am,9.00 pm,10.00 am,9.00 pm,10.00 am,9.00 pm,11.0,0
Singapore Pools Jurong West N2 Branch,8.00 am,8.00 pm,8.00 am,8.00 pm,8.00 am,8.00 pm,8.00 am,8.00 pm,8.00 am,8.00 pm,8.00 am,8.00 pm,8.00 am,8.00 pm,8.00 am,8.00 pm,12.0,0
Singapore Pools Jurong East Branch,8.00 am,8.00 pm,8.00 am,8.00 pm,8.00 am,8.00 pm,8.00 am,8.00 pm,8.00 am,8.00 pm,8.00 am,8.00 pm,8.00 am,8.00 pm,8.00 am,8.00 pm,12.0,0
Singapore Pools Hougang N3 Branch,8.00 am,8.00 pm,8.00 am,8.00 pm,8.00 am,8.00 pm,8.00 am,8.00 pm,8.00 am,8.00 pm,8.00 am,8.00 pm,8.00 am,8.00 pm,8.00 am,8.00 pm,12.0,0
Singapore Pools Gek Poh Shopping Centre (Jurong West N7) Branch,,,,,,,,,,,,,,,,,0.0,0
Singapore Pools Funan Branch,10.00 am,9.00 pm,10.00 am,9.00 pm,10.00 am,9.00 pm,10.00 am,9.00 pm,10.00 am,9.00 pm,10.00 am,9.00 pm,10.00 am,9.00 pm,10.00 am,9.00 pm,11.0,0
Singapore Pools Circuit Road 64 Branch,8.00 am,8.00 pm,8.00 am,8.00 pm,8.00 am,8.00 pm,8.00 am,8.00 pm,8.00 am,8.00 pm,8.00 am,8.00 pm,8.00 am,8.00 pm,8.00 am,8.00 pm,12.0,0
Singapore Pools Bukit Batok Central Branch,8.00 am,8.00 pm,8.00 am,8.00 pm,8.00 am,8.00 pm,8.00 am,8.00 pm,8.00 am,8.00 pm,8.00 am,8.00 pm,8.00 am,8.00 pm,8.00 am,8.00 pm,12.0,0
Singapore Pools Ang Mo Kio N6 Branch,8.00 am,8.00 pm,8.00 am,8.00 pm,8.00 am,8.00 pm,8.00 am,8.00 pm,8.00 am,8.00 pm,8.00 am,8.00 pm,8.00 am,8.00 pm,8.00 am,8.00 pm,12.0,0
NTUC FairPrice Yishun Ring Road,8.00 am,7.00 pm,8.00 am,7.00 pm,8.00 am,7.00 pm,8.00 am,7.00 pm,8.00 am,7.00 pm,8.00 am,7.00 pm,8.00 am,7.00 pm,8.00 am,7.00 pm,11.0,0
NTUC FairPrice Serangoon North Avenue 1,8.00 am,7.00 pm,8.00 am,7.00 pm,8.00 am,7.00 pm,8.00 am,7.00 pm,8.00 am,7.00 pm,8.00 am,7.00 pm,8.00 am,7.00 pm,8.00 am,7.00 pm,11.0,0
NTUC FairPrice Havelock Road,8.00 am,7.00 pm,8.00 am,7.00 pm,8.00 am,7.00 pm,8.00 am,7.00 pm,8.00 am,7.00 pm,8.00 am,7.00 pm,8.00 am,7.00 pm,8.00 am,7.00 pm,11.0,0
NTUC FairPrice Changi Business Park,8.00 am,8.00 pm,8.00 am,8.00 pm,8.00 am,8.00 pm,8.00 am,8.00 pm,8.00 am,8.00 pm,8.00 am,8.00 pm,8.00 am,8.00 pm,8.00 am,8.00 pm,12.0,0
Ng Nam Thye Trading - Taman Jurong,8.00 am,7.00 pm,8.00 am,7.00 pm,8.00 am,7.00 pm,8.00 am,7.00 pm,8.00 am,7.00 pm,8.00 am,7.00 pm,8.00 am,7.00 pm,8.00 am,7.00 pm,11.0,0
Li Thoe Trading,,,,,,,,,,,,,,,,,0.0,0
Li Li Cheng Supermarket (Punggol) Pte Ltd,8.00 am,8.00 pm,8.00 am,8.00 pm,8.00 am,8.00 pm,8.00 am,8.00 pm,8.00 am,8.00 pm,8.00 am,8.00 pm,8.00 am,8.00 pm,8.00 am,8.00 pm,12.0,0
Cold Storage Compass One,8.30 am,7.00 pm,8.30 am,7.00 pm,8.30 am,7.00 pm,8.30 am,7.00 pm,8.30 am,7.00 pm,8.30 am,7.00 pm,8.30 am,7.00 pm,8.30 am,7.00 pm,10.5,0
Chua Yan Kee,8.00 am,6.30 pm,8.00 am,6.30 pm,8.00 am,6.30 pm,8.00 am,6.30 pm,8.00 am,6.30 pm,8.00 am,6.30 pm,8.00 am,6.30 pm,8.00 am,6.30 pm,10.5,0
Chng Siow Eng Agency,8.00 am,7.00 pm,8.00 am,7.00 pm,8.00 am,7.00 pm,8.00 am,7.00 pm,8.00 am,7.00 pm,8.00 am,7.00 pm,8.00 am,7.00 pm,8.00 am,7.00 pm,11.0,0
Cheng Tai Boon Beng,8.00 am,7.00 pm,8.00 am,7.00 pm,8.00 am,7.00 pm,8.00 am,7.00 pm,8.00 am,7.00 pm,8.00 am,7.00 pm,8.00 am,7.00 pm,8.00 am,7.00 pm,11.0,0
Cheng Chew Wah Agency - Marine Terrace,8.00 am,7.00 pm,8.00 am,7.00 pm,8.00 am,7.00 pm,8.00 am,7.00 pm,8.00 am,7.00 pm,8.00 am,7.00 pm,8.00 am,7.00 pm,8.00 am,7.00 pm,11.0,0
7-Eleven Store McCallum Street,8.00 am,6.00 pm,8.00 am,7.00 pm,8.00 am,7.00 pm,8.00 am,7.00 pm,8.00 am,7.00 pm,8.00 am,7.00 pm,8.00 am,7.00 pm,8.00 am,7.00 pm,10.86,1
Wong Teck Chow Enterprise (Private) Limited,8.00 am,6.00 pm,8.00 am,6.00 pm,8.00 am,6.00 pm,8.00 am,6.00 pm,8.00 am,6.00 pm,8.00 am,6.00 pm,8.00 am,6.00 pm,8.00 am,6.00 pm,10.0,0
U Stars Sumang Walk,,,,,,,,,,,,,,,,,0.0,0
Tuck Lee Long,8.00 am,7.00 pm,8.00 am,7.00 pm,8.00 am,7.00 pm,8.00 am,7.00 pm,8.00 am,7.00 pm,8.00 am,7.00 pm,8.00 am,7.00 pm,8.00 am,7.00 pm,11.0,0
Tay Ah Tho Trading,8.00 am,7.00 pm,8.00 am,7.00 pm,8.00 am,7.00 pm,8.00 am,7.00 pm,8.00 am,7.00 pm,8.00 am,7.00 pm,8.00 am,7.00 pm,8.00 am,7.00 pm,11.0,0
Tan Kai Huat Provision Shop,8.00 am,7.00 pm,8.00 am,7.00 pm,8.00 am,7.00 pm,8.00 am,7.00 pm,8.00 am,7.00 pm,8.00 am,7.00 pm,8.00 am,7.00 pm,8.00 am,7.00 pm,11.0,0
Singapore Pools Sim Lim Square Branch,10.00 am,9.00 pm,10.00 am,9.00 pm,10.00 am,9.00 pm,10.00 am,9.00 pm,10.00 am,9.00 pm,10.00 am,9.00 pm,10.00 am,9.00 pm,10.00 am,9.00 pm,11.0,0
Singapore Pools Silat Avenue Branch,8.00 am,8.00 pm,8.00 am,8.00 pm,8.00 am,8.00 pm,8.00 am,8.00 pm,8.00 am,8.00 pm,8.00 am,8.00 pm,8.00 am,8.00 pm,8.00 am,8.00 pm,12.0,0
Singapore Pools Siglap Branch,8.00 am,8.00 pm,8.00 am,8.00 pm,8.00 am,8.00 pm,8.00 am,8.00 pm,8.00 am,8.00 pm,8.00 am,8.00 pm,8.00 am,8.00 pm,8.00 am,8.00 pm,12.0,0
Singapore Pools Choa Chu Kang Branch,,,,,,,,,,,,,,,,,0.0,0
Singapore Pools Chinatown Point Branch,10.00 am,9.00 pm,10.00 am,9.00 pm,10.00 am,9.00 pm,10.00 am,9.00 pm,10.00 am,9.00 pm,10.00 am,9.00 pm,10.00 am,9.00 pm,10.00 am,9.00 pm,11.0,0
Singapore Pools Chin Swee Branch,8.00 am,8.00 pm,8.00 am,8.00 pm,8.00 am,8.00 pm,8.00 am,8.00 pm,8.00 am,8.00 pm,8.00 am,8.00 pm,8.00 am,8.00 pm,8.00 am,8.00 pm,12.0,0
Singapore Pools Cheong Chin Nam Road Branch,10.00 am,9.00 pm,10.00 am,9.00 pm,10.00 am,9.00 pm,10.00 am,9.00 pm,10.00 am,9.00 pm,10.00 am,9.00 pm,10.00 am,9.00 pm,10.00 am,9.00 pm,11.0,0
Singapore Pools Beo Crescent Branch,8.00 am,8.00 pm,8.00 am,8.00 pm,8.00 am,8.00 pm,8.00 am,8.00 pm,8.00 am,8.00 pm,8.00 am,8.00 pm,8.00 am,8.00 pm,8.00 am,8.00 pm,12.0,0
Sheng Siong Junction 9,8.00 am,8.00 pm,8.00 am,8.00 pm,8.00 am,8.00 pm,8.00 am,8.00 pm,8.00 am,8.00 pm,8.00 am,8.00 pm,8.00 am,8.00 pm,8.00 am,8.00 pm,12.0,0
Prime Chai Chee Road,8.00 am,7.00 pm,8.00 am,7.00 pm,8.00 am,7.00 pm,8.00 am,7.00 pm,8.00 am,7.00 pm,8.00 am,7.00 pm,8.00 am,7.00 pm,8.00 am,7.00 pm,11.0,0
Overseas Emporium (Private) Limited,9.30 am,7.00 pm,9.30 am,7.00 pm,9.30 am,7.00 pm,9.30 am,7.00 pm,9.30 am,7.00 pm,9.30 am,7.00 pm,9.30 am,7.00 pm,9.30 am,7.00 pm,9.5,0
OCN (Singapore) Pte Ltd,8.00 am,7.00 pm,8.00 am,7.00 pm,8.00 am,7.00 pm,8.00 am,7.00 pm,8.00 am,7.00 pm,8.00 am,7.00 pm,8.00 am,7.00 pm,8.00 am,7.00 pm,11.0,0
NTUC FairPrice Xpress Macpherson Road,8.00 am,8.00 pm,8.00 am,8.00 pm,8.00 am,8.00 pm,8.00 am,8.00 pm,8.00 am,8.00 pm,8.00 am,8.00 pm,8.00 am,8.00 pm,8.00 am,8.00 pm,12.0,0
NTUC FairPrice Marsiling MRT Station,8.00 am,7.00 pm,8.00 am,7.00 pm,8.00 am,7.00 pm,8.00 am,7.00 pm,8.00 am,7.00 pm,8.00 am,7.00 pm,8.00 am,7.00 pm,8.00 am,7.00 pm,11.0,0
NTUC FairPrice Lorong 4 Toa Payoh,8.00 am,7.00 pm,8.00 am,7.00 pm,8.00 am,7.00 pm,8.00 am,7.00 pm,8.00 am,7.00 pm,8.00 am,7.00 pm,8.00 am,7.00 pm,8.00 am,7.00 pm,11.0,0
NTUC FairPrice Joo Koon,9.00 am,8.00 pm,9.00 am,8.00 pm,9.00 am,8.00 pm,9.00 am,8.00 pm,9.00 am,8.00 pm,9.00 am,8.00 pm,9.00 am,8.00 pm,9.00 am,8.00 pm,11.0,0
NTUC FairPrice Jem,9.00 am,8.00 pm,9.00 am,8.00 pm,9.00 am,8.00 pm,9.00 am,8.00 pm,9.00 am,8.00 pm,9.00 am,8.00 pm,9.00 am,8.00 pm,9.00 am,8.00 pm,11.0,0
NTUC FairPrice Boon Lay Place,8.00 am,7.00 pm,8.00 am,7.00 pm,8.00 am,7.00 pm,8.00 am,7.00 pm,8.00 am,7.00 pm,8.00 am,7.00 pm,8.00 am,7.00 pm,8.00 am,7.00 pm,11.0,0
Nel's Store,8.00 am,7.00 pm,8.00 am,7.00 pm,8.00 am,7.00 pm,8.00 am,7.00 pm,8.00 am,7.00 pm,8.00 am,7.00 pm,8.00 am,7.00 pm,8.00 am,7.00 pm,11.0,0
Nalayanee Trading Enterprise,8.30 am,7.00 pm,8.30 am,7.00 pm,8.30 am,7.00 pm,8.30 am,7.00 pm,8.30 am,7.00 pm,8.30 am,7.00 pm,8.30 am,7.00 pm,8.30 am,7.00 pm,10.5,0
Lucky Hill,,,,,,,,,,,,,,,,,0.0,0
Kim Chwee Trading,8.00 am,7.00 pm,8.00 am,7.00 pm,8.00 am,7.00 pm,8.00 am,7.00 pm,8.00 am,7.00 pm,8.00 am,7.00 pm,8.00 am,7.00 pm,8.00 am,7.00 pm,11.0,0
Hin Teck Leong Trading Company - Rowell Road,,,,,,,,,,,,,,,,,0.0,0
Giant Parkway Parade,,,,,,,,,,,,,,,,,0.0,0
Everstream Trading,8.00 am,7.00 pm,8.00 am,7.00 pm,8.00 am,7.00 pm,8.00 am,7.00 pm,8.00 am,7.00 pm,8.00 am,7.00 pm,8.00 am,7.00 pm,8.00 am,7.00 pm,11.0,0
Dawn Florist,8.00 am,7.00 pm,8.00 am,7.00 pm,8.00 am,7.00 pm,8.00 am,7.00 pm,8.00 am,7.00 pm,8.00 am,7.00 pm,8.00 am,7.00 pm,8.00 am,7.00 pm,11.0,0
Cold Storage Northpoint,8.30 am,6.00 pm,8.30 am,8.00 pm,8.30 am,7.00 pm,8.30 am,7.00 pm,8.30 am,8.00 pm,8.30 am,7.00 pm,8.30 am,7.00 pm,8.30 am,7.00 pm,10.64,1
Chuan Hao Departmental Store,8.00 am,7.00 pm,8.00 am,7.00 pm,8.00 am,7.00 pm,8.00 am,7.00 pm,8.00 am,7.00 pm,8.00 am,7.00 pm,8.00 am,7.00 pm,8.00 am,7.00 pm,11.0,0
Cheers New Upper Changi Road,,,,,,,,,,,,,,,,,0.0,0
Cheers Haig Road,,,,,,,,,,,,,,,,,0.0,0
Afro Asia Co Pte Ltd,8.00 am,7.00 pm,8.00 am,7.00 pm,8.00 am,7.00 pm,8.00 am,7.00 pm,8.00 am,7.00 pm,8.00 am,7.00 pm,8.00 am,7.00 pm,8.00 am,7.00 pm,11.0,0
7-Eleven Store Sixth Avenue,8.00 am,7.00 pm,8.00 am,7.00 pm,8.00 am,7.00 pm,8.00 am,7.00 pm,8.00 am,7.00 pm,8.00 am,7.00 pm,8.00 am,7.00 pm,8.00 am,7.00 pm,11.0,0
7-Eleven Store Choa Chu Kang Drive,8.00 am,7.00 pm,8.00 am,7.00 pm,8.00 am,7.00 pm,8.00 am,7.00 pm,8.00 am,7.00 pm,8.00 am,7.00 pm,8.00 am,7.00 pm,8.00 am,7.00 pm,11.0,0
7-Eleven Store Changi Road,8.00 am,7.00 pm,8.00 am,7.00 pm,8.00 am,7.00 pm,8.00 am,7.00 pm,8.00 am,7.00 pm,8.00 am,7.00 pm,8.00 am,7.00 pm,8.00 am,7.00 pm,11.0,0
Yeo Soon Huat,,,,,,,,,,,,,,,,,0.0,0
U Stars Keat Hong Link,8.00 am,8.00 pm,8.00 am,8.00 pm,8.00 am,8.00 pm,8.00 am,8.00 pm,8.00 am,8.00 pm,8.00 am,8.00 pm,8.00 am,8.00 pm,8.00 am,8.00 pm,12.0,0
Teo Khar Bee Agency,,,,,,,,,,,,,,,,,0.0,0
Tan Ah Leck Trading - Bukit Batok Street 11,8.00 am,7.00 pm,8.00 am,7.00 pm,8.00 am,7.00 pm,8.00 am,7.00 pm,8.00 am,7.00 pm,8.00 am,7.00 pm,8.00 am,7.00 pm,8.00 am,7.00 pm,11.0,0
Springdale Garments Co,8.00 am,7.00 pm,8.00 am,7.00 pm,8.00 am,7.00 pm,8.00 am,7.00 pm,8.00 am,7.00 pm,8.00 am,7.00 pm,8.00 am,7.00 pm,8.00 am,7.00 pm,11.0,0
Singapore Pools Yishun N2 Branch,8.00 am,8.00 pm,8.00 am,8.00 pm,8.00 am,8.00 pm,8.00 am,8.00 pm,8.00 am,8.00 pm,8.00 am,8.00 pm,8.00 am,8.00 pm,8.00 am,8.00 pm,12.0,0
Singapore Pools Teban Gardens Branch,8.00 am,8.00 pm,8.00 am,8.00 pm,8.00 am,8.00 pm,8.00 am,8.00 pm,8.00 am,8.00 pm,8.00 am,8.00 pm,8.00 am,8.00 pm,8.00 am,8.00 pm,12.0,0
Singapore Pools Jalan Tiga Branch,8.00 am,8.00 pm,8.00 am,8.00 pm,8.00 am,8.00 pm,8.00 am,8.00 pm,8.00 am,8.00 pm,8.00 am,8.00 pm,8.00 am,8.00 pm,8.00 am,8.00 pm,12.0,0
Singapore Pools Ghim Moh Branch,8.00 am,8.00 pm,8.00 am,8.00 pm,8.00 am,8.00 pm,8.00 am,8.00 pm,8.00 am,8.00 pm,8.00 am,8.00 pm,8.00 am,8.00 pm,8.00 am,8.00 pm,12.0,0
Singapore Pools Geylang Bahru Branch,8.00 am,8.00 pm,8.00 am,8.00 pm,8.00 am,8.00 pm,8.00 am,8.00 pm,8.00 am,8.00 pm,8.00 am,8.00 pm,8.00 am,8.00 pm,8.00 am,8.00 pm,12.0,0
Singapore Pools Circuit Road 88 Branch,8.00 am,8.00 pm,8.00 am,8.00 pm,8.00 am,8.00 pm,8.00 am,8.00 pm,8.00 am,8.00 pm,8.00 am,8.00 pm,8.00 am,8.00 pm,8.00 am,8.00 pm,12.0,0
Singapore Pools Bukit Gombak Branch,8.00 am,8.00 pm,8.00 am,8.00 pm,8.00 am,8.00 pm,8.00 am,8.00 pm,8.00 am,8.00 pm,8.00 am,8.00 pm,8.00 am,8.00 pm,8.00 am,8.00 pm,12.0,0
Singapore Pools Bedok North Branch,8.00 am,8.00 pm,8.00 am,8.00 pm,8.00 am,8.00 pm,8.00 am,8.00 pm,8.00 am,8.00 pm,8.00 am,8.00 pm,8.00 am,8.00 pm,8.00 am,8.00 pm,12.0,0
Sheng Siong Tanglin Halt Road,8.00 am,8.00 pm,8.00 am,8.00 pm,8.00 am,8.00 pm,8.00 am,8.00 pm,8.00 am,8.00 pm,8.00 am,8.00 pm,8.00 am,8.00 pm,8.00 am,8.00 pm,12.0,0
Sheng Moh Fruits & Provision Store,8.00 am,7.00 pm,8.00 am,7.00 pm,8.00 am,7.00 pm,8.00 am,7.00 pm,8.00 am,7.00 pm,8.00 am,7.00 pm,8.00 am,7.00 pm,8.00 am,7.00 pm,11.0,0
Prime Keat Hong,8.00 am,7.00 pm,8.00 am,7.00 pm,8.00 am,7.00 pm,8.00 am,7.00 pm,8.00 am,7.00 pm,8.00 am,7.00 pm,8.00 am,7.00 pm,8.00 am,7.00 pm,11.0,0
NTUC FairPrice Yung Kuang Road,,,,,,,,,,,,,,,,,0.0,0
NTUC FairPrice Yew Tee Point,8.00 am,8.00 pm,8.00 am,8.00 pm,8.00 am,8.00 pm,8.00 am,8.00 pm,8.00 am,8.00 pm,8.00 am,8.00 pm,8.00 am,8.00 pm,8.00 am,8.00 pm,12.0,0
NTUC FairPrice Woodlands Civic Centre,8.00 am,7.00 pm,8.00 am,7.00 pm,8.00 am,7.00 pm,8.00 am,7.00 pm,8.00 am,7.00 pm,8.00 am,7.00 pm,8.00 am,7.00 pm,8.00 am,7.00 pm,11.0,0
NTUC FairPrice Thomson Plaza,8.00 am,7.00 pm,8.00 am,7.00 pm,8.00 am,7.00 pm,8.00 am,7.00 pm,8.00 am,7.00 pm,8.00 am,7.00 pm,8.00 am,7.00 pm,8.00 am,7.00 pm,11.0,0
NTUC FairPrice Tampines Street 83,8.00 am,8.00 pm,8.00 am,8.00 pm,8.00 am,8.00 pm,8.00 am,8.00 pm,8.00 am,8.00 pm,8.00 am,8.00 pm,8.00 am,8.00 pm,8.00 am,8.00 pm,12.0,0
NTUC FairPrice Tampines Street 44,8.00 am,7.00 pm,8.00 am,7.00 pm,8.00 am,7.00 pm,8.00 am,7.00 pm,8.00 am,7.00 pm,8.00 am,7.00 pm,8.00 am,7.00 pm,8.00 am,7.00 pm,11.0,0
NTUC FairPrice Rivervale Mall,,,,,,,,,,,,,,,,,0.0,0
NTUC FairPrice Punggol Oasis Terraces,8.00 am,8.00 pm,8.00 am,8.00 pm,8.00 am,8.00 pm,8.00 am,8.00 pm,8.00 am,8.00 pm,8.00 am,8.00 pm,8.00 am,8.00 pm,8.00 am,8.00 pm,12.0,0
NTUC FairPrice Parkway Parade,8.00 am,8.00 pm,8.00 am,8.00 pm,8.00 am,8.00 pm,8.00 am,8.00 pm,8.00 am,8.00 pm,8.00 am,8.00 pm,8.00 am,8.00 pm,8.00 am,8.00 pm,12.0,0
NTUC FairPrice Marine Parade Central,8.00 am,7.00 pm,8.00 am,7.00 pm,8.00 am,7.00 pm,8.00 am,7.00 pm,8.00 am,7.00 pm,8.00 am,7.00 pm,8.00 am,7.00 pm,8.00 am,7.00 pm,11.0,0
NTUC FairPrice Limbang Shopping Centre,8.00 am,7.00 pm,8.00 am,7.00 pm,8.00 am,7.00 pm,8.00 am,7.00 pm,8.00 am,7.00 pm,8.00 am,7.00 pm,8.00 am,7.00 pm,8.00 am,7.00 pm,11.0,0
NTUC FairPrice E!Hub @ Downtown East,8.00 am,7.00 pm,8.00 am,7.00 pm,8.00 am,7.00 pm,8.00 am,7.00 pm,8.00 am,7.00 pm,8.00 am,7.00 pm,8.00 am,7.00 pm,8.00 am,7.00 pm,11.0,0
NTUC FairPrice Clementi Avenue 2,8.00 am,7.00 pm,8.00 am,7.00 pm,8.00 am,7.00 pm,8.00 am,7.00 pm,8.00 am,7.00 pm,8.00 am,7.00 pm,8.00 am,7.00 pm,8.00 am,7.00 pm,11.0,0
Ng Nam Thye Trading - Ang Mo Kio Avenue 3,8.00 am,8.00 pm,8.00 am,8.00 pm,8.00 am,8.00 pm,8.00 am,8.00 pm,8.00 am,8.00 pm,8.00 am,8.00 pm,8.00 am,8.00 pm,8.00 am,8.00 pm,12.0,0
Lim Heng Ee Trading Pte. Ltd.,8.00 am,7.00 pm,8.00 am,7.00 pm,8.00 am,7.00 pm,8.00 am,7.00 pm,8.00 am,7.00 pm,8.00 am,7.00 pm,8.00 am,7.00 pm,8.00 am,7.00 pm,11.0,0
Golden Lagoon Trading,8.00 am,7.00 pm,8.00 am,7.00 pm,8.00 am,7.00 pm,8.00 am,7.00 pm,8.00 am,7.00 pm,8.00 am,7.00 pm,8.00 am,7.00 pm,8.00 am,7.00 pm,11.0,0
Goh Geok Kwee Agency - Bukit Merah,8.00 am,7.00 pm,8.00 am,7.00 pm,8.00 am,7.00 pm,8.00 am,7.00 pm,8.00 am,7.00 pm,8.00 am,7.00 pm,8.00 am,7.00 pm,8.00 am,7.00 pm,11.0,0
Giant Beauty World Centre,8.00 am,7.00 pm,8.00 am,7.00 pm,8.00 am,7.00 pm,8.00 am,7.00 pm,8.00 am,7.00 pm,8.00 am,7.00 pm,8.00 am,7.00 pm,8.00 am,7.00 pm,11.0,0
Chua Hong Kim Trading,8.00 am,7.00 pm,8.00 am,7.00 pm,8.00 am,7.00 pm,8.00 am,7.00 pm,8.00 am,7.00 pm,8.00 am,7.00 pm,8.00 am,7.00 pm,8.00 am,7.00 pm,11.0,0
Chop Yeo Thong Heng,8.00 am,7.00 pm,8.00 am,7.00 pm,8.00 am,7.00 pm,8.00 am,7.00 pm,8.00 am,7.00 pm,8.00 am,7.00 pm,8.00 am,7.00 pm,8.00 am,7.00 pm,11.0,0
Chong Hoe Tong,8.00 am,7.00 pm,8.00 am,7.00 pm,8.00 am,7.00 pm,8.00 am,7.00 pm,8.00 am,7.00 pm,8.00 am,7.00 pm,8.00 am,7.00 pm,8.00 am,7.00 pm,11.0,0
Cheng Chew Wah Agency - Bedok South Road,8.00 am,7.00 pm,8.00 am,7.00 pm,8.00 am,7.00 pm,8.00 am,7.00 pm,8.00 am,7.00 pm,8.00 am,7.00 pm,8.00 am,7.00 pm,8.00 am,7.00 pm,11.0,0
Cheers Hougang Avenue 3,8.00 am,7.00 pm,8.00 am,7.00 pm,8.00 am,7.00 pm,8.00 am,7.00 pm,8.00 am,7.00 pm,8.00 am,7.00 pm,8.00 am,7.00 pm,8.00 am,7.00 pm,11.0,0
7-Eleven Store Plaza Singapura,8.00 am,7.00 pm,8.00 am,7.00 pm,8.00 am,7.00 pm,8.00 am,7.00 pm,8.00 am,7.00 pm,8.00 am,7.00 pm,8.00 am,7.00 pm,8.00 am,7.00 pm,11.0,0
7-Eleven Store Foch Road,8.00 am,7.00 pm,8.00 am,7.00 pm,8.00 am,7.00 pm,8.00 am,7.00 pm,8.00 am,7.00 pm,8.00 am,7.00 pm,8.00 am,7.00 pm,8.00 am,7.00 pm,11.0,0
7-Eleven Store Bedok North Street 2,8.00 am,7.00 pm,8.00 am,7.00 pm,8.00 am,7.00 pm,8.00 am,7.00 pm,8.00 am,7.00 pm,8.00 am,7.00 pm,8.00 am,7.00 pm,8.00 am,7.00 pm,11.0,0
Tan Ah Leck Trading - Jurong East Street 31,8.00 am,7.00 pm,8.00 am,7.00 pm,8.00 am,7.00 pm,8.00 am,7.00 pm,8.00 am,7.00 pm,8.00 am,7.00 pm,8.00 am,7.00 pm,8.00 am,7.00 pm,11.0,0
Superbowl Jurong Pte Ltd,8.00 am,7.00 pm,8.00 am,7.00 pm,8.00 am,7.00 pm,8.00 am,7.00 pm,8.00 am,7.00 pm,8.00 am,7.00 pm,8.00 am,7.00 pm,8.00 am,7.00 pm,11.0,0
Singapore Pools Woodlands N8 Branch,8.00 am,8.00 pm,8.00 am,8.00 pm,8.00 am,8.00 pm,8.00 am,8.00 pm,8.00 am,8.00 pm,8.00 am,8.00 pm,8.00 am,8.00 pm,8.00 am,8.00 pm,12.0,0
Singapore Pools Upper Boon Keng Branch,8.00 am,8.00 pm,8.00 am,8.00 pm,8.00 am,8.00 pm,8.00 am,8.00 pm,8.00 am,8.00 pm,8.00 am,8.00 pm,8.00 am,8.00 pm,8.00 am,8.00 pm,12.0,0
Singapore Pools Telok Blangah Branch,8.00 am,8.00 pm,8.00 am,8.00 pm,8.00 am,8.00 pm,8.00 am,8.00 pm,8.00 am,8.00 pm,8.00 am,8.00 pm,8.00 am,8.00 pm,8.00 am,8.00 pm,12.0,0
Singapore Pools Peace Centre Branch,,,,,,,,,,,,,,,,,0.0,0
Singapore Pools Pasir Ris N7 Branch,8.00 am,8.00 pm,8.00 am,8.00 pm,8.00 am,8.00 pm,8.00 am,8.00 pm,8.00 am,8.00 pm,8.00 am,8.00 pm,8.00 am,8.00 pm,8.00 am,8.00 pm,12.0,0
Singapore Pools Canberra Branch,8.00 am,8.00 pm,8.00 am,8.00 pm,8.00 am,8.00 pm,8.00 am,8.00 pm,8.00 am,8.00 pm,8.00 am,8.00 pm,8.00 am,8.00 pm,8.00 am,8.00 pm,12.0,0
Singapore Pools Ang Mo Kio N2A Branch,8.00 am,8.00 pm,8.00 am,8.00 pm,8.00 am,8.00 pm,8.00 am,8.00 pm,8.00 am,8.00 pm,8.00 am,8.00 pm,8.00 am,8.00 pm,8.00 am,8.00 pm,12.0,0
Prime Yishun Avenue 6,8.00 am,7.00 pm,8.00 am,7.00 pm,8.00 am,7.00 pm,8.00 am,7.00 pm,8.00 am,7.00 pm,8.00 am,7.00 pm,8.00 am,7.00 pm,8.00 am,7.00 pm,11.0,0
Papillon Florist Pte Ltd,8.00 am,8.00 pm,8.00 am,8.00 pm,8.00 am,8.00 pm,8.00 am,8.00 pm,8.00 am,8.00 pm,8.00 am,8.00 pm,8.00 am,8.00 pm,8.00 am,8.00 pm,12.0,0
NTUC FP Century Square,,,,,,,,,,,,,,,,,0.0,0
NTUC FairPrice Tampines Street 11,8.00 am,7.00 pm,8.00 am,7.00 pm,8.00 am,7.00 pm,8.00 am,7.00 pm,8.00 am,7.00 pm,8.00 am,7.00 pm,8.00 am,7.00 pm,8.00 am,7.00 pm,11.0,0
NTUC FairPrice Senja Road,8.00 am,7.00 pm,8.00 am,7.00 pm,8.00 am,7.00 pm,8.00 am,7.00 pm,8.00 am,7.00 pm,8.00 am,7.00 pm,8.00 am,7.00 pm,8.00 am,7.00 pm,11.0,0
NTUC FairPrice Seletar Mall,8.00 am,8.00 pm,8.00 am,8.00 pm,8.00 am,8.00 pm,8.00 am,8.00 pm,8.00 am,8.00 pm,8.00 am,8.00 pm,8.00 am,8.00 pm,8.00 am,8.00 pm,12.0,0
NTUC FairPrice New Upper Changi Road,8.00 am,7.00 pm,8.00 am,7.00 pm,8.00 am,7.00 pm,8.00 am,7.00 pm,8.00 am,7.00 pm,8.00 am,7.00 pm,8.00 am,7.00 pm,8.00 am,7.00 pm,11.0,0
NTUC FairPrice Kallang Wave Mall,,,,,,,,,,,,,,,,,0.0,0
NTUC FairPrice Kallang Bahru,8.00 am,7.00 pm,8.00 am,7.00 pm,8.00 am,7.00 pm,8.00 am,7.00 pm,8.00 am,7.00 pm,8.00 am,7.00 pm,8.00 am,7.00 pm,8.00 am,7.00 pm,11.0,0
NTUC FairPrice Hougang Mall,8.00 am,7.00 pm,8.00 am,7.00 pm,8.00 am,7.00 pm,8.00 am,7.00 pm,8.00 am,7.00 pm,8.00 am,7.00 pm,8.00 am,7.00 pm,8.00 am,7.00 pm,11.0,0
NTUC FairPrice Hillion Mall,8.00 am,8.00 pm,8.00 am,8.00 pm,8.00 am,8.00 pm,8.00 am,8.00 pm,8.00 am,8.00 pm,8.00 am,8.00 pm,8.00 am,8.00 pm,8.00 am,8.00 pm,12.0,0
NTUC FairPrice Eastpoint Mall,8.00 am,7.00 pm,8.00 am,7.00 pm,8.00 am,7.00 pm,8.00 am,7.00 pm,8.00 am,7.00 pm,8.00 am,7.00 pm,8.00 am,7.00 pm,8.00 am,7.00 pm,11.0,0
NTUC FairPrice Bukit Panjang Plaza,8.00 am,7.00 pm,8.00 am,7.00 pm,8.00 am,7.00 pm,8.00 am,7.00 pm,8.00 am,7.00 pm,8.00 am,7.00 pm,8.00 am,7.00 pm,8.00 am,7.00 pm,11.0,0
Kwek Lee Eng Agency,8.00 am,7.00 pm,8.00 am,7.00 pm,8.00 am,7.00 pm,8.00 am,7.00 pm,8.00 am,7.00 pm,8.00 am,7.00 pm,8.00 am,7.00 pm,8.00 am,7.00 pm,11.0,0
Hougang United Football Club,,,,,,,,,,,,,,,,,0.0,0
Giant Pioneer Mall,8.00 am,8.00 pm,8.00 am,8.00 pm,8.00 am,8.00 pm,8.00 am,8.00 pm,8.00 am,8.00 pm,8.00 am,8.00 pm,8.00 am,8.00 pm,8.00 am,8.00 pm,12.0,0
Giant Paya Lebar Square,,,,,,,,,,,,,,,,,0.0,0
Giant Compassvale Bow,,,,,,,,,,,,,,,,,0.0,0
Everbright  Services,8.00 am,7.00 pm,8.00 am,7.00 pm,8.00 am,7.00 pm,8.00 am,7.00 pm,8.00 am,7.00 pm,8.00 am,7.00 pm,8.00 am,7.00 pm,8.00 am,7.00 pm,11.0,0
7-Eleven Store Sin Ming,8.00 am,7.00 pm,8.00 am,7.00 pm,8.00 am,7.00 pm,8.00 am,7.00 pm,8.00 am,7.00 pm,8.00 am,7.00 pm,8.00 am,7.00 pm,8.00 am,7.00 pm,11.0,0
7-Eleven Store Circular Road,8.00 am,7.00 pm,8.00 am,7.00 pm,8.00 am,7.00 pm,8.00 am,7.00 pm,8.00 am,7.00 pm,8.00 am,7.00 pm,8.00 am,7.00 pm,8.00 am,7.00 pm,11.0,0
7-Eleven Big Mac Centre,,,,,,,,,,,,,,,,,0.0,0
Yeo Kean Fatt Dept Store,,,,,,,,,,,,,,,,,0.0,0
Tampines Trading - 824,8.00 am,7.00 pm,8.00 am,7.00 pm,8.00 am,7.00 pm,8.00 am,7.00 pm,8.00 am,7.00 pm,8.00 am,7.00 pm,8.00 am,7.00 pm,8.00 am,7.00 pm,11.0,0
Singapore Pools Yishun N4 Branch,8.00 am,8.00 pm,8.00 am,8.00 pm,8.00 am,8.00 pm,8.00 am,8.00 pm,8.00 am,8.00 pm,8.00 am,8.00 pm,8.00 am,8.00 pm,8.00 am,8.00 pm,12.0,0
Singapore Pools Toa Payoh Lorong 4 Branch,8.00 am,8.00 pm,8.00 am,8.00 pm,8.00 am,8.00 pm,8.00 am,8.00 pm,8.00 am,8.00 pm,8.00 am,8.00 pm,8.00 am,8.00 pm,8.00 am,8.00 pm,12.0,0
Singapore Pools Northpoint City Branch,10.00 am,9.00 pm,10.00 am,9.00 pm,10.00 am,9.00 pm,10.00 am,9.00 pm,10.00 am,9.00 pm,10.00 am,9.00 pm,10.00 am,9.00 pm,10.00 am,9.00 pm,11.0,0
Singapore Pools Lorong Lew Lian Branch,8.00 am,8.00 pm,8.00 am,8.00 pm,8.00 am,8.00 pm,8.00 am,8.00 pm,8.00 am,8.00 pm,8.00 am,8.00 pm,8.00 am,8.00 pm,8.00 am,8.00 pm,12.0,0
Singapore Pools Lengkok Bahru Branch,8.00 am,8.00 pm,8.00 am,8.00 pm,8.00 am,8.00 pm,8.00 am,8.00 pm,8.00 am,8.00 pm,8.00 am,8.00 pm,8.00 am,8.00 pm,8.00 am,8.00 pm,12.0,0
Singapore Pools Jalan Batu Branch,8.00 am,8.00 pm,8.00 am,8.00 pm,8.00 am,8.00 pm,8.00 am,8.00 pm,8.00 am,8.00 pm,8.00 am,8.00 pm,8.00 am,8.00 pm,8.00 am,8.00 pm,12.0,0
Singapore Pools Geylang Rd Branch,,,,,,,,,,,,,,,,,0.0,0
Singapore Pools Fajar Road Branch,8.00 am,8.00 pm,8.00 am,8.00 pm,8.00 am,8.00 pm,8.00 am,8.00 pm,8.00 am,8.00 pm,8.00 am,8.00 pm,8.00 am,8.00 pm,8.00 am,8.00 pm,12.0,0
Singapore Pools Empress Road Branch,8.00 am,8.00 pm,8.00 am,8.00 pm,8.00 am,8.00 pm,8.00 am,8.00 pm,8.00 am,8.00 pm,8.00 am,8.00 pm,8.00 am,8.00 pm,8.00 am,8.00 pm,12.0,0
Singapore Pools Chai Chee Branch,8.00 am,8.00 pm,8.00 am,8.00 pm,8.00 am,8.00 pm,8.00 am,8.00 pm,8.00 am,8.00 pm,8.00 am,8.00 pm,8.00 am,8.00 pm,8.00 am,8.00 pm,12.0,0
Singapore Pools Bukit Batok N3 Branch,8.00 am,8.00 pm,8.00 am,8.00 pm,8.00 am,8.00 pm,8.00 am,8.00 pm,8.00 am,8.00 pm,8.00 am,8.00 pm,8.00 am,8.00 pm,8.00 am,8.00 pm,12.0,0
Singapore Pools Bishan N1 Branch,8.00 am,8.00 pm,8.00 am,8.00 pm,8.00 am,8.00 pm,8.00 am,8.00 pm,8.00 am,8.00 pm,8.00 am,8.00 pm,8.00 am,8.00 pm,8.00 am,8.00 pm,12.0,0
Singapore Pools Balestier Road Branch,8.00 am,8.00 pm,8.00 am,8.00 pm,8.00 am,8.00 pm,8.00 am,8.00 pm,8.00 am,8.00 pm,8.00 am,8.00 pm,8.00 am,8.00 pm,8.00 am,8.00 pm,12.0,0
Sheng Siong Sengkang West Ave,8.00 am,8.00 pm,8.00 am,8.00 pm,8.00 am,8.00 pm,8.00 am,8.00 pm,8.00 am,8.00 pm,8.00 am,8.00 pm,8.00 am,8.00 pm,8.00 am,8.00 pm,12.0,0
Sheng Siong Marsiling Mall,8.00 am,8.00 pm,8.00 am,8.00 pm,8.00 am,8.00 pm,8.00 am,8.00 pm,8.00 am,8.00 pm,8.00 am,8.00 pm,8.00 am,8.00 pm,8.00 am,8.00 pm,12.0,0
Seah Koon Huat (Boon Tiong Rd),,,,,,,,,,,,,,,,,0.0,0
Seah Geok Eng Agency - Upper Serangoon View,8.00 am,7.00 pm,8.00 am,7.00 pm,8.00 am,7.00 pm,8.00 am,7.00 pm,8.00 am,7.00 pm,8.00 am,7.00 pm,8.00 am,7.00 pm,8.00 am,7.00 pm,11.0,0
S E Store,,,,,,,,,,,,,,,,,0.0,0
Prime Woodlands,,,,,,,,,,,,,,,,,0.0,0
Prime Joo Seng,8.00 am,7.00 pm,8.00 am,7.00 pm,8.00 am,7.00 pm,8.00 am,7.00 pm,8.00 am,7.00 pm,8.00 am,7.00 pm,8.00 am,7.00 pm,8.00 am,7.00 pm,11.0,0
Prime Compassvale Street,8.00 am,8.00 pm,8.00 am,8.00 pm,8.00 am,8.00 pm,8.00 am,8.00 pm,8.00 am,8.00 pm,8.00 am,8.00 pm,8.00 am,8.00 pm,8.00 am,8.00 pm,12.0,0
Prime Admiralty Place,8.00 am,7.00 pm,8.00 am,7.00 pm,8.00 am,7.00 pm,8.00 am,7.00 pm,8.00 am,7.00 pm,8.00 am,7.00 pm,8.00 am,7.00 pm,8.00 am,7.00 pm,11.0,0
Precise Optics,,,,,,,,,,,,,,,,,0.0,0
NTUC FP Shaw Plaza,,,,,,,,,,,,,,,,,0.0,0
NTUC FP Jurong Point,9.00 am,6.00 pm,9.00 am,8.00 pm,9.00 am,7.00 pm,9.00 am,7.00 pm,9.00 am,8.00 pm,9.00 am,9.00 pm,9.00 am,9.00 pm,9.00 am,7.00 pm,10.71,1
NTUC FairPrice Tiong Bahru Plaza,8.00 am,7.00 pm,8.00 am,7.00 pm,8.00 am,7.00 pm,8.00 am,7.00 pm,8.00 am,7.00 pm,8.00 am,7.00 pm,8.00 am,7.00 pm,8.00 am,7.00 pm,11.0,0
NTUC FairPrice The Woodleigh Mall,8.00 am,7.00 pm,8.00 am,7.00 pm,8.00 am,7.00 pm,8.00 am,7.00 pm,8.00 am,7.00 pm,8.00 am,7.00 pm,8.00 am,7.00 pm,8.00 am,7.00 pm,11.0,0
NTUC FairPrice Telok Blangah Street 32,8.00 am,7.00 pm,8.00 am,7.00 pm,8.00 am,7.00 pm,8.00 am,7.00 pm,8.00 am,7.00 pm,8.00 am,7.00 pm,8.00 am,7.00 pm,8.00 am,7.00 pm,11.0,0
NTUC FairPrice Tai Seng,8.00 am,7.00 pm,8.00 am,7.00 pm,8.00 am,7.00 pm,8.00 am,7.00 pm,8.00 am,7.00 pm,8.00 am,7.00 pm,8.00 am,7.00 pm,8.00 am,7.00 pm,11.0,0
NTUC FairPrice Sengkang East Ave,8.00 am,7.00 pm,8.00 am,7.00 pm,8.00 am,7.00 pm,8.00 am,7.00 pm,8.00 am,7.00 pm,8.00 am,7.00 pm,8.00 am,7.00 pm,8.00 am,7.00 pm,11.0,0
NTUC FairPrice Punggol Plaza,8.00 am,7.00 pm,8.00 am,7.00 pm,8.00 am,7.00 pm,8.00 am,7.00 pm,8.00 am,7.00 pm,8.00 am,7.00 pm,8.00 am,7.00 pm,8.00 am,7.00 pm,11.0,0
NTUC FairPrice Le Quest,8.00 am,8.00 pm,8.00 am,8.00 pm,8.00 am,8.00 pm,8.00 am,8.00 pm,8.00 am,8.00 pm,8.00 am,8.00 pm,8.00 am,8.00 pm,8.00 am,8.00 pm,12.0,0
NTUC FairPrice Dawson Place,8.00 am,7.00 pm,8.00 am,7.00 pm,8.00 am,7.00 pm,8.00 am,7.00 pm,8.00 am,7.00 pm,8.00 am,7.00 pm,8.00 am,7.00 pm,8.00 am,7.00 pm,11.0,0
Lee Ah Lan Trading,,,,,,,,,,,,,,,,,0.0,0
Holland Drive Betting Centre – Lottery Lobby (Public),10.00 am,6.00 pm,10.00 am,6.00 pm,10.00 am,6.00 pm,10.00 am,6.00 pm,10.00 am,6.00 pm,10.00 am,6.00 pm,10.00 am,6.00 pm,10.00 am,6.00 pm,8.0,0
Hock Soon Ann,8.00 am,7.00 pm,8.00 am,7.00 pm,8.00 am,7.00 pm,8.00 am,7.00 pm,8.00 am,7.00 pm,8.00 am,7.00 pm,8.00 am,7.00 pm,8.00 am,7.00 pm,11.0,0
Gerk Chwee Trading,8.00 am,7.00 pm,8.00 am,7.00 pm,8.00 am,7.00 pm,8.00 am,7.00 pm,8.00 am,7.00 pm,8.00 am,7.00 pm,8.00 am,7.00 pm,8.00 am,7.00 pm,11.0,0
Dawn Florist - Aljunied Avenue 2,8.00 am,7.00 pm,8.00 am,7.00 pm,8.00 am,7.00 pm,8.00 am,7.00 pm,8.00 am,7.00 pm,8.00 am,7.00 pm,8.00 am,7.00 pm,8.00 am,7.00 pm,11.0,0
Balestier Khalsa Football Club,8.00 am,7.00 pm,8.00 am,7.00 pm,8.00 am,7.00 pm,8.00 am,7.00 pm,8.00 am,7.00 pm,8.00 am,7.00 pm,8.00 am,7.00 pm,8.00 am,7.00 pm,11.0,0
B.H. Mini Mart,8.00 am,7.00 pm,8.00 am,7.00 pm,8.00 am,7.00 pm,8.00 am,7.00 pm,8.00 am,7.00 pm,8.00 am,7.00 pm,8.00 am,7.00 pm,8.00 am,7.00 pm,11.0,0
A.P. Mini Mart - Lorong 8 Toa Payoh,8.00 am,7.00 pm,8.00 am,7.00 pm,8.00 am,7.00 pm,8.00 am,7.00 pm,8.00 am,7.00 pm,8.00 am,7.00 pm,8.00 am,7.00 pm,8.00 am,7.00 pm,11.0,0
A.P. Mini Mart - Bedok Reservoir Road,8.00 am,7.00 pm,8.00 am,7.00 pm,8.00 am,7.00 pm,8.00 am,7.00 pm,8.00 am,7.00 pm,8.00 am,7.00 pm,8.00 am,7.00 pm,8.00 am,7.00 pm,11.0,0
7-Eleven Store Bukit Batok West Avenue 6,8.00 am,7.00 pm,8.00 am,7.00 pm,8.00 am,7.00 pm,8.00 am,7.00 pm,8.00 am,7.00 pm,8.00 am,7.00 pm,8.00 am,7.00 pm,8.00 am,7.00 pm,11.0,0
7-Eleven Jalan Leban,8.00 am,6.00 pm,8.00 am,8.00 pm,8.00 am,7.00 pm,8.00 am,7.00 pm,8.00 am,8.00 pm,8.00 am,7.00 pm,8.00 am,7.00 pm,8.00 am,7.00 pm,11.14,1
Warriors Football Club (S),,,,,,,,,,,,,,,,,0.0,0
Uni-Foto Pte Ltd,,,,,,,,,,,,,,,,,0.0,0
Tuas View,,,,,,,,,,,,,,,,,0.0,0
Singapore Racecourse - MRT Plaza (Public),,,,,,,,,,,,,,,,,0.0,0
Singapore Pools Yishun N7 Branch,8.00 am,8.00 pm,8.00 am,8.00 pm,8.00 am,8.00 pm,8.00 am,8.00 pm,8.00 am,8.00 pm,8.00 am,8.00 pm,8.00 am,8.00 pm,8.00 am,8.00 pm,12.0,0
Singapore Pools Upp Thomson Branch,,,,,,,,,,,,,,,,,0.0,0
Singapore Pools Great World City Branch,,,,,,,,,,,,,,,,,0.0,0
Singapore Pools Everton Park Branch,,,,,,,,,,,,,,,,,0.0,0
Singapore Pools Changi Road Branch,8.00 am,8.00 pm,8.00 am,8.00 pm,8.00 am,8.00 pm,8.00 am,8.00 pm,8.00 am,8.00 pm,8.00 am,8.00 pm,8.00 am,8.00 pm,8.00 am,8.00 pm,12.0,0
Sheng Siong Serangoon North Avenue 5,8.00 am,7.00 pm,8.00 am,7.00 pm,8.00 am,7.00 pm,8.00 am,7.00 pm,8.00 am,7.00 pm,8.00 am,7.00 pm,8.00 am,7.00 pm,8.00 am,7.00 pm,11.0,0
Shell Station Geylang Road,8.00 am,7.00 pm,8.00 am,7.00 pm,8.00 am,7.00 pm,8.00 am,7.00 pm,8.00 am,7.00 pm,8.00 am,7.00 pm,8.00 am,7.00 pm,8.00 am,7.00 pm,11.0,0
Serangoon Avenue 3 Betting Centre - Lottery Lobby (Public),10.00 am,6.00 pm,10.00 am,6.00 pm,10.00 am,6.00 pm,10.00 am,6.00 pm,10.00 am,6.00 pm,10.00 am,6.00 pm,10.00 am,6.00 pm,10.00 am,6.00 pm,8.0,0
River Hong Bao,,,,,,,,,,,,,,,,,0.0,0
Prime Serangoon North,8.00 am,8.00 pm,8.00 am,8.00 pm,8.00 am,8.00 pm,8.00 am,8.00 pm,8.00 am,8.00 pm,8.00 am,9.00 pm,8.00 am,9.00 pm,8.00 am,8.00 pm,12.29,1
Prime Hougang,,,,,,,,,,,,,,,,,0.0,0
Prime Buangkok Square,8.00 am,8.00 pm,8.00 am,8.00 pm,8.00 am,8.00 pm,8.00 am,8.00 pm,8.00 am,8.00 pm,8.00 am,8.00 pm,8.00 am,8.00 pm,8.00 am,8.00 pm,12.0,0
Premier Security Co-operative Ltd,,,,,,,,,,,,,,,,,0.0,0
Pinthely Floral Centre,,,,,,,,,,,,,,,,,0.0,0
Ong Eng Siang Trading,8.00 am,7.00 pm,8.00 am,7.00 pm,8.00 am,7.00 pm,8.00 am,7.00 pm,8.00 am,7.00 pm,8.00 am,7.00 pm,8.00 am,7.00 pm,8.00 am,7.00 pm,11.0,0
NTUC FP Square 2,,,,,,,,,,,,,,,,,0.0,0
NTUC FP Hougang Point,,,,,,,,,,,,,,,,,0.0,0
NTUC FP Coronation,8.00 am,6.00 pm,8.00 am,8.00 pm,8.00 am,7.00 pm,8.00 am,7.00 pm,8.00 am,8.00 pm,8.00 am,7.00 pm,8.00 am,7.00 pm,8.00 am,7.00 pm,11.14,1
NTUC Foodfare - Seletar Mall,,,,,,,,,,,,,,,,,0.0,0
NTUC FairPrice Zhongshan Mall,8.00 am,7.00 pm,8.00 am,7.00 pm,8.00 am,7.00 pm,8.00 am,7.00 pm,8.00 am,7.00 pm,8.00 am,7.00 pm,8.00 am,7.00 pm,8.00 am,7.00 pm,11.0,0
NTUC FairPrice Wisteria Mall,8.00 am,8.00 pm,8.00 am,8.00 pm,8.00 am,8.00 pm,8.00 am,8.00 pm,8.00 am,8.00 pm,8.00 am,8.00 pm,8.00 am,8.00 pm,8.00 am,8.00 pm,12.0,0
NTUC FairPrice VivoCity,9.00 am,8.00 pm,9.00 am,8.00 pm,9.00 am,8.00 pm,9.00 am,8.00 pm,9.00 am,8.00 pm,9.00 am,8.00 pm,9.00 am,8.00 pm,9.00 am,8.00 pm,11.0,0
NTUC FairPrice Paya Lebar Quarter,8.00 am,8.00 pm,8.00 am,8.00 pm,8.00 am,8.00 pm,8.00 am,8.00 pm,8.00 am,8.00 pm,8.00 am,8.00 pm,8.00 am,8.00 pm,8.00 am,8.00 pm,12.0,0
NTUC FairPrice Hougang Street 21,8.00 am,7.00 pm,8.00 am,7.00 pm,8.00 am,7.00 pm,8.00 am,7.00 pm,8.00 am,7.00 pm,8.00 am,7.00 pm,8.00 am,7.00 pm,8.00 am,7.00 pm,11.0,0
NTUC FairPrice Compassvale Link,8.00 am,8.00 pm,8.00 am,8.00 pm,8.00 am,8.00 pm,8.00 am,8.00 pm,8.00 am,8.00 pm,8.00 am,8.00 pm,8.00 am,8.00 pm,8.00 am,8.00 pm,12.0,0
NTUC FairPrice Canberra Plaza,8.00 am,8.00 pm,8.00 am,8.00 pm,8.00 am,8.00 pm,8.00 am,8.00 pm,8.00 am,8.00 pm,8.00 am,8.00 pm,8.00 am,8.00 pm,8.00 am,8.00 pm,12.0,0
NTUC FairPrice Bukit Timah Plaza,8.00 am,7.00 pm,8.00 am,7.00 pm,8.00 am,7.00 pm,8.00 am,7.00 pm,8.00 am,7.00 pm,8.00 am,7.00 pm,8.00 am,7.00 pm,8.00 am,7.00 pm,11.0,0
NTUC FairPrice Bishan Street 13,8.00 am,7.00 pm,8.00 am,7.00 pm,8.00 am,7.00 pm,8.00 am,7.00 pm,8.00 am,7.00 pm,8.00 am,7.00 pm,8.00 am,7.00 pm,8.00 am,7.00 pm,11.0,0
NTUC FairPrice Bedok North Street 1,8.00 am,7.00 pm,8.00 am,7.00 pm,8.00 am,7.00 pm,8.00 am,7.00 pm,8.00 am,7.00 pm,8.00 am,7.00 pm,8.00 am,7.00 pm,8.00 am,7.00 pm,11.0,0
NTUC FairPrice Anchorvale Village,8.00 am,7.00 pm,8.00 am,7.00 pm,8.00 am,7.00 pm,8.00 am,7.00 pm,8.00 am,7.00 pm,8.00 am,7.00 pm,8.00 am,7.00 pm,8.00 am,7.00 pm,11.0,0
Ichido Kopitiam City,8.00 am,8.00 pm,8.00 am,8.00 pm,8.00 am,8.00 pm,8.00 am,8.00 pm,8.00 am,8.00 pm,8.00 am,8.00 pm,8.00 am,8.00 pm,8.00 am,8.00 pm,12.0,0
Hin Teck Leong Trading Company - Whampoa Drive,8.00 am,7.00 pm,8.00 am,7.00 pm,8.00 am,7.00 pm,8.00 am,7.00 pm,8.00 am,7.00 pm,8.00 am,7.00 pm,8.00 am,7.00 pm,8.00 am,7.00 pm,11.0,0
Hao Mart Geylang Lorong 24,,,,,,,,,,,,,,,,,0.0,0
Goh Geok Kwee Agency - Redhill Lane,8.00 am,7.00 pm,8.00 am,7.00 pm,8.00 am,7.00 pm,8.00 am,7.00 pm,8.00 am,7.00 pm,8.00 am,7.00 pm,8.00 am,7.00 pm,8.00 am,7.00 pm,11.0,0
Giant VivoCity,,,,,,,,,,,,,,,,,0.0,0
Giant Sembawang Shopping Centre,,,,,,,,,,,,,,,,,0.0,0
Giant Greenridge Shopping Centre,,,,,,,,,,,,,,,,,0.0,0
Giant Edgefield Plains,,,,,,,,,,,,,,,,,0.0,0
Giant Buangkok Crescent,8.00 am,7.00 pm,8.00 am,7.00 pm,8.00 am,7.00 pm,8.00 am,7.00 pm,8.00 am,7.00 pm,8.00 am,7.00 pm,8.00 am,7.00 pm,8.00 am,7.00 pm,11.0,0
Clifford Gift Shop - Ang Mo Kio Avenue 10,8.00 am,7.00 pm,8.00 am,7.00 pm,8.00 am,7.00 pm,8.00 am,7.00 pm,8.00 am,7.00 pm,8.00 am,7.00 pm,8.00 am,7.00 pm,8.00 am,7.00 pm,11.0,0
Chua Seng Dept Store,,,,,,,,,,,,,,,,,0.0,0
Chop Yeo Thong Heng (International Plaza),,,,,,,,,,,,,,,,,0.0,0
Choice Decor Bedok North,,,,,,,,,,,,,,,,,0.0,0
China Square Betting Centre - Lottery Lobby (Public),,,,,,,,,,,,,,,,,0.0,0
Cheers Bedok North Street 3,,,,,,,,,,,,,,,,,0.0,0
Bukit Merah Betting Centre - Lottery Lobby (Public),10.00 am,6.00 pm,10.00 am,6.00 pm,10.00 am,6.00 pm,10.00 am,6.00 pm,10.00 am,6.00 pm,10.00 am,6.00 pm,10.00 am,6.00 pm,10.00 am,6.00 pm,8.0,0
7-Eleven Store Upper Thomson Road,8.00 am,7.00 pm,8.00 am,7.00 pm,8.00 am,7.00 pm,8.00 am,7.00 pm,8.00 am,7.00 pm,8.00 am,7.00 pm,8.00 am,7.00 pm,8.00 am,7.00 pm,11.0,0
7-Eleven Store Clementi Street 11,8.00 am,7.00 pm,8.00 am,7.00 pm,8.00 am,7.00 pm,8.00 am,7.00 pm,8.00 am,7.00 pm,8.00 am,7.00 pm,8.00 am,7.00 pm,8.00 am,7.00 pm,11.0,0
7-Eleven Erskine Rd,,,,,,,,,,,,,,,,,0.0,0
7-Eleven Balestier Rd,,,,,,,,,,,,,,,,,0.0,0
Xie Sheng Departmental Service Company - City Plaza,8.00 am,7.00 pm,8.00 am,7.00 pm,8.00 am,7.00 pm,8.00 am,7.00 pm,8.00 am,7.00 pm,8.00 am,7.00 pm,8.00 am,7.00 pm,8.00 am,7.00 pm,11.0,0
Thiam Hoon Traders,,,,,,,,,,,,,,,,,0.0,0
The Little Plaza,,,,,,,,,,,,,,,,,0.0,0
Tampines Rovers Football Club,,,,,,,,,,,,,,,,,0.0,0
STC Racecourse - Kranji 1,,,,,,,,,,,,,,,,,0.0,0
Singapore Pools Woodlands Centre,,,,,,,,,,,,,,,,,0.0,0
Singapore Pools Upp Serangoon Branch,,,,,,,,,,,,,,,,,0.0,0
Singapore Pools Rochor Centre Branch,8.00 am,9.00 pm,8.00 am,9.00 pm,8.00 am,9.00 pm,8.00 am,9.00 pm,8.00 am,9.00 pm,8.00 am,9.00 pm,8.00 am,9.00 pm,8.00 am,9.00 pm,13.0,0
Singapore Pools Commonwealth Crescent Branch,8.00 am,8.00 pm,8.00 am,8.00 pm,8.00 am,8.00 pm,8.00 am,8.00 pm,8.00 am,8.00 pm,8.00 am,8.00 pm,8.00 am,8.00 pm,8.00 am,8.00 pm,12.0,0
Sheng Siong Woodlands Drive 16,8.00 am,8.00 pm,8.00 am,8.00 pm,8.00 am,8.00 pm,8.00 am,8.00 pm,8.00 am,8.00 pm,8.00 am,8.00 pm,8.00 am,8.00 pm,8.00 am,8.00 pm,12.0,0
Sheng Siong Tampines Avenue 9,8.00 am,8.00 pm,8.00 am,8.00 pm,8.00 am,8.00 pm,8.00 am,8.00 pm,8.00 am,8.00 pm,8.00 am,8.00 pm,8.00 am,8.00 pm,8.00 am,8.00 pm,12.0,0
Sheng Siong Senja Close,,,,,,,,,,,,,,,,,0.0,0
Sheng Siong Jalan Berseh,8.00 am,8.00 pm,8.00 am,8.00 pm,8.00 am,8.00 pm,8.00 am,8.00 pm,8.00 am,8.00 pm,8.00 am,8.00 pm,8.00 am,8.00 pm,8.00 am,8.00 pm,12.0,0
Sheng Siong Clementi Avenue 6,8.00 am,8.00 pm,8.00 am,8.00 pm,8.00 am,8.00 pm,8.00 am,8.00 pm,8.00 am,8.00 pm,8.00 am,8.00 pm,8.00 am,8.00 pm,8.00 am,8.00 pm,12.0,0
Sheng Siong Canberra Street,8.00 am,7.00 pm,8.00 am,7.00 pm,8.00 am,7.00 pm,8.00 am,7.00 pm,8.00 am,7.00 pm,8.00 am,7.00 pm,8.00 am,7.00 pm,8.00 am,7.00 pm,11.0,0
Shell Station Tuas South Avenue 5,8.00 am,7.00 pm,8.00 am,7.00 pm,8.00 am,7.00 pm,8.00 am,7.00 pm,8.00 am,7.00 pm,8.00 am,7.00 pm,8.00 am,7.00 pm,8.00 am,7.00 pm,11.0,0
Seng Yeok Chan Agency,8.00 am,7.00 pm,8.00 am,7.00 pm,8.00 am,7.00 pm,8.00 am,7.00 pm,8.00 am,7.00 pm,8.00 am,7.00 pm,8.00 am,7.00 pm,8.00 am,7.00 pm,11.0,0
Rangoon Betting Centre - Lottery Lobby (Public),10.00 am,6.00 pm,10.00 am,6.00 pm,10.00 am,6.00 pm,10.00 am,6.00 pm,10.00 am,6.00 pm,10.00 am,6.00 pm,10.00 am,6.00 pm,10.00 am,6.00 pm,8.0,0
Prime Century Square,,,,,,,,,,,,,,,,,0.0,0
Prime Bidadari,,,,,,,,,,,,,,,,,0.0,0
Poon Long Heng,,,,,,,,,,,,,,,,,0.0,0
NTUC FP Punggol Walk,,,,,,,,,,,,,,,,,0.0,0
NTUC FairPrice The Woodgrove,8.00 am,8.00 pm,8.00 am,8.00 pm,8.00 am,8.00 pm,8.00 am,8.00 pm,8.00 am,8.00 pm,8.00 am,8.00 pm,8.00 am,8.00 pm,8.00 am,8.00 pm,12.0,0
NTUC FairPrice Tampines North Drive 2,8.00 am,7.00 pm,8.00 am,7.00 pm,8.00 am,7.00 pm,8.00 am,7.00 pm,8.00 am,7.00 pm,8.00 am,7.00 pm,8.00 am,7.00 pm,8.00 am,7.00 pm,11.0,0
NTUC FairPrice Sengkang East Drive,8.00 am,7.00 pm,8.00 am,7.00 pm,8.00 am,7.00 pm,8.00 am,7.00 pm,8.00 am,7.00 pm,8.00 am,7.00 pm,8.00 am,7.00 pm,8.00 am,7.00 pm,11.0,0
NTUC FairPrice Killiney Road,8.00 am,7.00 pm,8.00 am,7.00 pm,8.00 am,7.00 pm,8.00 am,7.00 pm,8.00 am,7.00 pm,8.00 am,7.00 pm,8.00 am,7.00 pm,8.00 am,7.00 pm,11.0,0
NTUC FairPrice Greenridge Shopping Centre,8.00 am,7.00 pm,8.00 am,7.00 pm,8.00 am,7.00 pm,8.00 am,7.00 pm,8.00 am,7.00 pm,8.00 am,7.00 pm,8.00 am,7.00 pm,8.00 am,7.00 pm,11.0,0
Majestic Betting Centre - Lottery Lobby (Public),10.00 am,6.00 pm,10.00 am,6.00 pm,10.00 am,6.00 pm,10.00 am,6.00 pm,10.00 am,6.00 pm,10.00 am,6.00 pm,10.00 am,6.00 pm,10.00 am,6.00 pm,8.0,0
Lee Wah TV & Electric Co,,,,,,,,,,,,,,,,,0.0,0
Keppel Credit Union Co-operative Ltd,,,,,,,,,,,,,,,,,0.0,0
Jurong East Betting Centre - Lottery Lobby (Public),,,,,,,,,,,,,,,,,0.0,0
Hao Mart Westgate,,,,,,,,,,,,,,,,,0.0,0
Hao Mart Punggol Walk,,,,,,,,,,,,,,,,,0.0,0
Giant Tanjong Katong,,,,,,,,,,,,,,,,,0.0,0
Giant Plantation Plaza,8.00 am,7.00 pm,8.00 am,7.00 pm,8.00 am,7.00 pm,8.00 am,7.00 pm,8.00 am,7.00 pm,8.00 am,7.00 pm,8.00 am,7.00 pm,8.00 am,7.00 pm,11.0,0
Geylang International FC,,,,,,,,,,,,,,,,,0.0,0
Fortune Supermarket Sembawang Drive,8.00 am,7.00 pm,8.00 am,7.00 pm,8.00 am,7.00 pm,8.00 am,7.00 pm,8.00 am,7.00 pm,8.00 am,7.00 pm,8.00 am,7.00 pm,8.00 am,7.00 pm,11.0,0
Food Republic i12 Katong,,,,,,,,,,,,,,,,,0.0,0
Cold Storage Aperia Mall,8.00 am,6.00 pm,8.00 am,6.00 pm,8.00 am,6.00 pm,8.00 am,6.00 pm,8.00 am,6.00 pm,8.00 am,6.00 pm,8.00 am,6.00 pm,8.00 am,6.00 pm,10.0,0
Choice Decor Co-Operative Society Ltd,,,,,,,,,,,,,,,,,0.0,0
China Square Betting Centre - Level 2,,,,,,,,,,,,,,,,,0.0,0
Cheers Woodlands Centre,,,,,,,,,,,,,,,,,0.0,0
Cheers Northshore Plaza II,8.00 am,7.00 pm,8.00 am,7.00 pm,8.00 am,7.00 pm,8.00 am,7.00 pm,8.00 am,7.00 pm,8.00 am,7.00 pm,8.00 am,7.00 pm,8.00 am,7.00 pm,11.0,0
Cheers Maude Rd,,,,,,,,,,,,,,,,,0.0,0
Bukit Merah Betting Centre,,,,,,,,,,,,,,,,,0.0,0
Bedok Betting Centre - Lottery Lobby (Public),10.00 am,6.00 pm,10.00 am,6.00 pm,10.00 am,6.00 pm,10.00 am,6.00 pm,10.00 am,6.00 pm,10.00 am,6.00 pm,10.00 am,6.00 pm,10.00 am,6.00 pm,8.0,0
ACE Signature Geylang Road,8.00 am,7.00 pm,8.00 am,7.00 pm,8.00 am,7.00 pm,8.00 am,7.00 pm,8.00 am,7.00 pm,8.00 am,7.00 pm,8.00 am,7.00 pm,8.00 am,7.00 pm,11.0,0
7-Eleven Store Tai Thong Crescent,,,,,,,,,,,,,,,,,0.0,0
7-Eleven Store Esplanade MRT Station,,,,,,,,,,,,,,,,,0.0,0
7-Eleven Store Bedok Road,,,,,,,,,,,,,,,,,0.0,0
7-Eleven Kim Tian,,,,,,,,,,,,,,,,,0.0,0
