outlet_name,detail_url,group1_wins,group2_wins,combined_wins
Singapore Pools Account Betting Service,https://www.singaporepools.com.sg/outlets/Pages/lo_details.aspx?sppl=b2lkPTY2ODg4MQ%3d%3d,236,1323,1559
Delisia Agency Pte Ltd,https://www.singaporepools.com.sg/outlets/Pages/lo_details.aspx?sppl=b2lkPTE4MTE%3d,26,100,126
Tong Aik Huat,https://www.singaporepools.com.sg/outlets/Pages/lo_details.aspx?sppl=b2lkPTUzMDM%3d,23,143,166
NTUC FairPrice NEX,https://www.singaporepools.com.sg/outlets/Pages/lo_details.aspx?sppl=b2lkPTU1MDg%3d,18,82,100
Tan Wee Fong Trading,https://www.singaporepools.com.sg/outlets/Pages/lo_details.aspx?sppl=b2lkPTMzMDM%3d,16,72,88
Singapore Pools King George's Ave Branch,https://www.singaporepools.com.sg/outlets/Pages/lo_details.aspx?sppl=b2lkPTE2MjAwMQ%3d%3d,16,40,56
NTUC FairPrice AMK Hub,https://www.singaporepools.com.sg/outlets/Pages/lo_details.aspx?sppl=b2lkPTU2MDk%3d,16,59,75
Fatt Chye Heng Trading,https://www.singaporepools.com.sg/outlets/Pages/lo_details.aspx?sppl=b2lkPTUzMDE%3d,16,58,74
PFG Framing & Trading,https://www.singaporepools.com.sg/outlets/Pages/lo_details.aspx?sppl=b2lkPTY0MDU%3d,14,54,68
Ng Teo Guan Self Service,https://www.singaporepools.com.sg/outlets/Pages/lo_details.aspx?sppl=b2lkPTQwMDE%3d,14,80,94
Mee Lee Cheong Pte. Ltd.,https://www.singaporepools.com.sg/outlets/Pages/lo_details.aspx?sppl=b2lkPTUyMTE%3d,14,54,68
Laura's Gifts,https://www.singaporepools.com.sg/outlets/Pages/lo_details.aspx?sppl=b2lkPTUxMDE%3d,14,32,46
Singapore Pools Suntec City Branch,https://www.singaporepools.com.sg/outlets/Pages/lo_details.aspx?sppl=b2lkPTE2MDE5Mg%3d%3d,13,38,51
Singapore Pools People's Park Centre (Chinatown) Branch,https://www.singaporepools.com.sg/outlets/Pages/lo_details.aspx?sppl=b2lkPTE2MDUwMQ%3d%3d,13,83,96
NTUC FairPrice Tampines Mall,https://www.singaporepools.com.sg/outlets/Pages/lo_details.aspx?sppl=b2lkPTUyMDg%3d,13,65,78
7-Eleven Store Eunos Crescent,https://www.singaporepools.com.sg/outlets/Pages/lo_details.aspx?sppl=b2lkPTQwMDI%3d,13,35,48
Singapore Pools Toa Payoh Lorong 1 Branch,https://www.singaporepools.com.sg/outlets/Pages/lo_details.aspx?sppl=b2lkPTE5MzEwMQ%3d%3d,12,49,61
Singapore Pools Hougang N1 Branch,https://www.singaporepools.com.sg/outlets/Pages/lo_details.aspx?sppl=b2lkPTE1NTMwMQ%3d%3d,12,47,59
Singapore Pools Clementi N7 Branch,https://www.singaporepools.com.sg/outlets/Pages/lo_details.aspx?sppl=b2lkPTE4MTIwMw%3d%3d,12,37,49
NTUC FairPrice Toa Payoh HDB Centre,https://www.singaporepools.com.sg/outlets/Pages/lo_details.aspx?sppl=b2lkPTMxMDc%3d,12,34,46
NTUC FairPrice Clementi Avenue 3,https://www.singaporepools.com.sg/outlets/Pages/lo_details.aspx?sppl=b2lkPTEyMTQ%3d,12,36,48
Singapore Pools Yishun N1 Branch,https://www.singaporepools.com.sg/outlets/Pages/lo_details.aspx?sppl=b2lkPTE3NzYwMQ%3d%3d,11,58,69
Singapore Pools Whampoa Drive Branch,https://www.singaporepools.com.sg/outlets/Pages/lo_details.aspx?sppl=b2lkPTE5MzIwMg%3d%3d,11,54,65
Singapore Pools Teck Whye Branch,https://www.singaporepools.com.sg/outlets/Pages/lo_details.aspx?sppl=b2lkPTE3NjgwMQ%3d%3d,11,48,59
Singapore Pools Tanjong Pagar Branch,https://www.singaporepools.com.sg/outlets/Pages/lo_details.aspx?sppl=b2lkPTE2MDgwMg%3d%3d,11,61,72
Singapore Pools Jurong West N5 Branch,https://www.singaporepools.com.sg/outlets/Pages/lo_details.aspx?sppl=b2lkPTE4NjE5MA%3d%3d,11,64,75
Singapore Pools IMM Branch,https://www.singaporepools.com.sg/outlets/Pages/lo_details.aspx?sppl=b2lkPTE4NjE5NA%3d%3d,11,45,56
Singapore Pools Hougang N2 Branch,https://www.singaporepools.com.sg/outlets/Pages/lo_details.aspx?sppl=b2lkPTE1NTMwMg%3d%3d,11,56,67
NTUC FairPrice Yishun MRT Station,https://www.singaporepools.com.sg/outlets/Pages/lo_details.aspx?sppl=b2lkPTc2MDQ%3d,11,49,60
NTUC FairPrice Jurong Gateway Road,https://www.singaporepools.com.sg/outlets/Pages/lo_details.aspx?sppl=b2lkPTYwMDE%3d,11,46,57
Jake Merchandise Associates,https://www.singaporepools.com.sg/outlets/Pages/lo_details.aspx?sppl=b2lkPTUyMDI%3d,11,42,53
7-Eleven Store Yishun Ring Road,https://www.singaporepools.com.sg/outlets/Pages/lo_details.aspx?sppl=b2lkPTc2MDE%3d,11,51,62
Wanrise,https://www.singaporepools.com.sg/outlets/Pages/lo_details.aspx?sppl=b2lkPTM4MDI%3d,10,41,51
Tay Sui Lan Agency,https://www.singaporepools.com.sg/outlets/Pages/lo_details.aspx?sppl=b2lkPTQwNA%3d%3d,10,45,55
Tampines Trading - 828,https://www.singaporepools.com.sg/outlets/Pages/lo_details.aspx?sppl=b2lkPTUyMDM%3d,10,53,63
Singapore Pools Woodlands 888 Branch,https://www.singaporepools.com.sg/outlets/Pages/lo_details.aspx?sppl=b2lkPTE3NzMwNA%3d%3d,10,51,61
Singapore Pools Tampines Mart Branch,https://www.singaporepools.com.sg/outlets/Pages/lo_details.aspx?sppl=b2lkPTE1NTIwMw%3d%3d,10,24,34
Singapore Pools Clementi N3 Branch,https://www.singaporepools.com.sg/outlets/Pages/lo_details.aspx?sppl=b2lkPTE4MTIwMg%3d%3d,10,46,56
Singapore Pools Bencoolen Branch,https://www.singaporepools.com.sg/outlets/Pages/lo_details.aspx?sppl=b2lkPTE2MTIwMQ%3d%3d,10,58,68
Rangoon Provision Shop,https://www.singaporepools.com.sg/outlets/Pages/lo_details.aspx?sppl=b2lkPTIxMDU%3d,10,38,48
NTUC FairPrice Bukit Batok MRT Station,https://www.singaporepools.com.sg/outlets/Pages/lo_details.aspx?sppl=b2lkPTY1MDQ%3d,10,30,40
Livewire Singapore Pools,https://www.singaporepools.com.sg/outlets/Pages/lo_details.aspx?sppl=b2lkPTg4ODg%3d,10,48,58
Livewire Marina Bay Sands,https://www.singaporepools.com.sg/outlets/Pages/lo_details.aspx?sppl=b2lkPTI4MDEwMQ%3d%3d,10,40,50
Lee Eng Trading Store,https://www.singaporepools.com.sg/outlets/Pages/lo_details.aspx?sppl=b2lkPTUyMDY%3d,10,44,54
Cheers Harbourfront Centre,https://www.singaporepools.com.sg/outlets/Pages/lo_details.aspx?sppl=b2lkPTkwNg%3d%3d,10,35,45
Singapore Pools Woodlands N5 Branch,https://www.singaporepools.com.sg/outlets/Pages/lo_details.aspx?sppl=b2lkPTE3NzMwMg%3d%3d,9,39,48
Singapore Pools Toa Payoh Lorong 8 Branch,https://www.singaporepools.com.sg/outlets/Pages/lo_details.aspx?sppl=b2lkPTE5MzEwMg%3d%3d,9,34,43
Singapore Pools New Upper Changi Branch,https://www.singaporepools.com.sg/outlets/Pages/lo_details.aspx?sppl=b2lkPTE1NDYwMw%3d%3d,9,28,37
Singapore Pools Lorong 25A Geylang Branch,https://www.singaporepools.com.sg/outlets/Pages/lo_details.aspx?sppl=b2lkPTE2MzgwMQ%3d%3d,9,47,56
Singapore Pools Jurong West N4 Branch,https://www.singaporepools.com.sg/outlets/Pages/lo_details.aspx?sppl=b2lkPTE4NjQwMQ%3d%3d,9,53,62
Singapore Pools Clementi Town Centre Branch,https://www.singaporepools.com.sg/outlets/Pages/lo_details.aspx?sppl=b2lkPTE4MTIwMQ%3d%3d,9,68,77
Singapore Pools Bedok Town Centre Branch,https://www.singaporepools.com.sg/outlets/Pages/lo_details.aspx?sppl=b2lkPTE1NDE5Nw%3d%3d,9,54,63
NTUC FairPrice Lot 1 Shoppers' Mall,https://www.singaporepools.com.sg/outlets/Pages/lo_details.aspx?sppl=b2lkPTY4MDU%3d,9,30,39
Nan Huat Wine Store,https://www.singaporepools.com.sg/outlets/Pages/lo_details.aspx?sppl=b2lkPTU3MDI%3d,9,40,49
Evercool Engineering,https://www.singaporepools.com.sg/outlets/Pages/lo_details.aspx?sppl=b2lkPTMxMDU%3d,9,34,43
Tan Boon Tin Agency,https://www.singaporepools.com.sg/outlets/Pages/lo_details.aspx?sppl=b2lkPTQ0MDE%3d,8,23,31
Singapore Pools Pasir Ris N2 Branch,https://www.singaporepools.com.sg/outlets/Pages/lo_details.aspx?sppl=b2lkPTE1NTEwMg%3d%3d,8,45,53
Singapore Pools Ang Mo Kio N7 Branch,https://www.singaporepools.com.sg/outlets/Pages/lo_details.aspx?sppl=b2lkPTE5NTYwNA%3d%3d,8,46,54
Singapore Pools Ang Mo Kio N2 Branch,https://www.singaporepools.com.sg/outlets/Pages/lo_details.aspx?sppl=b2lkPTE5NTYwMQ%3d%3d,8,43,51
Seah Geok Eng Agency - Rivervale Plaza,https://www.singaporepools.com.sg/outlets/Pages/lo_details.aspx?sppl=b2lkPTUzMDQ%3d,8,42,50
NTUC FairPrice White Sands,https://www.singaporepools.com.sg/outlets/Pages/lo_details.aspx?sppl=b2lkPTUxMDQ%3d,8,39,47
NTUC FairPrice Sun Plaza,https://www.singaporepools.com.sg/outlets/Pages/lo_details.aspx?sppl=b2lkPTc1MDI%3d,8,34,42
NTUC FairPrice Jurong Point,https://www.singaporepools.com.sg/outlets/Pages/lo_details.aspx?sppl=b2lkPTY0MDg%3d,8,64,72
NTUC FairPrice Bedok North Street 4,https://www.singaporepools.com.sg/outlets/Pages/lo_details.aspx?sppl=b2lkPTQ2MDI%3d,8,23,31
Giant Sunshine Place,https://www.singaporepools.com.sg/outlets/Pages/lo_details.aspx?sppl=b2lkPTY4MDc%3d,8,25,33
Cheers Hougang Central,https://www.singaporepools.com.sg/outlets/Pages/lo_details.aspx?sppl=b2lkPTUzMTI%3d,8,45,53
Vitatron & Medical Co,https://www.singaporepools.com.sg/outlets/Pages/lo_details.aspx?sppl=b2lkPTUxNg%3d%3d,7,28,35
Teo Sook Cheng Agency,https://www.singaporepools.com.sg/outlets/Pages/lo_details.aspx?sppl=b2lkPTc2MDI%3d,7,65,72
Soh Choo Trading,https://www.singaporepools.com.sg/outlets/Pages/lo_details.aspx?sppl=b2lkPTczMDk%3d,7,37,44
Singapore Pools Tampines N4 Branch,https://www.singaporepools.com.sg/outlets/Pages/lo_details.aspx?sppl=b2lkPTE1NTIwMQ%3d%3d,7,20,27
Singapore Pools Serangoon Central Branch,https://www.singaporepools.com.sg/outlets/Pages/lo_details.aspx?sppl=b2lkPTE5NTUwMQ%3d%3d,7,41,48
Singapore Pools Potong Pasir Branch,https://www.singaporepools.com.sg/outlets/Pages/lo_details.aspx?sppl=b2lkPTE5MzUwMQ%3d%3d,7,17,24
Singapore Pools Lucky Plaza Branch,https://www.singaporepools.com.sg/outlets/Pages/lo_details.aspx?sppl=b2lkPTE2MjE5OQ%3d%3d,7,67,74
Singapore Pools Holland Drive Branch,https://www.singaporepools.com.sg/outlets/Pages/lo_details.aspx?sppl=b2lkPTE4MjcwMg%3d%3d,7,56,63
Singapore Pools Bukit Panjang Branch,https://www.singaporepools.com.sg/outlets/Pages/lo_details.aspx?sppl=b2lkPTE3NjcwMQ%3d%3d,7,46,53
Singapore Pools Bishan N2 Branch,https://www.singaporepools.com.sg/outlets/Pages/lo_details.aspx?sppl=b2lkPTE5NTcwMg%3d%3d,7,36,43
Singapore Pools Ang Mo Kio N4 Branch,https://www.singaporepools.com.sg/outlets/Pages/lo_details.aspx?sppl=b2lkPTE5NTYwMg%3d%3d,7,45,52
Singapore Pools Anchorvale Road Branch,https://www.singaporepools.com.sg/outlets/Pages/lo_details.aspx?sppl=b2lkPTE3NTQwMQ%3d%3d,7,25,32
Seah Koon Huat - Bukit Merah View,https://www.singaporepools.com.sg/outlets/Pages/lo_details.aspx?sppl=b2lkPTE1MTM%3d,7,29,36
Prime Punggol Field,https://www.singaporepools.com.sg/outlets/Pages/lo_details.aspx?sppl=b2lkPTgyMDE%3d,7,26,33
NTUC FairPrice Tanjong Pagar Plaza,https://www.singaporepools.com.sg/outlets/Pages/lo_details.aspx?sppl=b2lkPTgwNw%3d%3d,7,22,29
NTUC FairPrice Bukit Merah Central,https://www.singaporepools.com.sg/outlets/Pages/lo_details.aspx?sppl=b2lkPTE1MTI%3d,7,33,40
Metro Woodlands,https://www.singaporepools.com.sg/outlets/Pages/lo_details.aspx?sppl=b2lkPTczMDY%3d,7,29,36
Livewire (Resorts World Sentosa),https://www.singaporepools.com.sg/outlets/Pages/lo_details.aspx?sppl=b2lkPTI4MDkwMQ%3d%3d,7,35,42
Kis Store,https://www.singaporepools.com.sg/outlets/Pages/lo_details.aspx?sppl=b2lkPTQwMw%3d%3d,7,23,30
Clifford Gift Shop,https://www.singaporepools.com.sg/outlets/Pages/lo_details.aspx?sppl=b2lkPTU2MDQ%3d,7,48,55
Cheers Changi Village Road,https://www.singaporepools.com.sg/outlets/Pages/lo_details.aspx?sppl=b2lkPTUwMDI%3d,7,39,46
7-Eleven Store Owen Road,https://www.singaporepools.com.sg/outlets/Pages/lo_details.aspx?sppl=b2lkPTIxMDY%3d,7,16,23
Xie Sheng Departmental Service Company,https://www.singaporepools.com.sg/outlets/Pages/lo_details.aspx?sppl=b2lkPTQ3MDE%3d,6,27,33
Singapore Pools Woodlands N3 Branch,https://www.singaporepools.com.sg/outlets/Pages/lo_details.aspx?sppl=b2lkPTE3NzMwMQ%3d%3d,6,47,53
Singapore Pools LOT One Branch,https://www.singaporepools.com.sg/outlets/Pages/lo_details.aspx?sppl=b2lkPTE3NjIwMw%3d%3d,6,21,27
Singapore Pools Jurong West N2 Branch,https://www.singaporepools.com.sg/outlets/Pages/lo_details.aspx?sppl=b2lkPTE4NjQwMg%3d%3d,6,16,22
Singapore Pools Jurong East Branch,https://www.singaporepools.com.sg/outlets/Pages/lo_details.aspx?sppl=b2lkPTE4NjAwMg%3d%3d,6,45,51
Singapore Pools Hougang N3 Branch,https://www.singaporepools.com.sg/outlets/Pages/lo_details.aspx?sppl=b2lkPTE1NTMwMw%3d%3d,6,23,29
Singapore Pools Gek Poh Shopping Centre (Jurong West N7) Branch,https://www.singaporepools.com.sg/outlets/Pages/lo_details.aspx?sppl=b2lkPTE4NjQwMw%3d%3d,6,43,49
Singapore Pools Funan Branch,https://www.singaporepools.com.sg/outlets/Pages/lo_details.aspx?sppl=b2lkPTE2MTIwMg%3d%3d,6,12,18
Singapore Pools Circuit Road 64 Branch,https://www.singaporepools.com.sg/outlets/Pages/lo_details.aspx?sppl=b2lkPTE5MzcwMQ%3d%3d,6,14,20
Singapore Pools Bukit Batok Central Branch,https://www.singaporepools.com.sg/outlets/Pages/lo_details.aspx?sppl=b2lkPTE4NjUwMw%3d%3d,6,50,56
Singapore Pools Ang Mo Kio N6 Branch,https://www.singaporepools.com.sg/outlets/Pages/lo_details.aspx?sppl=b2lkPTE5NTYwMw%3d%3d,6,38,44
NTUC FairPrice Yishun Ring Road,https://www.singaporepools.com.sg/outlets/Pages/lo_details.aspx?sppl=b2lkPTc2MDc%3d,6,30,36
NTUC FairPrice Serangoon North Avenue 1,https://www.singaporepools.com.sg/outlets/Pages/lo_details.aspx?sppl=b2lkPTU1MDI%3d,6,32,38
NTUC FairPrice Havelock Road,https://www.singaporepools.com.sg/outlets/Pages/lo_details.aspx?sppl=b2lkPTE2MTc%3d,6,10,16
NTUC FairPrice Changi Business Park,https://www.singaporepools.com.sg/outlets/Pages/lo_details.aspx?sppl=b2lkPTQ4MDE%3d,6,23,29
Ng Nam Thye Trading - Taman Jurong,https://www.singaporepools.com.sg/outlets/Pages/lo_details.aspx?sppl=b2lkPTYxMDU%3d,6,27,33
Li Thoe Trading,https://www.singaporepools.com.sg/outlets/Pages/lo_details.aspx?sppl=b2lkPTM4MDM%3d,6,32,38
Li Li Cheng Supermarket (Punggol) Pte Ltd,https://www.singaporepools.com.sg/outlets/Pages/lo_details.aspx?sppl=b2lkPTgyMDU%3d,6,23,29
Cold Storage Compass One,https://www.singaporepools.com.sg/outlets/Pages/lo_details.aspx?sppl=b2lkPTU0MDY%3d,6,39,45
Chua Yan Kee,https://www.singaporepools.com.sg/outlets/Pages/lo_details.aspx?sppl=b2lkPTE0MTU%3d,6,8,14
Chng Siow Eng Agency,https://www.singaporepools.com.sg/outlets/Pages/lo_details.aspx?sppl=b2lkPTUxMDM%3d,6,26,32
Cheng Tai Boon Beng,https://www.singaporepools.com.sg/outlets/Pages/lo_details.aspx?sppl=b2lkPTIyMTM%3d,6,21,27
Cheng Chew Wah Agency - Marine Terrace,https://www.singaporepools.com.sg/outlets/Pages/lo_details.aspx?sppl=b2lkPTQ1MDE%3d,6,26,32
7-Eleven Store McCallum Street,https://www.singaporepools.com.sg/outlets/Pages/lo_details.aspx?sppl=b2lkPTYwNQ%3d%3d,6,37,43
Wong Teck Chow Enterprise (Private) Limited,https://www.singaporepools.com.sg/outlets/Pages/lo_details.aspx?sppl=b2lkPTE4MTA%3d,5,5,10
U Stars Sumang Walk,https://www.singaporepools.com.sg/outlets/Pages/lo_details.aspx?sppl=b2lkPTgyMDY%3d,5,2,7
Tuck Lee Long,https://www.singaporepools.com.sg/outlets/Pages/lo_details.aspx?sppl=b2lkPTU2MDE%3d,5,23,28
Tay Ah Tho Trading,https://www.singaporepools.com.sg/outlets/Pages/lo_details.aspx?sppl=b2lkPTI0MDE%3d,5,25,30
Tan Kai Huat Provision Shop,https://www.singaporepools.com.sg/outlets/Pages/lo_details.aspx?sppl=b2lkPTUzMDk%3d,5,17,22
Singapore Pools Sim Lim Square Branch,https://www.singaporepools.com.sg/outlets/Pages/lo_details.aspx?sppl=b2lkPTE2MTE4Ng%3d%3d,5,28,33
Singapore Pools Silat Avenue Branch,https://www.singaporepools.com.sg/outlets/Pages/lo_details.aspx?sppl=b2lkPTE2MTYwNA%3d%3d,5,13,18
Singapore Pools Siglap Branch,https://www.singaporepools.com.sg/outlets/Pages/lo_details.aspx?sppl=b2lkPTE1NDUwMQ%3d%3d,5,19,24
Singapore Pools Choa Chu Kang Branch,https://www.singaporepools.com.sg/outlets/Pages/lo_details.aspx?sppl=b2lkPTE3NjgwMg%3d%3d,5,38,43
Singapore Pools Chinatown Point Branch,https://www.singaporepools.com.sg/outlets/Pages/lo_details.aspx?sppl=b2lkPTE2MDE5OA%3d%3d,5,77,82
Singapore Pools Chin Swee Branch,https://www.singaporepools.com.sg/outlets/Pages/lo_details.aspx?sppl=b2lkPTE2MTYwMg%3d%3d,5,19,24
Singapore Pools Cheong Chin Nam Road Branch,https://www.singaporepools.com.sg/outlets/Pages/lo_details.aspx?sppl=b2lkPTE3NTE5MQ%3d%3d,5,26,31
Singapore Pools Beo Crescent Branch,https://www.singaporepools.com.sg/outlets/Pages/lo_details.aspx?sppl=b2lkPTE2MTYwMQ%3d%3d,5,25,30
Sheng Siong Junction 9,https://www.singaporepools.com.sg/outlets/Pages/lo_details.aspx?sppl=b2lkPTc2MTM%3d,5,15,20
Prime Chai Chee Road,https://www.singaporepools.com.sg/outlets/Pages/lo_details.aspx?sppl=b2lkPTQ2MTA%3d,5,16,21
Overseas Emporium (Private) Limited,https://www.singaporepools.com.sg/outlets/Pages/lo_details.aspx?sppl=b2lkPTUxNw%3d%3d,5,30,35
OCN (Singapore) Pte Ltd,https://www.singaporepools.com.sg/outlets/Pages/lo_details.aspx?sppl=b2lkPTEyMTI%3d,5,34,39
NTUC FairPrice Xpress Macpherson Road,https://www.singaporepools.com.sg/outlets/Pages/lo_details.aspx?sppl=b2lkPTM0MDI%3d,5,26,31
NTUC FairPrice Marsiling MRT Station,https://www.singaporepools.com.sg/outlets/Pages/lo_details.aspx?sppl=b2lkPTczMDU%3d,5,24,29
NTUC FairPrice Lorong 4 Toa Payoh,https://www.singaporepools.com.sg/outlets/Pages/lo_details.aspx?sppl=b2lkPTMxMDM%3d,5,20,25
NTUC FairPrice Joo Koon,https://www.singaporepools.com.sg/outlets/Pages/lo_details.aspx?sppl=b2lkPTYyMDI%3d,5,23,28
NTUC FairPrice Jem,https://www.singaporepools.com.sg/outlets/Pages/lo_details.aspx?sppl=b2lkPTYwMDY%3d,5,52,57
NTUC FairPrice Boon Lay Place,https://www.singaporepools.com.sg/outlets/Pages/lo_details.aspx?sppl=b2lkPTY0MDE%3d,5,46,51
Nel's Store,https://www.singaporepools.com.sg/outlets/Pages/lo_details.aspx?sppl=b2lkPTQ3MDI%3d,5,14,19
Nalayanee Trading Enterprise,https://www.singaporepools.com.sg/outlets/Pages/lo_details.aspx?sppl=b2lkPTUzMDY%3d,5,17,22
Lucky Hill,https://www.singaporepools.com.sg/outlets/Pages/lo_details.aspx?sppl=b2lkPTkwNQ%3d%3d,5,14,19
Kim Chwee Trading,https://www.singaporepools.com.sg/outlets/Pages/lo_details.aspx?sppl=b2lkPTYwMDI%3d,5,23,28
Hin Teck Leong Trading Company - Rowell Road,https://www.singaporepools.com.sg/outlets/Pages/lo_details.aspx?sppl=b2lkPTIwMTI%3d,5,18,23
Giant Parkway Parade,https://www.singaporepools.com.sg/outlets/Pages/lo_details.aspx?sppl=b2lkPTQ0MDQ%3d,5,16,21
Everstream Trading,https://www.singaporepools.com.sg/outlets/Pages/lo_details.aspx?sppl=b2lkPTY1MDI%3d,5,49,54
Dawn Florist,https://www.singaporepools.com.sg/outlets/Pages/lo_details.aspx?sppl=b2lkPTgwMDE%3d,5,23,28
Cold Storage Northpoint,https://www.singaporepools.com.sg/outlets/Pages/lo_details.aspx?sppl=b2lkPTc2MTI%3d,5,25,30
Chuan Hao Departmental Store,https://www.singaporepools.com.sg/outlets/Pages/lo_details.aspx?sppl=b2lkPTEzMDM%3d,5,8,13
Cheers New Upper Changi Road,https://www.singaporepools.com.sg/outlets/Pages/lo_details.aspx?sppl=b2lkPTQ2MDk%3d,5,21,26
Cheers Haig Road,https://www.singaporepools.com.sg/outlets/Pages/lo_details.aspx?sppl=b2lkPTQzMDM%3d,5,16,21
Afro Asia Co Pte Ltd,https://www.singaporepools.com.sg/outlets/Pages/lo_details.aspx?sppl=b2lkPTc1MDE%3d,5,19,24
7-Eleven Store Sixth Avenue,https://www.singaporepools.com.sg/outlets/Pages/lo_details.aspx?sppl=b2lkPTI3MDY%3d,5,14,19
7-Eleven Store Choa Chu Kang Drive,https://www.singaporepools.com.sg/outlets/Pages/lo_details.aspx?sppl=b2lkPTY4MDg%3d,5,26,31
7-Eleven Store Changi Road,https://www.singaporepools.com.sg/outlets/Pages/lo_details.aspx?sppl=b2lkPTQxMDE%3d,5,19,24
Yeo Soon Huat,https://www.singaporepools.com.sg/outlets/Pages/lo_details.aspx?sppl=b2lkPTMxMDE%3d,4,9,13
U Stars Keat Hong Link,https://www.singaporepools.com.sg/outlets/Pages/lo_details.aspx?sppl=b2lkPTY4MTA%3d,4,7,11
Teo Khar Bee Agency,https://www.singaporepools.com.sg/outlets/Pages/lo_details.aspx?sppl=b2lkPTMzMDI%3d,4,26,30
Tan Ah Leck Trading - Bukit Batok Street 11,https://www.singaporepools.com.sg/outlets/Pages/lo_details.aspx?sppl=b2lkPTY1MDE%3d,4,29,33
Springdale Garments Co,https://www.singaporepools.com.sg/outlets/Pages/lo_details.aspx?sppl=b2lkPTU2MDM%3d,4,43,47
Singapore Pools Yishun N2 Branch,https://www.singaporepools.com.sg/outlets/Pages/lo_details.aspx?sppl=b2lkPTE3NzYwMg%3d%3d,4,30,34
Singapore Pools Teban Gardens Branch,https://www.singaporepools.com.sg/outlets/Pages/lo_details.aspx?sppl=b2lkPTE4NjAwMQ%3d%3d,4,24,28
Singapore Pools Jalan Tiga Branch,https://www.singaporepools.com.sg/outlets/Pages/lo_details.aspx?sppl=b2lkPTE1MTE4OQ%3d%3d,4,42,46
Singapore Pools Ghim Moh Branch,https://www.singaporepools.com.sg/outlets/Pages/lo_details.aspx?sppl=b2lkPTE4MjcwMQ%3d%3d,4,28,32
Singapore Pools Geylang Bahru Branch,https://www.singaporepools.com.sg/outlets/Pages/lo_details.aspx?sppl=b2lkPTE2MzMwMQ%3d%3d,4,19,23
Singapore Pools Circuit Road 88 Branch,https://www.singaporepools.com.sg/outlets/Pages/lo_details.aspx?sppl=b2lkPTE5MzcwMg%3d%3d,4,26,30
Singapore Pools Bukit Gombak Branch,https://www.singaporepools.com.sg/outlets/Pages/lo_details.aspx?sppl=b2lkPTE4NjUwMg%3d%3d,4,34,38
Singapore Pools Bedok North Branch,https://www.singaporepools.com.sg/outlets/Pages/lo_details.aspx?sppl=b2lkPTE1NDYwMQ%3d%3d,4,27,31
Sheng Siong Tanglin Halt Road,https://www.singaporepools.com.sg/outlets/Pages/lo_details.aspx?sppl=b2lkPTE0MTg%3d,4,22,26
Sheng Moh Fruits & Provision Store,https://www.singaporepools.com.sg/outlets/Pages/lo_details.aspx?sppl=b2lkPTEyMTM%3d,4,13,17
Prime Keat Hong,https://www.singaporepools.com.sg/outlets/Pages/lo_details.aspx?sppl=b2lkPTY4MDk%3d,4,20,24
NTUC FairPrice Yung Kuang Road,https://www.singaporepools.com.sg/outlets/Pages/lo_details.aspx?sppl=b2lkPTYxMDE%3d,4,15,19
NTUC FairPrice Yew Tee Point,https://www.singaporepools.com.sg/outlets/Pages/lo_details.aspx?sppl=b2lkPTY4MDM%3d,4,34,38
NTUC FairPrice Woodlands Civic Centre,https://www.singaporepools.com.sg/outlets/Pages/lo_details.aspx?sppl=b2lkPTczMTE%3d,4,30,34
NTUC FairPrice Thomson Plaza,https://www.singaporepools.com.sg/outlets/Pages/lo_details.aspx?sppl=b2lkPTU3MDU%3d,4,37,41
NTUC FairPrice Tampines Street 83,https://www.singaporepools.com.sg/outlets/Pages/lo_details.aspx?sppl=b2lkPTUyMTQ%3d,4,21,25
NTUC FairPrice Tampines Street 44,https://www.singaporepools.com.sg/outlets/Pages/lo_details.aspx?sppl=b2lkPTUyMDE%3d,4,15,19
NTUC FairPrice Rivervale Mall,https://www.singaporepools.com.sg/outlets/Pages/lo_details.aspx?sppl=b2lkPTU0MDE%3d,4,13,17
NTUC FairPrice Punggol Oasis Terraces,https://www.singaporepools.com.sg/outlets/Pages/lo_details.aspx?sppl=b2lkPTgyMDc%3d,4,20,24
NTUC FairPrice Parkway Parade,https://www.singaporepools.com.sg/outlets/Pages/lo_details.aspx?sppl=b2lkPTQ0MDY%3d,4,25,29
NTUC FairPrice Marine Parade Central,https://www.singaporepools.com.sg/outlets/Pages/lo_details.aspx?sppl=b2lkPTQ0MDI%3d,4,12,16
NTUC FairPrice Limbang Shopping Centre,https://www.singaporepools.com.sg/outlets/Pages/lo_details.aspx?sppl=b2lkPTY4MDQ%3d,4,20,24
NTUC FairPrice E!Hub @ Downtown East,https://www.singaporepools.com.sg/outlets/Pages/lo_details.aspx?sppl=b2lkPTUxMDU%3d,4,15,19
NTUC FairPrice Clementi Avenue 2,https://www.singaporepools.com.sg/outlets/Pages/lo_details.aspx?sppl=b2lkPTEyMTE%3d,4,19,23
Ng Nam Thye Trading - Ang Mo Kio Avenue 3,https://www.singaporepools.com.sg/outlets/Pages/lo_details.aspx?sppl=b2lkPTU2MTA%3d,4,28,32
Lim Heng Ee Trading Pte. Ltd.,https://www.singaporepools.com.sg/outlets/Pages/lo_details.aspx?sppl=b2lkPTM4MDE%3d,4,17,21
Golden Lagoon Trading,https://www.singaporepools.com.sg/outlets/Pages/lo_details.aspx?sppl=b2lkPTczMDQ%3d,4,22,26
Goh Geok Kwee Agency - Bukit Merah,https://www.singaporepools.com.sg/outlets/Pages/lo_details.aspx?sppl=b2lkPTE1MTY%3d,4,21,25
Giant Beauty World Centre,https://www.singaporepools.com.sg/outlets/Pages/lo_details.aspx?sppl=b2lkPTU4MDQ%3d,4,28,32
Chua Hong Kim Trading,https://www.singaporepools.com.sg/outlets/Pages/lo_details.aspx?sppl=b2lkPTU1MDE%3d,4,34,38
Chop Yeo Thong Heng,https://www.singaporepools.com.sg/outlets/Pages/lo_details.aspx?sppl=b2lkPTM2MDE%3d,4,13,17
Chong Hoe Tong,https://www.singaporepools.com.sg/outlets/Pages/lo_details.aspx?sppl=b2lkPTIwMTU%3d,4,22,26
Cheng Chew Wah Agency - Bedok South Road,https://www.singaporepools.com.sg/outlets/Pages/lo_details.aspx?sppl=b2lkPTQ2MTQ%3d,4,23,27
Cheers Hougang Avenue 3,https://www.singaporepools.com.sg/outlets/Pages/lo_details.aspx?sppl=b2lkPTUzMTA%3d,4,15,19
7-Eleven Store Plaza Singapura,https://www.singaporepools.com.sg/outlets/Pages/lo_details.aspx?sppl=b2lkPTIzMTI%3d,4,22,26
7-Eleven Store Foch Road,https://www.singaporepools.com.sg/outlets/Pages/lo_details.aspx?sppl=b2lkPTIwMTY%3d,4,13,17
7-Eleven Store Bedok North Street 2,https://www.singaporepools.com.sg/outlets/Pages/lo_details.aspx?sppl=b2lkPTQ2MTI%3d,4,23,27
Tan Ah Leck Trading - Jurong East Street 31,https://www.singaporepools.com.sg/outlets/Pages/lo_details.aspx?sppl=b2lkPTYwMDc%3d,3,7,10
Superbowl Jurong Pte Ltd,https://www.singaporepools.com.sg/outlets/Pages/lo_details.aspx?sppl=b2lkPTYxMDM%3d,3,27,30
Singapore Pools Woodlands N8 Branch,https://www.singaporepools.com.sg/outlets/Pages/lo_details.aspx?sppl=b2lkPTE3NzMwMw%3d%3d,3,40,43
Singapore Pools Upper Boon Keng Branch,https://www.singaporepools.com.sg/outlets/Pages/lo_details.aspx?sppl=b2lkPTE2MzgwMw%3d%3d,3,33,36
Singapore Pools Telok Blangah Branch,https://www.singaporepools.com.sg/outlets/Pages/lo_details.aspx?sppl=b2lkPTE2MDkwMQ%3d%3d,3,24,27
Singapore Pools Peace Centre Branch,https://www.singaporepools.com.sg/outlets/Pages/lo_details.aspx?sppl=b2lkPTE2MjIwMQ%3d%3d,3,17,20
Singapore Pools Pasir Ris N7 Branch,https://www.singaporepools.com.sg/outlets/Pages/lo_details.aspx?sppl=b2lkPTE1NTEwMQ%3d%3d,3,34,37
Singapore Pools Canberra Branch,https://www.singaporepools.com.sg/outlets/Pages/lo_details.aspx?sppl=b2lkPTE3NzUwMQ%3d%3d,3,30,33
Singapore Pools Ang Mo Kio N2A Branch,https://www.singaporepools.com.sg/outlets/Pages/lo_details.aspx?sppl=b2lkPTE5NTYwNQ%3d%3d,3,32,35
Prime Yishun Avenue 6,https://www.singaporepools.com.sg/outlets/Pages/lo_details.aspx?sppl=b2lkPTc2MTQ%3d,3,3,6
Papillon Florist Pte Ltd,https://www.singaporepools.com.sg/outlets/Pages/lo_details.aspx?sppl=b2lkPTE2MTM%3d,3,12,15
NTUC FP Century Square,https://www.singaporepools.com.sg/outlets/Pages/lo_details.aspx?sppl=b2lkPTUyMTU%3d,3,4,7
NTUC FairPrice Tampines Street 11,https://www.singaporepools.com.sg/outlets/Pages/lo_details.aspx?sppl=b2lkPTUyMDQ%3d,3,10,13
NTUC FairPrice Senja Road,https://www.singaporepools.com.sg/outlets/Pages/lo_details.aspx?sppl=b2lkPTY3MDM%3d,3,10,13
NTUC FairPrice Seletar Mall,https://www.singaporepools.com.sg/outlets/Pages/lo_details.aspx?sppl=b2lkPTc5MDI%3d,3,18,21
NTUC FairPrice New Upper Changi Road,https://www.singaporepools.com.sg/outlets/Pages/lo_details.aspx?sppl=b2lkPTQ2MDU%3d,3,27,30
NTUC FairPrice Kallang Wave Mall,https://www.singaporepools.com.sg/outlets/Pages/lo_details.aspx?sppl=b2lkPTM5MDI%3d,3,14,17
NTUC FairPrice Kallang Bahru,https://www.singaporepools.com.sg/outlets/Pages/lo_details.aspx?sppl=b2lkPTMzMDE%3d,3,14,17
NTUC FairPrice Hougang Mall,https://www.singaporepools.com.sg/outlets/Pages/lo_details.aspx?sppl=b2lkPTUzMDc%3d,3,30,33
NTUC FairPrice Hillion Mall,https://www.singaporepools.com.sg/outlets/Pages/lo_details.aspx?sppl=b2lkPTY3MDU%3d,3,27,30
NTUC FairPrice Eastpoint Mall,https://www.singaporepools.com.sg/outlets/Pages/lo_details.aspx?sppl=b2lkPTUyMTI%3d,3,39,42
NTUC FairPrice Bukit Panjang Plaza,https://www.singaporepools.com.sg/outlets/Pages/lo_details.aspx?sppl=b2lkPTY3MDE%3d,3,32,35
Kwek Lee Eng Agency,https://www.singaporepools.com.sg/outlets/Pages/lo_details.aspx?sppl=b2lkPTE5MTI%3d,3,24,27
Hougang United Football Club,https://www.singaporepools.com.sg/outlets/Pages/lo_details.aspx?sppl=b2lkPTUzMTE%3d,3,5,8
Giant Pioneer Mall,https://www.singaporepools.com.sg/outlets/Pages/lo_details.aspx?sppl=b2lkPTY0MDc%3d,3,29,32
Giant Paya Lebar Square,https://www.singaporepools.com.sg/outlets/Pages/lo_details.aspx?sppl=b2lkPTQwMDY%3d,3,26,29
Giant Compassvale Bow,https://www.singaporepools.com.sg/outlets/Pages/lo_details.aspx?sppl=b2lkPTU0MDU%3d,3,18,21
Everbright  Services,https://www.singaporepools.com.sg/outlets/Pages/lo_details.aspx?sppl=b2lkPTEwMDc%3d,3,21,24
7-Eleven Store Sin Ming,https://www.singaporepools.com.sg/outlets/Pages/lo_details.aspx?sppl=b2lkPTU3MDM%3d,3,16,19
7-Eleven Store Circular Road,https://www.singaporepools.com.sg/outlets/Pages/lo_details.aspx?sppl=b2lkPTQwNw%3d%3d,3,12,15
7-Eleven Big Mac Centre,https://www.singaporepools.com.sg/outlets/Pages/lo_details.aspx?sppl=b2lkPTU2MDg%3d,3,1,4
Yeo Kean Fatt Dept Store,https://www.singaporepools.com.sg/outlets/Pages/lo_details.aspx?sppl=b2lkPTQ2MDE%3d,2,6,8
Tampines Trading - 824,https://www.singaporepools.com.sg/outlets/Pages/lo_details.aspx?sppl=b2lkPTUyMTY%3d,2,20,22
Singapore Pools Yishun N4 Branch,https://www.singaporepools.com.sg/outlets/Pages/lo_details.aspx?sppl=b2lkPTE3NzYwMw%3d%3d,2,35,37
Singapore Pools Toa Payoh Lorong 4 Branch,https://www.singaporepools.com.sg/outlets/Pages/lo_details.aspx?sppl=b2lkPTE5MzEwMw%3d%3d,2,19,21
Singapore Pools Northpoint City Branch,https://www.singaporepools.com.sg/outlets/Pages/lo_details.aspx?sppl=b2lkPTE3NzIwNA%3d%3d,2,15,17
Singapore Pools Lorong Lew Lian Branch,https://www.singaporepools.com.sg/outlets/Pages/lo_details.aspx?sppl=b2lkPTE1NTMwNA%3d%3d,2,22,24
Singapore Pools Lengkok Bahru Branch,https://www.singaporepools.com.sg/outlets/Pages/lo_details.aspx?sppl=b2lkPTE2MTUwMQ%3d%3d,2,19,21
Singapore Pools Jalan Batu Branch,https://www.singaporepools.com.sg/outlets/Pages/lo_details.aspx?sppl=b2lkPTE1NDMwMQ%3d%3d,2,20,22
Singapore Pools Geylang Rd Branch,https://www.singaporepools.com.sg/outlets/Pages/lo_details.aspx?sppl=b2lkPTE2MzgwMg%3d%3d,2,6,8
Singapore Pools Fajar Road Branch,https://www.singaporepools.com.sg/outlets/Pages/lo_details.aspx?sppl=b2lkPTE3NjcwMg%3d%3d,2,23,25
Singapore Pools Empress Road Branch,https://www.singaporepools.com.sg/outlets/Pages/lo_details.aspx?sppl=b2lkPTE4MjYwMQ%3d%3d,2,17,19
Singapore Pools Chai Chee Branch,https://www.singaporepools.com.sg/outlets/Pages/lo_details.aspx?sppl=b2lkPTE1NDYwMg%3d%3d,2,17,19
Singapore Pools Bukit Batok N3 Branch,https://www.singaporepools.com.sg/outlets/Pages/lo_details.aspx?sppl=b2lkPTE4NjUwMQ%3d%3d,2,15,17
Singapore Pools Bishan N1 Branch,https://www.singaporepools.com.sg/outlets/Pages/lo_details.aspx?sppl=b2lkPTE5NTcwMQ%3d%3d,2,12,14
Singapore Pools Balestier Road Branch,https://www.singaporepools.com.sg/outlets/Pages/lo_details.aspx?sppl=b2lkPTE5MzIwMQ%3d%3d,2,14,16
Sheng Siong Sengkang West Ave,https://www.singaporepools.com.sg/outlets/Pages/lo_details.aspx?sppl=b2lkPTc5MDM%3d,2,15,17
Sheng Siong Marsiling Mall,https://www.singaporepools.com.sg/outlets/Pages/lo_details.aspx?sppl=b2lkPTczMTI%3d,2,5,7
Seah Koon Huat (Boon Tiong Rd),https://www.singaporepools.com.sg/outlets/Pages/lo_details.aspx?sppl=b2lkPTE2MjA%3d,2,11,13
Seah Geok Eng Agency - Upper Serangoon View,https://www.singaporepools.com.sg/outlets/Pages/lo_details.aspx?sppl=b2lkPTUzMTU%3d,2,18,20
S E Store,https://www.singaporepools.com.sg/outlets/Pages/lo_details.aspx?sppl=b2lkPTYwMDM%3d,2,13,15
Prime Woodlands,https://www.singaporepools.com.sg/outlets/Pages/lo_details.aspx?sppl=b2lkPTczMTA%3d,2,15,17
Prime Joo Seng,https://www.singaporepools.com.sg/outlets/Pages/lo_details.aspx?sppl=b2lkPTM2MDI%3d,2,5,7
Prime Compassvale Street,https://www.singaporepools.com.sg/outlets/Pages/lo_details.aspx?sppl=b2lkPTU0MDM%3d,2,23,25
Prime Admiralty Place,https://www.singaporepools.com.sg/outlets/Pages/lo_details.aspx?sppl=b2lkPTczMTU%3d,2,15,17
Precise Optics,https://www.singaporepools.com.sg/outlets/Pages/lo_details.aspx?sppl=b2lkPTE3MDM%3d,2,13,15
NTUC FP Shaw Plaza,https://www.singaporepools.com.sg/outlets/Pages/lo_details.aspx?sppl=b2lkPTMyMDM%3d,2,3,5
NTUC FP Jurong Point,https://www.singaporepools.com.sg/outlets/Pages/lo_details.aspx?sppl=b2lkPTY0MDQ%3d,2,24,26
NTUC FairPrice Tiong Bahru Plaza,https://www.singaporepools.com.sg/outlets/Pages/lo_details.aspx?sppl=b2lkPTE2MTk%3d,2,23,25
NTUC FairPrice The Woodleigh Mall,https://www.singaporepools.com.sg/outlets/Pages/lo_details.aspx?sppl=b2lkPTM2MDM%3d,2,18,20
NTUC FairPrice Telok Blangah Street 32,https://www.singaporepools.com.sg/outlets/Pages/lo_details.aspx?sppl=b2lkPTEwMDY%3d,2,9,11
NTUC FairPrice Tai Seng,https://www.singaporepools.com.sg/outlets/Pages/lo_details.aspx?sppl=b2lkPTUzMTY%3d,2,16,18
NTUC FairPrice Sengkang East Ave,https://www.singaporepools.com.sg/outlets/Pages/lo_details.aspx?sppl=b2lkPTU0MDc%3d,2,10,12
NTUC FairPrice Punggol Plaza,https://www.singaporepools.com.sg/outlets/Pages/lo_details.aspx?sppl=b2lkPTgyMDI%3d,2,36,38
NTUC FairPrice Le Quest,https://www.singaporepools.com.sg/outlets/Pages/lo_details.aspx?sppl=b2lkPTY1MDc%3d,2,8,10
NTUC FairPrice Dawson Place,https://www.singaporepools.com.sg/outlets/Pages/lo_details.aspx?sppl=b2lkPTE0MTc%3d,2,18,20
Lee Ah Lan Trading,https://www.singaporepools.com.sg/outlets/Pages/lo_details.aspx?sppl=b2lkPTE1MTQ%3d,2,8,10
Holland Drive Betting Centre – Lottery Lobby (Public),https://www.singaporepools.com.sg/outlets/Pages/lo_details.aspx?sppl=b2lkPTIyMTAwMA%3d%3d,2,7,9
Hock Soon Ann,https://www.singaporepools.com.sg/outlets/Pages/lo_details.aspx?sppl=b2lkPTQyMDI%3d,2,16,18
Gerk Chwee Trading,https://www.singaporepools.com.sg/outlets/Pages/lo_details.aspx?sppl=b2lkPTU1MDQ%3d,2,24,26
Dawn Florist - Aljunied Avenue 2,https://www.singaporepools.com.sg/outlets/Pages/lo_details.aspx?sppl=b2lkPTM4MTA%3d,2,6,8
Balestier Khalsa Football Club,https://www.singaporepools.com.sg/outlets/Pages/lo_details.aspx?sppl=b2lkPTMxMDg%3d,2,8,10
B.H. Mini Mart,https://www.singaporepools.com.sg/outlets/Pages/lo_details.aspx?sppl=b2lkPTM1MDE%3d,2,6,8
A.P. Mini Mart - Lorong 8 Toa Payoh,https://www.singaporepools.com.sg/outlets/Pages/lo_details.aspx?sppl=b2lkPTMxMDQ%3d,2,8,10
A.P. Mini Mart - Bedok Reservoir Road,https://www.singaporepools.com.sg/outlets/Pages/lo_details.aspx?sppl=b2lkPTQ3MDM%3d,2,19,21
7-Eleven Store Bukit Batok West Avenue 6,https://www.singaporepools.com.sg/outlets/Pages/lo_details.aspx?sppl=b2lkPTY1MDU%3d,2,14,16
7-Eleven Jalan Leban,https://www.singaporepools.com.sg/outlets/Pages/lo_details.aspx?sppl=b2lkPTU3MDQ%3d,2,12,14
Warriors Football Club (S),https://www.singaporepools.com.sg/outlets/Pages/lo_details.aspx?sppl=b2lkPTY4MDY%3d,1,0,1
Uni-Foto Pte Ltd,https://www.singaporepools.com.sg/outlets/Pages/lo_details.aspx?sppl=b2lkPTIzMDk%3d,1,10,11
Tuas View,https://www.singaporepools.com.sg/outlets/Pages/lo_details.aspx?sppl=b2lkPTYzMDE%3d,1,10,11
Singapore Racecourse - MRT Plaza (Public),https://www.singaporepools.com.sg/outlets/Pages/lo_details.aspx?sppl=b2lkPTIwMDExOA%3d%3d,1,0,1
Singapore Pools Yishun N7 Branch,https://www.singaporepools.com.sg/outlets/Pages/lo_details.aspx?sppl=b2lkPTE3NzYwNA%3d%3d,1,25,26
Singapore Pools Upp Thomson Branch,https://www.singaporepools.com.sg/outlets/Pages/lo_details.aspx?sppl=b2lkPTE5NTcwMw%3d%3d,1,3,4
Singapore Pools Great World City Branch,https://www.singaporepools.com.sg/outlets/Pages/lo_details.aspx?sppl=b2lkPTE2MjE5NQ%3d%3d,1,16,17
Singapore Pools Everton Park Branch,https://www.singaporepools.com.sg/outlets/Pages/lo_details.aspx?sppl=b2lkPTE2MDgwMQ%3d%3d,1,15,16
Singapore Pools Changi Road Branch,https://www.singaporepools.com.sg/outlets/Pages/lo_details.aspx?sppl=b2lkPTE1NDEwMQ%3d%3d,1,15,16
Sheng Siong Serangoon North Avenue 5,https://www.singaporepools.com.sg/outlets/Pages/lo_details.aspx?sppl=b2lkPTU1MTA%3d,1,7,8
Shell Station Geylang Road,https://www.singaporepools.com.sg/outlets/Pages/lo_details.aspx?sppl=b2lkPTM4MDk%3d,1,0,1
Serangoon Avenue 3 Betting Centre - Lottery Lobby (Public),https://www.singaporepools.com.sg/outlets/Pages/lo_details.aspx?sppl=b2lkPTIxMTMwMA%3d%3d,1,1,2
River Hong Bao,https://www.singaporepools.com.sg/outlets/Pages/lo_details.aspx?sppl=b2lkPTMwODg4OQ%3d%3d,1,2,3
Prime Serangoon North,https://www.singaporepools.com.sg/outlets/Pages/lo_details.aspx?sppl=b2lkPTU1MDk%3d,1,11,12
Prime Hougang,https://www.singaporepools.com.sg/outlets/Pages/lo_details.aspx?sppl=b2lkPTUzMTQ%3d,1,4,5
Prime Buangkok Square,https://www.singaporepools.com.sg/outlets/Pages/lo_details.aspx?sppl=b2lkPTUzMTc%3d,1,10,11
Premier Security Co-operative Ltd,https://www.singaporepools.com.sg/outlets/Pages/lo_details.aspx?sppl=b2lkPTU2MDY%3d,1,12,13
Pinthely Floral Centre,https://www.singaporepools.com.sg/outlets/Pages/lo_details.aspx?sppl=b2lkPTQwNg%3d%3d,1,12,13
Ong Eng Siang Trading,https://www.singaporepools.com.sg/outlets/Pages/lo_details.aspx?sppl=b2lkPTE2MTI%3d,1,11,12
NTUC FP Square 2,https://www.singaporepools.com.sg/outlets/Pages/lo_details.aspx?sppl=b2lkPTMwMDI%3d,1,3,4
NTUC FP Hougang Point,https://www.singaporepools.com.sg/outlets/Pages/lo_details.aspx?sppl=b2lkPTUzMDg%3d,1,5,6
NTUC FP Coronation,https://www.singaporepools.com.sg/outlets/Pages/lo_details.aspx?sppl=b2lkPTI2MDI%3d,1,7,8
NTUC Foodfare - Seletar Mall,https://www.singaporepools.com.sg/outlets/Pages/lo_details.aspx?sppl=b2lkPTc5MDE%3d,1,1,2
NTUC FairPrice Zhongshan Mall,https://www.singaporepools.com.sg/outlets/Pages/lo_details.aspx?sppl=b2lkPTMyMDc%3d,1,5,6
NTUC FairPrice Wisteria Mall,https://www.singaporepools.com.sg/outlets/Pages/lo_details.aspx?sppl=b2lkPTc2MTU%3d,1,13,14
NTUC FairPrice VivoCity,https://www.singaporepools.com.sg/outlets/Pages/lo_details.aspx?sppl=b2lkPTkwOQ%3d%3d,1,12,13
NTUC FairPrice Paya Lebar Quarter,https://www.singaporepools.com.sg/outlets/Pages/lo_details.aspx?sppl=b2lkPTQwMDg%3d,1,6,7
NTUC FairPrice Hougang Street 21,https://www.singaporepools.com.sg/outlets/Pages/lo_details.aspx?sppl=b2lkPTUzMDI%3d,1,22,23
NTUC FairPrice Compassvale Link,https://www.singaporepools.com.sg/outlets/Pages/lo_details.aspx?sppl=b2lkPTU0MDk%3d,1,11,12
NTUC FairPrice Canberra Plaza,https://www.singaporepools.com.sg/outlets/Pages/lo_details.aspx?sppl=b2lkPTc1MDQ%3d,1,7,8
NTUC FairPrice Bukit Timah Plaza,https://www.singaporepools.com.sg/outlets/Pages/lo_details.aspx?sppl=b2lkPTU4MDM%3d,1,15,16
NTUC FairPrice Bishan Street 13,https://www.singaporepools.com.sg/outlets/Pages/lo_details.aspx?sppl=b2lkPTU3MDE%3d,1,13,14
NTUC FairPrice Bedok North Street 1,https://www.singaporepools.com.sg/outlets/Pages/lo_details.aspx?sppl=b2lkPTQ2MDQ%3d,1,43,44
NTUC FairPrice Anchorvale Village,https://www.singaporepools.com.sg/outlets/Pages/lo_details.aspx?sppl=b2lkPTU0MTA%3d,1,1,2
Ichido Kopitiam City,https://www.singaporepools.com.sg/outlets/Pages/lo_details.aspx?sppl=b2lkPTU0MDg%3d,1,8,9
Hin Teck Leong Trading Company - Whampoa Drive,https://www.singaporepools.com.sg/outlets/Pages/lo_details.aspx?sppl=b2lkPTMyMDU%3d,1,15,16
Hao Mart Geylang Lorong 24,https://www.singaporepools.com.sg/outlets/Pages/lo_details.aspx?sppl=b2lkPTM4MDc%3d,1,6,7
Goh Geok Kwee Agency - Redhill Lane,https://www.singaporepools.com.sg/outlets/Pages/lo_details.aspx?sppl=b2lkPTEwMDg%3d,1,13,14
Giant VivoCity,https://www.singaporepools.com.sg/outlets/Pages/lo_details.aspx?sppl=b2lkPTkwOA%3d%3d,1,3,4
Giant Sembawang Shopping Centre,https://www.singaporepools.com.sg/outlets/Pages/lo_details.aspx?sppl=b2lkPTc1MDM%3d,1,13,14
Giant Greenridge Shopping Centre,https://www.singaporepools.com.sg/outlets/Pages/lo_details.aspx?sppl=b2lkPTY3MDI%3d,1,11,12
Giant Edgefield Plains,https://www.singaporepools.com.sg/outlets/Pages/lo_details.aspx?sppl=b2lkPTgyMDQg,1,10,11
Giant Buangkok Crescent,https://www.singaporepools.com.sg/outlets/Pages/lo_details.aspx?sppl=b2lkPTUzMTM%3d,1,17,18
Clifford Gift Shop - Ang Mo Kio Avenue 10,https://www.singaporepools.com.sg/outlets/Pages/lo_details.aspx?sppl=b2lkPTU2MTE%3d,1,0,1
Chua Seng Dept Store,https://www.singaporepools.com.sg/outlets/Pages/lo_details.aspx?sppl=b2lkPTQ2MDY%3d,1,3,4
Chop Yeo Thong Heng (International Plaza),https://www.singaporepools.com.sg/outlets/Pages/lo_details.aspx?sppl=b2lkPTcxMA%3d%3d,1,3,4
Choice Decor Bedok North,https://www.singaporepools.com.sg/outlets/Pages/lo_details.aspx?sppl=b2lkPTQ2MTM%3d,1,12,13
China Square Betting Centre - Lottery Lobby (Public),https://www.singaporepools.com.sg/outlets/Pages/lo_details.aspx?sppl=b2lkPTIxMjIwMA%3d%3d,1,2,3
Cheers Bedok North Street 3,https://www.singaporepools.com.sg/outlets/Pages/lo_details.aspx?sppl=b2lkPTQ2MDc%3d,1,18,19
Bukit Merah Betting Centre - Lottery Lobby (Public),https://www.singaporepools.com.sg/outlets/Pages/lo_details.aspx?sppl=b2lkPTIxMjAwMA%3d%3d,1,2,3
7-Eleven Store Upper Thomson Road,https://www.singaporepools.com.sg/outlets/Pages/lo_details.aspx?sppl=b2lkPTc4MDE%3d,1,12,13
7-Eleven Store Clementi Street 11,https://www.singaporepools.com.sg/outlets/Pages/lo_details.aspx?sppl=b2lkPTEyMTY%3d,1,7,8
7-Eleven Erskine Rd,https://www.singaporepools.com.sg/outlets/Pages/lo_details.aspx?sppl=b2lkPTYwNA%3d%3d,1,8,9
7-Eleven Balestier Rd,https://www.singaporepools.com.sg/outlets/Pages/lo_details.aspx?sppl=b2lkPTMyMDY%3d,1,1,2
Xie Sheng Departmental Service Company - City Plaza,https://www.singaporepools.com.sg/outlets/Pages/lo_details.aspx?sppl=b2lkPTQwMTA%3d,0,1,1
Thiam Hoon Traders,https://www.singaporepools.com.sg/outlets/Pages/lo_details.aspx?sppl=b2lkPTE1MTE%3d,0,7,7
The Little Plaza,https://www.singaporepools.com.sg/outlets/Pages/lo_details.aspx?sppl=b2lkPTcwOQ%3d%3d,0,1,1
Tampines Rovers Football Club,https://www.singaporepools.com.sg/outlets/Pages/lo_details.aspx?sppl=b2lkPTUyMTA%3d,0,2,2
STC Racecourse - Kranji 1,https://www.singaporepools.com.sg/outlets/Pages/lo_details.aspx?sppl=b2lkPTIwMTAwMA%3d%3d,0,1,1
Singapore Pools Woodlands Centre,https://www.singaporepools.com.sg/outlets/Pages/lo_details.aspx?sppl=b2lkPTE3NzE5Ng%3d%3d,0,2,2
Singapore Pools Upp Serangoon Branch,https://www.singaporepools.com.sg/outlets/Pages/lo_details.aspx?sppl=b2lkPTE1NTMwNQ%3d%3d,0,3,3
Singapore Pools Rochor Centre Branch,https://www.singaporepools.com.sg/outlets/Pages/lo_details.aspx?sppl=b2lkPTE2MTgwMQ%3d%3d,0,1,1
Singapore Pools Commonwealth Crescent Branch,https://www.singaporepools.com.sg/outlets/Pages/lo_details.aspx?sppl=b2lkPTE4MTQwMQ%3d%3d,0,18,18
Sheng Siong Woodlands Drive 16,https://www.singaporepools.com.sg/outlets/Pages/lo_details.aspx?sppl=b2lkPTczMTM%3d,0,6,6
Sheng Siong Tampines Avenue 9,https://www.singaporepools.com.sg/outlets/Pages/lo_details.aspx?sppl=b2lkPTUyMTg%3d,0,7,7
Sheng Siong Senja Close,https://www.singaporepools.com.sg/outlets/Pages/lo_details.aspx?sppl=b2lkPTY3MDY%3d,0,2,2
Sheng Siong Jalan Berseh,https://www.singaporepools.com.sg/outlets/Pages/lo_details.aspx?sppl=b2lkPTIwMTk%3d,0,9,9
Sheng Siong Clementi Avenue 6,https://www.singaporepools.com.sg/outlets/Pages/lo_details.aspx?sppl=b2lkPTEyMTc%3d,0,1,1
Sheng Siong Canberra Street,https://www.singaporepools.com.sg/outlets/Pages/lo_details.aspx?sppl=b2lkPTc1MDU%3d,0,4,4
Shell Station Tuas South Avenue 5,https://www.singaporepools.com.sg/outlets/Pages/lo_details.aspx?sppl=b2lkPTYzMDI%3d,0,4,4
Seng Yeok Chan Agency,https://www.singaporepools.com.sg/outlets/Pages/lo_details.aspx?sppl=b2lkPTU2MDI%3d,0,29,29
Rangoon Betting Centre - Lottery Lobby (Public),https://www.singaporepools.com.sg/outlets/Pages/lo_details.aspx?sppl=b2lkPTIxMTgwMA%3d%3d,0,6,6
Prime Century Square,https://www.singaporepools.com.sg/outlets/Pages/lo_details.aspx?sppl=b2lkPTUyMTc%3d,0,15,15
Prime Bidadari,https://www.singaporepools.com.sg/outlets/Pages/lo_details.aspx?sppl=b2lkPTM0MDQ%3d,0,1,1
Poon Long Heng,https://www.singaporepools.com.sg/outlets/Pages/lo_details.aspx?sppl=b2lkPTc2MDU%3d,0,2,2
NTUC FP Punggol Walk,https://www.singaporepools.com.sg/outlets/Pages/lo_details.aspx?sppl=b2lkPTgyMDM%3d,0,7,7
NTUC FairPrice The Woodgrove,https://www.singaporepools.com.sg/outlets/Pages/lo_details.aspx?sppl=b2lkPTczMDg%3d,0,17,17
NTUC FairPrice Tampines North Drive 2,https://www.singaporepools.com.sg/outlets/Pages/lo_details.aspx?sppl=b2lkPTUyMTk%3d,0,1,1
NTUC FairPrice Sengkang East Drive,https://www.singaporepools.com.sg/outlets/Pages/lo_details.aspx?sppl=b2lkPTU0MTE%3d,0,1,1
NTUC FairPrice Killiney Road,https://www.singaporepools.com.sg/outlets/Pages/lo_details.aspx?sppl=b2lkPTIzMTA%3d,0,19,19
NTUC FairPrice Greenridge Shopping Centre,https://www.singaporepools.com.sg/outlets/Pages/lo_details.aspx?sppl=b2lkPTY3MDc%3d,0,1,1
Majestic Betting Centre - Lottery Lobby (Public),https://www.singaporepools.com.sg/outlets/Pages/lo_details.aspx?sppl=b2lkPTIxMjEwMA%3d%3d,0,6,6
Lee Wah TV & Electric Co,https://www.singaporepools.com.sg/outlets/Pages/lo_details.aspx?sppl=b2lkPTM4MDU%3d,0,14,14
Keppel Credit Union Co-operative Ltd,https://www.singaporepools.com.sg/outlets/Pages/lo_details.aspx?sppl=b2lkPTYyMDE%3d,0,7,7
Jurong East Betting Centre - Lottery Lobby (Public),https://www.singaporepools.com.sg/outlets/Pages/lo_details.aspx?sppl=b2lkPTIxMjQwMA%3d%3d,0,2,2
Hao Mart Westgate,https://www.singaporepools.com.sg/outlets/Pages/lo_details.aspx?sppl=b2lkPTYwMDg%3d,0,1,1
Hao Mart Punggol Walk,https://www.singaporepools.com.sg/outlets/Pages/lo_details.aspx?sppl=b2lkPTgyMDg%3d,0,4,4
Giant Tanjong Katong,https://www.singaporepools.com.sg/outlets/Pages/lo_details.aspx?sppl=b2lkPTQwMDc%3d,0,2,2
Giant Plantation Plaza,https://www.singaporepools.com.sg/outlets/Pages/lo_details.aspx?sppl=b2lkPTY5MDE%3d,0,2,2
Geylang International FC,https://www.singaporepools.com.sg/outlets/Pages/lo_details.aspx?sppl=b2lkPTQ2MTE%3d,0,2,2
Fortune Supermarket Sembawang Drive,https://www.singaporepools.com.sg/outlets/Pages/lo_details.aspx?sppl=b2lkPTc1MDY%3d,0,1,1
Food Republic i12 Katong,https://www.singaporepools.com.sg/outlets/Pages/lo_details.aspx?sppl=b2lkPTQyMDM%3d,0,2,2
Cold Storage Aperia Mall,https://www.singaporepools.com.sg/outlets/Pages/lo_details.aspx?sppl=b2lkPTMzMDQ%3d,0,2,2
Choice Decor Co-Operative Society Ltd,https://www.singaporepools.com.sg/outlets/Pages/lo_details.aspx?sppl=b2lkPTU3MDY%3d,0,18,18
China Square Betting Centre - Level 2,https://www.singaporepools.com.sg/outlets/Pages/lo_details.aspx?sppl=b2lkPTIxMjIwMQ%3d%3d,0,1,1
Cheers Woodlands Centre,https://www.singaporepools.com.sg/outlets/Pages/lo_details.aspx?sppl=b2lkPTczMDM%3d,0,4,4
Cheers Northshore Plaza II,https://www.singaporepools.com.sg/outlets/Pages/lo_details.aspx?sppl=b2lkPTgyMDk%3d,0,6,6
Cheers Maude Rd,https://www.singaporepools.com.sg/outlets/Pages/lo_details.aspx?sppl=b2lkPTIwMTg%3d,0,2,2
Bukit Merah Betting Centre,https://www.singaporepools.com.sg/outlets/Pages/lo_details.aspx?sppl=b2lkPTIxMjAwMg%3d%3d,0,1,1
Bedok Betting Centre - Lottery Lobby (Public),https://www.singaporepools.com.sg/outlets/Pages/lo_details.aspx?sppl=b2lkPTIxMTYwMA%3d%3d,0,4,4
ACE Signature Geylang Road,https://www.singaporepools.com.sg/outlets/Pages/lo_details.aspx?sppl=b2lkPTM4MDg%3d,0,2,2
7-Eleven Store Tai Thong Crescent,https://www.singaporepools.com.sg/outlets/Pages/lo_details.aspx?sppl=b2lkPTM0MDM%3d,0,6,6
7-Eleven Store Esplanade MRT Station,https://www.singaporepools.com.sg/outlets/Pages/lo_details.aspx?sppl=b2lkPTE4MTQ%3d,0,11,11
7-Eleven Store Bedok Road,https://www.singaporepools.com.sg/outlets/Pages/lo_details.aspx?sppl=b2lkPTQ2MTU%3d,0,3,3
7-Eleven Kim Tian,https://www.singaporepools.com.sg/outlets/Pages/lo_details.aspx?sppl=b2lkPTE2MTg%3d,0,1,1
