outlet_name,address,postal_code,detail_url
Singapore Pools Account Betting Service,,,https://www.singaporepools.com.sg/outlets/Pages/lo_details.aspx?sppl=b2lkPTY2ODg4MQ%3d%3d
Delisia Agency Pte Ltd,Delisia Agency Pte Ltd149 Rochor Road #B1-26 Fu Lu Shou Complex Singapore 188425,188425,https://www.singaporepools.com.sg/outlets/Pages/lo_details.aspx?sppl=b2lkPTE4MTE%3d
Tong Aik Huat,Tong Aik HuatBlock 685 Hougang Street 61 #01-160 Singapore 530685,530685,https://www.singaporepools.com.sg/outlets/Pages/lo_details.aspx?sppl=b2lkPTUzMDM%3d
NTUC FairPrice NEX,NTUC FairPrice NEX23 Serangoon Central #03-42 NEX Singapore 556083,556083,https://www.singaporepools.com.sg/outlets/Pages/lo_details.aspx?sppl=b2lkPTU1MDg%3d
Tan Wee Fong Trading,Tan Wee Fong TradingBlock 24 Bendemeer Road #01-529 Singapore 330024,330024,https://www.singaporepools.com.sg/outlets/Pages/lo_details.aspx?sppl=b2lkPTMzMDM%3d
Singapore Pools King George's Ave Branch,Singapore Pools King George's Ave BranchBlock 803 King George's Avenue #01-200/202 Singapore 200803,200803,https://www.singaporepools.com.sg/outlets/Pages/lo_details.aspx?sppl=b2lkPTE2MjAwMQ%3d%3d
NTUC FairPrice AMK Hub,NTUC FairPrice AMK Hub53 Ang Mo Kio Avenue 3 #B2-40 AMK Hub Singapore 569933,569933,https://www.singaporepools.com.sg/outlets/Pages/lo_details.aspx?sppl=b2lkPTU2MDk%3d
Fatt Chye Heng Trading,Fatt Chye Heng TradingBlock 7 Hougang Avenue 3 #01-48 Singapore 530007,530007,https://www.singaporepools.com.sg/outlets/Pages/lo_details.aspx?sppl=b2lkPTUzMDE%3d
PFG Framing & Trading,PFG Framing & TradingBlock 960 Jurong West Street 92 #01-182 Singapore 640960,640960,https://www.singaporepools.com.sg/outlets/Pages/lo_details.aspx?sppl=b2lkPTY0MDU%3d
Ng Teo Guan Self Service,Ng Teo Guan Self ServiceBlock 301 Ubi Avenue 1 #01-241 Singapore 400301,400301,https://www.singaporepools.com.sg/outlets/Pages/lo_details.aspx?sppl=b2lkPTQwMDE%3d
Mee Lee Cheong Pte. Ltd.,Mee Lee Cheong Pte. Ltd.Block 139 Tampines Street 11 #01-88 Singapore 521139,521139,https://www.singaporepools.com.sg/outlets/Pages/lo_details.aspx?sppl=b2lkPTUyMTE%3d
Laura's Gifts,Laura's GiftsBlock 442 Pasir Ris Drive 6 #01-42 Singapore 510442,510442,https://www.singaporepools.com.sg/outlets/Pages/lo_details.aspx?sppl=b2lkPTUxMDE%3d
Singapore Pools Suntec City Branch,Singapore Pools Suntec City Branch3 Temasek Boulevard #B1-143 Suntec City Singapore 038983,038983,https://www.singaporepools.com.sg/outlets/Pages/lo_details.aspx?sppl=b2lkPTE2MDE5Mg%3d%3d
Singapore Pools People's Park Centre (Chinatown) Branch,Singapore Pools People's Park Centre (Chinatown) Branch101 Upper Cross Street #01-12 People's Park Centre Singapore 058357,058357,https://www.singaporepools.com.sg/outlets/Pages/lo_details.aspx?sppl=b2lkPTE2MDUwMQ%3d%3d
NTUC FairPrice Tampines Mall,NTUC FairPrice Tampines Mall4 Tampines Central 5 #B1-12 Tampines Mall Singapore 529510,529510,https://www.singaporepools.com.sg/outlets/Pages/lo_details.aspx?sppl=b2lkPTUyMDg%3d
7-Eleven Store Eunos Crescent,7-Eleven Store Eunos CrescentBlock 1A Eunos Crescent #01-2469/2471 Singapore 401001,401001,https://www.singaporepools.com.sg/outlets/Pages/lo_details.aspx?sppl=b2lkPTQwMDI%3d
Singapore Pools Toa Payoh Lorong 1 Branch,Singapore Pools Toa Payoh Lorong 1 BranchBlock 111 Toa Payoh Lorong 1 #01-354 Singapore 310111,310111,https://www.singaporepools.com.sg/outlets/Pages/lo_details.aspx?sppl=b2lkPTE5MzEwMQ%3d%3d
Singapore Pools Hougang N1 Branch,Singapore Pools Hougang N1 BranchBlock 106 Hougang Avenue 1 #01-1209/1211 Singapore 530106,530106,https://www.singaporepools.com.sg/outlets/Pages/lo_details.aspx?sppl=b2lkPTE1NTMwMQ%3d%3d
Singapore Pools Clementi N7 Branch,Singapore Pools Clementi N7 BranchBlock 722 Clementi West Street 2 #01-164 Singapore 120722,120722,https://www.singaporepools.com.sg/outlets/Pages/lo_details.aspx?sppl=b2lkPTE4MTIwMw%3d%3d
NTUC FairPrice Toa Payoh HDB Centre,NTUC FairPrice Toa Payoh HDB Centre500 Lorong 6 Toa Payoh #B1-32/#01-33 HDB Centre Singapore 310500,310500,https://www.singaporepools.com.sg/outlets/Pages/lo_details.aspx?sppl=b2lkPTMxMDc%3d
NTUC FairPrice Clementi Avenue 3,NTUC FairPrice Clementi Avenue 3Block 451 Clementi Avenue 3 #01-307 Singapore 120451,120451,https://www.singaporepools.com.sg/outlets/Pages/lo_details.aspx?sppl=b2lkPTEyMTQ%3d
Singapore Pools Yishun N1 Branch,Singapore Pools Yishun N1 BranchBlock 101 Yishun Avenue 5 #01-37 Singapore 760101,760101,https://www.singaporepools.com.sg/outlets/Pages/lo_details.aspx?sppl=b2lkPTE3NzYwMQ%3d%3d
Singapore Pools Whampoa Drive Branch,Singapore Pools Whampoa Drive BranchBlock 88 Whampoa Drive #01-857 Singapore 320088,320088,https://www.singaporepools.com.sg/outlets/Pages/lo_details.aspx?sppl=b2lkPTE5MzIwMg%3d%3d
Singapore Pools Teck Whye Branch,Singapore Pools Teck Whye BranchBlock 141 Teck Whye Lane #01-271 Singapore 680141,680141,https://www.singaporepools.com.sg/outlets/Pages/lo_details.aspx?sppl=b2lkPTE3NjgwMQ%3d%3d
Singapore Pools Tanjong Pagar Branch,Singapore Pools Tanjong Pagar BranchBlock 1 Tanjong Pagar Plaza #01-49/50 Singapore 082001,082001,https://www.singaporepools.com.sg/outlets/Pages/lo_details.aspx?sppl=b2lkPTE2MDgwMg%3d%3d
Singapore Pools Jurong West N5 Branch,Singapore Pools Jurong West N5 BranchBlock 508 Jurong West Street 52 #01-166 Singapore 640508,640508,https://www.singaporepools.com.sg/outlets/Pages/lo_details.aspx?sppl=b2lkPTE4NjE5MA%3d%3d
Singapore Pools IMM Branch,Singapore Pools IMM Branch2 Jurong East Street 21 #02-63 IMM Building Singapore 609601,609601,https://www.singaporepools.com.sg/outlets/Pages/lo_details.aspx?sppl=b2lkPTE4NjE5NA%3d%3d
Singapore Pools Hougang N2 Branch,Singapore Pools Hougang N2 BranchBlock 211 Hougang Street 21 #01-309 Singapore 530211,530211,https://www.singaporepools.com.sg/outlets/Pages/lo_details.aspx?sppl=b2lkPTE1NTMwMg%3d%3d
NTUC FairPrice Yishun MRT Station,NTUC FairPrice Yishun MRT Station301 Yishun Avenue 2 #01-02 Yishun MRT Singapore 769093,769093,https://www.singaporepools.com.sg/outlets/Pages/lo_details.aspx?sppl=b2lkPTc2MDQ%3d
NTUC FairPrice Jurong Gateway Road,NTUC FairPrice Jurong Gateway RoadBlock 135 Jurong Gateway Road #01-337 Singapore 600135,600135,https://www.singaporepools.com.sg/outlets/Pages/lo_details.aspx?sppl=b2lkPTYwMDE%3d
Jake Merchandise Associates,Jake Merchandise AssociatesBlock 503 Tampines Central 1 #01-283 Singapore 520503,520503,https://www.singaporepools.com.sg/outlets/Pages/lo_details.aspx?sppl=b2lkPTUyMDI%3d
7-Eleven Store Yishun Ring Road,7-Eleven Store Yishun Ring RoadBlock 103 Yishun Ring Road #01-69 Singapore 760103,760103,https://www.singaporepools.com.sg/outlets/Pages/lo_details.aspx?sppl=b2lkPTc2MDE%3d
Wanrise,WanriseBlock 47 Sims Place #01-177 Singapore 380047,380047,https://www.singaporepools.com.sg/outlets/Pages/lo_details.aspx?sppl=b2lkPTM4MDI%3d
Tay Sui Lan Agency,Tay Sui Lan Agency11 Collyer Quay #02-13 The Arcade Singapore 049317,049317,https://www.singaporepools.com.sg/outlets/Pages/lo_details.aspx?sppl=b2lkPTQwNA%3d%3d
Tampines Trading - 828,Tampines Trading - 828Block 828 Tampines Street 81 #01-234 Singapore 520828,520828,https://www.singaporepools.com.sg/outlets/Pages/lo_details.aspx?sppl=b2lkPTUyMDM%3d
Singapore Pools Woodlands 888 Branch,Singapore Pools Woodlands 888 Branch888 Woodlands Drive 50 #01-711 888 Plaza Singapore 730888,730888,https://www.singaporepools.com.sg/outlets/Pages/lo_details.aspx?sppl=b2lkPTE3NzMwNA%3d%3d
Singapore Pools Tampines Mart Branch,Singapore Pools Tampines Mart Branch11 Tampines Street 32 #01-03 Tampines Mart Singapore 529287,529287,https://www.singaporepools.com.sg/outlets/Pages/lo_details.aspx?sppl=b2lkPTE1NTIwMw%3d%3d
Singapore Pools Clementi N3 Branch,Singapore Pools Clementi N3 BranchBlock 325 Clementi Avenue 5 #01-145 Singapore 120325,120325,https://www.singaporepools.com.sg/outlets/Pages/lo_details.aspx?sppl=b2lkPTE4MTIwMg%3d%3d
Singapore Pools Bencoolen Branch,Singapore Pools Bencoolen Branch180 Bencoolen Street #01-59 The Bencoolen Singapore 189646,189646,https://www.singaporepools.com.sg/outlets/Pages/lo_details.aspx?sppl=b2lkPTE2MTIwMQ%3d%3d
Rangoon Provision Shop,Rangoon Provision ShopBlock 681 Race Course Road #01-309 Singapore 210681,210681,https://www.singaporepools.com.sg/outlets/Pages/lo_details.aspx?sppl=b2lkPTIxMDU%3d
NTUC FairPrice Bukit Batok MRT Station,NTUC FairPrice Bukit Batok MRT Station10 Bukit Batok Central #01-08 Bukit Batok MRT Singapore 659958,659958,https://www.singaporepools.com.sg/outlets/Pages/lo_details.aspx?sppl=b2lkPTY1MDQ%3d
Livewire Singapore Pools,Livewire Singapore Pools210 Middle Road #01-01 Singapore Pools Building Singapore 188994,188994,https://www.singaporepools.com.sg/outlets/Pages/lo_details.aspx?sppl=b2lkPTg4ODg%3d
Livewire Marina Bay Sands,Livewire Marina Bay Sands2 Bayfront Avenue #01-01 Marina Bay Sands Singapore 018972,018972,https://www.singaporepools.com.sg/outlets/Pages/lo_details.aspx?sppl=b2lkPTI4MDEwMQ%3d%3d
Lee Eng Trading Store,Lee Eng Trading StoreBlock 201B Tampines Street 21 #01-1083 Singapore 522201,522201,https://www.singaporepools.com.sg/outlets/Pages/lo_details.aspx?sppl=b2lkPTUyMDY%3d
Cheers Harbourfront Centre,Cheers Harbourfront Centre1 Maritime Square #01-82 Harbourfront Centre Singapore 099253,099253,https://www.singaporepools.com.sg/outlets/Pages/lo_details.aspx?sppl=b2lkPTkwNg%3d%3d
Singapore Pools Woodlands N5 Branch,Singapore Pools Woodlands N5 Branch548 Woodlands Drive 44 #02-04 Vista Point Singapore 730548,730548,https://www.singaporepools.com.sg/outlets/Pages/lo_details.aspx?sppl=b2lkPTE3NzMwMg%3d%3d
Singapore Pools Toa Payoh Lorong 8 Branch,Singapore Pools Toa Payoh Lorong 8 BranchBlock 212 Toa Payoh Lorong 8 #01-39 Singapore 310212,310212,https://www.singaporepools.com.sg/outlets/Pages/lo_details.aspx?sppl=b2lkPTE5MzEwMg%3d%3d
Singapore Pools New Upper Changi Branch,Singapore Pools New Upper Changi BranchBlock 26 New Upper Changi Road #01-666/668 Singapore 462026,462026,https://www.singaporepools.com.sg/outlets/Pages/lo_details.aspx?sppl=b2lkPTE1NDYwMw%3d%3d
Singapore Pools Lorong 25A Geylang Branch,Singapore Pools Lorong 25A Geylang Branch62 Lorong 25A Geylang Road Singapore 388251,388251,https://www.singaporepools.com.sg/outlets/Pages/lo_details.aspx?sppl=b2lkPTE2MzgwMQ%3d%3d
Singapore Pools Jurong West N4 Branch,Singapore Pools Jurong West N4 BranchBlock 498 Jurong West Street 41 #01-472 Singapore 640498,640498,https://www.singaporepools.com.sg/outlets/Pages/lo_details.aspx?sppl=b2lkPTE4NjQwMQ%3d%3d
Singapore Pools Clementi Town Centre Branch,Singapore Pools Clementi Town Centre BranchBlock 446 Clementi Avenue 3 #01-183 Singapore 120446,120446,https://www.singaporepools.com.sg/outlets/Pages/lo_details.aspx?sppl=b2lkPTE4MTIwMQ%3d%3d
Singapore Pools Bedok Town Centre Branch,Singapore Pools Bedok Town Centre BranchBlock 204 Bedok North Street 1 #01-415 Singapore 460204,460204,https://www.singaporepools.com.sg/outlets/Pages/lo_details.aspx?sppl=b2lkPTE1NDE5Nw%3d%3d
NTUC FairPrice Lot 1 Shoppers' Mall,NTUC FairPrice Lot 1 Shoppers' Mall21 Choa Chu Kang Avenue 4 #B1-03 Lot 1 Shoppers' Mall Singapore 689812,689812,https://www.singaporepools.com.sg/outlets/Pages/lo_details.aspx?sppl=b2lkPTY4MDU%3d
Nan Huat Wine Store,Nan Huat Wine StoreBlock 513 Bishan Street 13 #01-508 Singapore 570513,570513,https://www.singaporepools.com.sg/outlets/Pages/lo_details.aspx?sppl=b2lkPTU3MDI%3d
Evercool Engineering,Evercool EngineeringBlock 95 Lorong 4 Toa Payoh #01-50 Singapore 310095,310095,https://www.singaporepools.com.sg/outlets/Pages/lo_details.aspx?sppl=b2lkPTMxMDU%3d
Tan Boon Tin Agency,Tan Boon Tin AgencyBlk 56 Marine Terrace #01-253 Singapore 440056,440056,https://www.singaporepools.com.sg/outlets/Pages/lo_details.aspx?sppl=b2lkPTQ0MDE%3d
Singapore Pools Pasir Ris N2 Branch,Singapore Pools Pasir Ris N2 Branch259 Pasir Ris Street 21 #02-29 Loyang Point Singapore 510259,510259,https://www.singaporepools.com.sg/outlets/Pages/lo_details.aspx?sppl=b2lkPTE1NTEwMg%3d%3d
Singapore Pools Ang Mo Kio N7 Branch,Singapore Pools Ang Mo Kio N7 BranchBlock 726 Ang Mo Kio Avenue 6 #01-4158 Singapore 560726,560726,https://www.singaporepools.com.sg/outlets/Pages/lo_details.aspx?sppl=b2lkPTE5NTYwNA%3d%3d
Singapore Pools Ang Mo Kio N2 Branch,Singapore Pools Ang Mo Kio N2 BranchBlock 202 Ang Mo Kio Avenue 3 #01-1662/1664 Singapore 560202,560202,https://www.singaporepools.com.sg/outlets/Pages/lo_details.aspx?sppl=b2lkPTE5NTYwMQ%3d%3d
Seah Geok Eng Agency - Rivervale Plaza,Seah Geok Eng Agency - Rivervale Plaza118 Rivervale Drive #01-15 Rivervale Plaza Singapore 540118,540118,https://www.singaporepools.com.sg/outlets/Pages/lo_details.aspx?sppl=b2lkPTUzMDQ%3d
NTUC FairPrice White Sands,NTUC FairPrice White Sands1 Pasir Ris Central Street 3 #B1-10 White Sands Singapore 518457,518457,https://www.singaporepools.com.sg/outlets/Pages/lo_details.aspx?sppl=b2lkPTUxMDQ%3d
NTUC FairPrice Sun Plaza,NTUC FairPrice Sun Plaza30 Sembawang Drive #B1-01/02 Sun Plaza Singapore 757713,757713,https://www.singaporepools.com.sg/outlets/Pages/lo_details.aspx?sppl=b2lkPTc1MDI%3d
NTUC FairPrice Jurong Point,NTUC FairPrice Jurong Point63 Jurong West Central 3 #03-01 Jurong Point Singapore 648331,648331,https://www.singaporepools.com.sg/outlets/Pages/lo_details.aspx?sppl=b2lkPTY0MDg%3d
NTUC FairPrice Bedok North Street 4,NTUC FairPrice Bedok North Street 4Block 89 Bedok North Street 4 #01-77/79 Singapore 460089,460089,https://www.singaporepools.com.sg/outlets/Pages/lo_details.aspx?sppl=b2lkPTQ2MDI%3d
Giant Sunshine Place,Giant Sunshine Place475 Choa Chu Kang Avenue 3 #01-01/10 Sunshine Place Singapore 680475,680475,https://www.singaporepools.com.sg/outlets/Pages/lo_details.aspx?sppl=b2lkPTY4MDc%3d
Cheers Hougang Central,Cheers Hougang CentralBlock 810 Hougang Central #01-214 Singapore 530810,530810,https://www.singaporepools.com.sg/outlets/Pages/lo_details.aspx?sppl=b2lkPTUzMTI%3d
Vitatron & Medical Co,Vitatron & Medical Co60 Smith Street Singapore 058963,058963,https://www.singaporepools.com.sg/outlets/Pages/lo_details.aspx?sppl=b2lkPTUxNg%3d%3d
Teo Sook Cheng Agency,Teo Sook Cheng AgencyBlock 293 Yishun Street 22 #01-225 Singapore 760293,760293,https://www.singaporepools.com.sg/outlets/Pages/lo_details.aspx?sppl=b2lkPTc2MDI%3d
Soh Choo Trading,Soh Choo TradingBlock 19 Marsiling Lane #01-303 Singapore 730019,730019,https://www.singaporepools.com.sg/outlets/Pages/lo_details.aspx?sppl=b2lkPTczMDk%3d
Singapore Pools Tampines N4 Branch,Singapore Pools Tampines N4 BranchBlock 481 Tampines Street 44 #01-277 Singapore 520481,520481,https://www.singaporepools.com.sg/outlets/Pages/lo_details.aspx?sppl=b2lkPTE1NTIwMQ%3d%3d
Singapore Pools Serangoon Central Branch,Singapore Pools Serangoon Central BranchBlock 254 Serangoon Central Drive #01-209 Singapore 550254,550254,https://www.singaporepools.com.sg/outlets/Pages/lo_details.aspx?sppl=b2lkPTE5NTUwMQ%3d%3d
Singapore Pools Potong Pasir Branch,Singapore Pools Potong Pasir BranchBlock 148 Potong Pasir Avenue 1 #01-73 Singapore 350148,350148,https://www.singaporepools.com.sg/outlets/Pages/lo_details.aspx?sppl=b2lkPTE5MzUwMQ%3d%3d
Singapore Pools Lucky Plaza Branch,Singapore Pools Lucky Plaza Branch304 Orchard Road #B1-91/92 Lucky Plaza Singapore 238863,238863,https://www.singaporepools.com.sg/outlets/Pages/lo_details.aspx?sppl=b2lkPTE2MjE5OQ%3d%3d
Singapore Pools Holland Drive Branch,Singapore Pools Holland Drive BranchBlock 46 Holland Drive #01-371/373 Singapore 270046,270046,https://www.singaporepools.com.sg/outlets/Pages/lo_details.aspx?sppl=b2lkPTE4MjcwMg%3d%3d
Singapore Pools Bukit Panjang Branch,Singapore Pools Bukit Panjang BranchBlock 257 Bangkit Road #01-49 Singapore 670257,670257,https://www.singaporepools.com.sg/outlets/Pages/lo_details.aspx?sppl=b2lkPTE3NjcwMQ%3d%3d
Singapore Pools Bishan N2 Branch,Singapore Pools Bishan N2 BranchBlock 279 Bishan Street 24 #01-52 Singapore 570279,570279,https://www.singaporepools.com.sg/outlets/Pages/lo_details.aspx?sppl=b2lkPTE5NTcwMg%3d%3d
Singapore Pools Ang Mo Kio N4 Branch,Singapore Pools Ang Mo Kio N4 BranchBlock 447 Ang Mo Kio Avenue 10 #01-1685 Singapore 560447,560447,https://www.singaporepools.com.sg/outlets/Pages/lo_details.aspx?sppl=b2lkPTE5NTYwMg%3d%3d
Singapore Pools Anchorvale Road Branch,Singapore Pools Anchorvale Road BranchBlock 308 Anchorvale Road #01-05 Singapore 540308,540308,https://www.singaporepools.com.sg/outlets/Pages/lo_details.aspx?sppl=b2lkPTE3NTQwMQ%3d%3d
Seah Koon Huat - Bukit Merah View,Seah Koon Huat - Bukit Merah ViewBlock 116 Bukit Merah View #01-233 Singapore 151116,151116,https://www.singaporepools.com.sg/outlets/Pages/lo_details.aspx?sppl=b2lkPTE1MTM%3d
Prime Punggol Field,Prime Punggol FieldBlock 108 Punggol Field #01-02 Singapore 820108,820108,https://www.singaporepools.com.sg/outlets/Pages/lo_details.aspx?sppl=b2lkPTgyMDE%3d
NTUC FairPrice Tanjong Pagar Plaza,NTUC FairPrice Tanjong Pagar PlazaBlock 5 Tanjong Pagar Plaza #01-01 Singapore 081005,081005,https://www.singaporepools.com.sg/outlets/Pages/lo_details.aspx?sppl=b2lkPTgwNw%3d%3d
NTUC FairPrice Bukit Merah Central,NTUC FairPrice Bukit Merah CentralBlock 166 Bukit Merah Central #02-3531 Singapore 150166,150166,https://www.singaporepools.com.sg/outlets/Pages/lo_details.aspx?sppl=b2lkPTE1MTI%3d
Metro Woodlands,Metro Woodlands1 Woodlands Square #01-18/19 Causeway Point Singapore 738099,738099,https://www.singaporepools.com.sg/outlets/Pages/lo_details.aspx?sppl=b2lkPTczMDY%3d
Livewire (Resorts World Sentosa),Livewire (Resorts World Sentosa)26 Sentosa Gateway #B1-208 Singapore 098138,098138,https://www.singaporepools.com.sg/outlets/Pages/lo_details.aspx?sppl=b2lkPTI4MDkwMQ%3d%3d
Kis Store,Kis StoreBlock 4 Changi Village Road #01-2074 Singapore 500004,500004,https://www.singaporepools.com.sg/outlets/Pages/lo_details.aspx?sppl=b2lkPTQwMw%3d%3d
Clifford Gift Shop,Clifford Gift ShopBlock 532 Ang Mo Kio Avenue 10 #01-2459 Singapore 560532,560532,https://www.singaporepools.com.sg/outlets/Pages/lo_details.aspx?sppl=b2lkPTU2MDQ%3d
Cheers Changi Village Road,Cheers Changi Village RoadBlock 4 Changi Village Road #01-2074 Singapore 500004,500004,https://www.singaporepools.com.sg/outlets/Pages/lo_details.aspx?sppl=b2lkPTUwMDI%3d
7-Eleven Store Owen Road,7-Eleven Store Owen RoadBlock 45 Owen Road #01-295 Singapore 210045,210045,https://www.singaporepools.com.sg/outlets/Pages/lo_details.aspx?sppl=b2lkPTIxMDY%3d
Xie Sheng Departmental Service Company,Xie Sheng Departmental Service CompanyBlock 632 Bedok Reservoir Road #01-820 Singapore 470632,470632,https://www.singaporepools.com.sg/outlets/Pages/lo_details.aspx?sppl=b2lkPTQ3MDE%3d
Singapore Pools Woodlands N3 Branch,Singapore Pools Woodlands N3 BranchBlock 305 Woodlands Street 31 #01-77 Singapore 730305,730305,https://www.singaporepools.com.sg/outlets/Pages/lo_details.aspx?sppl=b2lkPTE3NzMwMQ%3d%3d
Singapore Pools LOT One Branch,Singapore Pools LOT One Branch21 Choa Chu Kang Avenue 4 #03-09 Lot 1 Shoppers' Mall Singapore 689812,689812,https://www.singaporepools.com.sg/outlets/Pages/lo_details.aspx?sppl=b2lkPTE3NjIwMw%3d%3d
Singapore Pools Jurong West N2 Branch,Singapore Pools Jurong West N2 BranchBlock 276 Jurong West Street 25 #01-05 Singapore 640276,640276,https://www.singaporepools.com.sg/outlets/Pages/lo_details.aspx?sppl=b2lkPTE4NjQwMg%3d%3d
Singapore Pools Jurong East Branch,Singapore Pools Jurong East BranchBlock 351 Jurong East Street 31 #01-93 Singapore 600351,600351,https://www.singaporepools.com.sg/outlets/Pages/lo_details.aspx?sppl=b2lkPTE4NjAwMg%3d%3d
Singapore Pools Hougang N3 Branch,Singapore Pools Hougang N3 BranchBlock 322 Hougang Avenue 5 #01-70 Singapore 530322,530322,https://www.singaporepools.com.sg/outlets/Pages/lo_details.aspx?sppl=b2lkPTE1NTMwMw%3d%3d
Singapore Pools Gek Poh Shopping Centre (Jurong West N7) Branch,Singapore Pools Gek Poh Shopping Centre (Jurong West N7) Branch762 Jurong West Street 75 #01-338 Gek Poh Shopping Centre Singapore 640762,640762,https://www.singaporepools.com.sg/outlets/Pages/lo_details.aspx?sppl=b2lkPTE4NjQwMw%3d%3d
Singapore Pools Funan Branch,Singapore Pools Funan Branch107 North Bridge Road #B1-02 Funan Singapore 179105,179105,https://www.singaporepools.com.sg/outlets/Pages/lo_details.aspx?sppl=b2lkPTE2MTIwMg%3d%3d
Singapore Pools Circuit Road 64 Branch,Singapore Pools Circuit Road 64 BranchBlock 64 Circuit Road #01-355 Singapore 370064,370064,https://www.singaporepools.com.sg/outlets/Pages/lo_details.aspx?sppl=b2lkPTE5MzcwMQ%3d%3d
Singapore Pools Bukit Batok Central Branch,Singapore Pools Bukit Batok Central BranchBlock 642 Bukit Batok Central #01-54/56 (part of) Singapore 650642,650642,https://www.singaporepools.com.sg/outlets/Pages/lo_details.aspx?sppl=b2lkPTE4NjUwMw%3d%3d
Singapore Pools Ang Mo Kio N6 Branch,Singapore Pools Ang Mo Kio N6 BranchBlock 630 Ang Mo Kio Avenue 4 #01-968 Singapore 560630,560630,https://www.singaporepools.com.sg/outlets/Pages/lo_details.aspx?sppl=b2lkPTE5NTYwMw%3d%3d
NTUC FairPrice Yishun Ring Road,NTUC FairPrice Yishun Ring RoadBlock 849 Yishun Ring Road #01-3701/3703 Singapore 760849,760849,https://www.singaporepools.com.sg/outlets/Pages/lo_details.aspx?sppl=b2lkPTc2MDc%3d
NTUC FairPrice Serangoon North Avenue 1,NTUC FairPrice Serangoon North Avenue 1Block 152B Serangoon North Avenue 1 #01-384 Singapore 552152,552152,https://www.singaporepools.com.sg/outlets/Pages/lo_details.aspx?sppl=b2lkPTU1MDI%3d
NTUC FairPrice Havelock Road,NTUC FairPrice Havelock RoadBlock 50 Havelock Road #01-755 Singapore 160050,160050,https://www.singaporepools.com.sg/outlets/Pages/lo_details.aspx?sppl=b2lkPTE2MTc%3d
NTUC FairPrice Changi Business Park,NTUC FairPrice Changi Business Park8 Changi Business Park Avenue 1 #01-51/#02-51 Singapore 486018,486018,https://www.singaporepools.com.sg/outlets/Pages/lo_details.aspx?sppl=b2lkPTQ4MDE%3d
Ng Nam Thye Trading - Taman Jurong,Ng Nam Thye Trading - Taman Jurong399 Yung Sheng Road #01-07 Taman Jurong Shopping Centre Singapore 610399,610399,https://www.singaporepools.com.sg/outlets/Pages/lo_details.aspx?sppl=b2lkPTYxMDU%3d
Li Thoe Trading,Li Thoe TradingBlock 119 Aljunied Avenue 2 #01-78 Singapore 380119,380119,https://www.singaporepools.com.sg/outlets/Pages/lo_details.aspx?sppl=b2lkPTM4MDM%3d
Li Li Cheng Supermarket (Punggol) Pte Ltd,Li Li Cheng Supermarket (Punggol) Pte LtdBlock 273C Punggol Place #01-884 Singapore 823273,823273,https://www.singaporepools.com.sg/outlets/Pages/lo_details.aspx?sppl=b2lkPTgyMDU%3d
Cold Storage Compass One,Cold Storage Compass One1 Sengkang Square #B1-25 Compass One Singapore 545078,545078,https://www.singaporepools.com.sg/outlets/Pages/lo_details.aspx?sppl=b2lkPTU0MDY%3d
Chua Yan Kee,Chua Yan KeeBlk 49 Tanglin Halt Road #01-349 Singapore 142049,142049,https://www.singaporepools.com.sg/outlets/Pages/lo_details.aspx?sppl=b2lkPTE0MTU%3d
Chng Siow Eng Agency,Chng Siow Eng Agency625 Elias Road #01-314 Elias Mall Singapore 510625,510625,https://www.singaporepools.com.sg/outlets/Pages/lo_details.aspx?sppl=b2lkPTUxMDM%3d
Cheng Tai Boon Beng,Cheng Tai Boon Beng150 Orchard Road #01-63 Orchard Plaza Singapore 238841,238841,https://www.singaporepools.com.sg/outlets/Pages/lo_details.aspx?sppl=b2lkPTIyMTM%3d
Cheng Chew Wah Agency - Marine Terrace,Cheng Chew Wah Agency - Marine TerraceBlock 58 Marine Terrace #01-47 Singapore 440058,440058,https://www.singaporepools.com.sg/outlets/Pages/lo_details.aspx?sppl=b2lkPTQ1MDE%3d
7-Eleven Store McCallum Street,7-Eleven Store McCallum Street3 McCallum Street Singapore 069044,069044,https://www.singaporepools.com.sg/outlets/Pages/lo_details.aspx?sppl=b2lkPTYwNQ%3d%3d
Wong Teck Chow Enterprise (Private) Limited,Wong Teck Chow Enterprise (Private) Limited390 Victoria Street #01-33 Village Hotel Bugis Singapore 188061,188061,https://www.singaporepools.com.sg/outlets/Pages/lo_details.aspx?sppl=b2lkPTE4MTA%3d
U Stars Sumang Walk,U Stars Sumang WalkBlock 218 Sumang Walk #01-01 Singapore 820218,820218,https://www.singaporepools.com.sg/outlets/Pages/lo_details.aspx?sppl=b2lkPTgyMDY%3d
Tuck Lee Long,Tuck Lee LongBlock 159 Ang Mo Kio Avenue 4 #01-536 Singapore 560159,560159,https://www.singaporepools.com.sg/outlets/Pages/lo_details.aspx?sppl=b2lkPTU2MDE%3d
Tay Ah Tho Trading,Tay Ah Tho Trading768 Woodlands Avenue 6 #01-21 Woodlands Mart Singapore 730768,730768,https://www.singaporepools.com.sg/outlets/Pages/lo_details.aspx?sppl=b2lkPTI0MDE%3d
Tan Kai Huat Provision Shop,Tan Kai Huat Provision ShopBlock 123 Hougang Avenue 1 #01-1408 Singapore 530123,530123,https://www.singaporepools.com.sg/outlets/Pages/lo_details.aspx?sppl=b2lkPTUzMDk%3d
Singapore Pools Sim Lim Square Branch,Singapore Pools Sim Lim Square Branch1 Rochor Canal Road #B1-37 Sim Lim Square Singapore 188504,188504,https://www.singaporepools.com.sg/outlets/Pages/lo_details.aspx?sppl=b2lkPTE2MTE4Ng%3d%3d
Singapore Pools Silat Avenue Branch,Singapore Pools Silat Avenue BranchBlock 150 Silat Avenue #01-42 Singapore 160150,160150,https://www.singaporepools.com.sg/outlets/Pages/lo_details.aspx?sppl=b2lkPTE2MTYwNA%3d%3d
Singapore Pools Siglap Branch,Singapore Pools Siglap Branch697B East Coast Road Singapore 459060,459060,https://www.singaporepools.com.sg/outlets/Pages/lo_details.aspx?sppl=b2lkPTE1NDUwMQ%3d%3d
Singapore Pools Choa Chu Kang Branch,Singapore Pools Choa Chu Kang BranchBlk 303 Choa Chu Kang Ave 4 #01-721 Singapore 680303,680303,https://www.singaporepools.com.sg/outlets/Pages/lo_details.aspx?sppl=b2lkPTE3NjgwMg%3d%3d
Singapore Pools Chinatown Point Branch,Singapore Pools Chinatown Point Branch133 New Bridge Road #B1-06 Chinatown Point  Singapore 059413,059413,https://www.singaporepools.com.sg/outlets/Pages/lo_details.aspx?sppl=b2lkPTE2MDE5OA%3d%3d
Singapore Pools Chin Swee Branch,Singapore Pools Chin Swee BranchBlock 52 Chin Swee Road #01-65/69 Singapore 160052,160052,https://www.singaporepools.com.sg/outlets/Pages/lo_details.aspx?sppl=b2lkPTE2MTYwMg%3d%3d
Singapore Pools Cheong Chin Nam Road Branch,Singapore Pools Cheong Chin Nam Road Branch5 Cheong Chin Nam Road Singapore 599730,599730,https://www.singaporepools.com.sg/outlets/Pages/lo_details.aspx?sppl=b2lkPTE3NTE5MQ%3d%3d
Singapore Pools Beo Crescent Branch,Singapore Pools Beo Crescent BranchBlock 36 Beo Crescent #01-45 Singapore 160036,160036,https://www.singaporepools.com.sg/outlets/Pages/lo_details.aspx?sppl=b2lkPTE2MTYwMQ%3d%3d
Sheng Siong Junction 9,Sheng Siong Junction 918 Yishun Avenue 9 #02-05 to #02-10 Junction 9 Singapore 768897,768897,https://www.singaporepools.com.sg/outlets/Pages/lo_details.aspx?sppl=b2lkPTc2MTM%3d
Prime Chai Chee Road,Prime Chai Chee RoadBlock 25A Chai Chee Road #01-459 Singapore 461025,461025,https://www.singaporepools.com.sg/outlets/Pages/lo_details.aspx?sppl=b2lkPTQ2MTA%3d
Overseas Emporium (Private) Limited,Overseas Emporium (Private) Limited1 Park Road #02-70 People's Park Complex Singapore 059108,059108,https://www.singaporepools.com.sg/outlets/Pages/lo_details.aspx?sppl=b2lkPTUxNw%3d%3d
OCN (Singapore) Pte Ltd,OCN (Singapore) Pte LtdBlock 501 West Coast Drive #01-266 Singapore 120501,120501,https://www.singaporepools.com.sg/outlets/Pages/lo_details.aspx?sppl=b2lkPTEyMTI%3d
NTUC FairPrice Xpress Macpherson Road,NTUC FairPrice Xpress Macpherson Road110 MacPherson Road ExxonMobil Singapore 348501,348501,https://www.singaporepools.com.sg/outlets/Pages/lo_details.aspx?sppl=b2lkPTM0MDI%3d
NTUC FairPrice Marsiling MRT Station,NTUC FairPrice Marsiling MRT Station71 Woodlands Avenue 3 #01-01 Marsiling MRT Singapore 739044,739044,https://www.singaporepools.com.sg/outlets/Pages/lo_details.aspx?sppl=b2lkPTczMDU%3d
NTUC FairPrice Lorong 4 Toa Payoh,NTUC FairPrice Lorong 4 Toa PayohBlock 192 Lorong 4 Toa Payoh #01-670/672 Singapore 310192,310192,https://www.singaporepools.com.sg/outlets/Pages/lo_details.aspx?sppl=b2lkPTMxMDM%3d
NTUC FairPrice Joo Koon,NTUC FairPrice Joo Koon1 Joo Koon Circle #03-21 Fairprice Hub Singapore 629117,629117,https://www.singaporepools.com.sg/outlets/Pages/lo_details.aspx?sppl=b2lkPTYyMDI%3d
NTUC FairPrice Jem,NTUC FairPrice Jem50 Jurong Gateway Road #B1-21/22 Jem Singapore 608549,608549,https://www.singaporepools.com.sg/outlets/Pages/lo_details.aspx?sppl=b2lkPTYwMDY%3d
NTUC FairPrice Boon Lay Place,NTUC FairPrice Boon Lay Place221 Boon Lay Place #02-200 Boon Lay Shopping Complex Singapore 640221,640221,https://www.singaporepools.com.sg/outlets/Pages/lo_details.aspx?sppl=b2lkPTY0MDE%3d
Nel's Store,Nel's StoreBlock 741 Bedok Reservoir Road #01-3073 Singapore 470741,470741,https://www.singaporepools.com.sg/outlets/Pages/lo_details.aspx?sppl=b2lkPTQ3MDI%3d
Nalayanee Trading Enterprise,Nalayanee Trading Enterprise127 Upper Paya Lebar Road Singapore 534839,534839,https://www.singaporepools.com.sg/outlets/Pages/lo_details.aspx?sppl=b2lkPTUzMDY%3d
Lucky Hill,Lucky HillBlock 112 Bukit Purmei Road #01-209 Singapore 090112,090112,https://www.singaporepools.com.sg/outlets/Pages/lo_details.aspx?sppl=b2lkPTkwNQ%3d%3d
Kim Chwee Trading,Kim Chwee TradingBlock 256 Jurong East Street 24 #01-385 Singapore 600256,600256,https://www.singaporepools.com.sg/outlets/Pages/lo_details.aspx?sppl=b2lkPTYwMDI%3d
Hin Teck Leong Trading Company - Rowell Road,Hin Teck Leong Trading Company - Rowell RoadBlock 640 Rowell Road #01-68 Singapore 200640,200640,https://www.singaporepools.com.sg/outlets/Pages/lo_details.aspx?sppl=b2lkPTIwMTI%3d
Giant Parkway Parade,Giant Parkway Parade80 Marine Parade Rd Parkway Parade #03-27/30 Singapore 449269,449269,https://www.singaporepools.com.sg/outlets/Pages/lo_details.aspx?sppl=b2lkPTQ0MDQ%3d
Everstream Trading,Everstream TradingBlock 283 Bukit Batok East Avenue 3 #01-281 Singapore 650283,650283,https://www.singaporepools.com.sg/outlets/Pages/lo_details.aspx?sppl=b2lkPTY1MDI%3d
Dawn Florist,Dawn Florist21 Hougang Street 51 #01-04A Hougang Green Shopping Mall Singapore 538719,538719,https://www.singaporepools.com.sg/outlets/Pages/lo_details.aspx?sppl=b2lkPTgwMDE%3d
Cold Storage Northpoint,Cold Storage Northpoint930 Yishun Ave 2 #B1-09/12 Northpoint Shopping Centre Singapore 769098,769098,https://www.singaporepools.com.sg/outlets/Pages/lo_details.aspx?sppl=b2lkPTc2MTI%3d
Chuan Hao Departmental Store,Chuan Hao Departmental StoreBlock 19A Dover Crescent #01-04 Singapore 131019,131019,https://www.singaporepools.com.sg/outlets/Pages/lo_details.aspx?sppl=b2lkPTEzMDM%3d
Cheers New Upper Changi Road,Cheers New Upper Changi RoadBlock 59 New Upper Changi Road #01-1272 Singapore 461059,461059,https://www.singaporepools.com.sg/outlets/Pages/lo_details.aspx?sppl=b2lkPTQ2MDk%3d
Cheers Haig Road,Cheers Haig RoadBlock 12 Haig Road #01-333/335 Singapore 430012,430012,https://www.singaporepools.com.sg/outlets/Pages/lo_details.aspx?sppl=b2lkPTQzMDM%3d
Afro Asia Co Pte Ltd,Afro Asia Co Pte LtdBlock 604 Yishun Street 61 #01-323 Singapore 760604,760604,https://www.singaporepools.com.sg/outlets/Pages/lo_details.aspx?sppl=b2lkPTc1MDE%3d
7-Eleven Store Sixth Avenue,7-Eleven Store Sixth Avenue6 Sixth Avenue Singapore 276472,276472,https://www.singaporepools.com.sg/outlets/Pages/lo_details.aspx?sppl=b2lkPTI3MDY%3d
7-Eleven Store Choa Chu Kang Drive,7-Eleven Store Choa Chu Kang DriveBlock 689B Choa Chu Kang Drive #01-306 Singapore 682689,682689,https://www.singaporepools.com.sg/outlets/Pages/lo_details.aspx?sppl=b2lkPTY4MDg%3d
7-Eleven Store Changi Road,7-Eleven Store Changi Road38A Changi Road Singapore 419701,419701,https://www.singaporepools.com.sg/outlets/Pages/lo_details.aspx?sppl=b2lkPTQxMDE%3d
Yeo Soon Huat,Yeo Soon HuatBlk 70 Lor 4 Toa Payoh #01-347  Singapore 310070,310070,https://www.singaporepools.com.sg/outlets/Pages/lo_details.aspx?sppl=b2lkPTMxMDE%3d
U Stars Keat Hong Link,U Stars Keat Hong LinkBlock 817 Keat Hong Link #01-14 Singapore 680817,680817,https://www.singaporepools.com.sg/outlets/Pages/lo_details.aspx?sppl=b2lkPTY4MTA%3d
Teo Khar Bee Agency,Teo Khar Bee AgencyBlk 84 Redhill Lane #01-356 Singapore 150084,150084,https://www.singaporepools.com.sg/outlets/Pages/lo_details.aspx?sppl=b2lkPTMzMDI%3d
Tan Ah Leck Trading - Bukit Batok Street 11,Tan Ah Leck Trading - Bukit Batok Street 11Block 151 Bukit Batok Street 11 #01-254 Singapore 650151,650151,https://www.singaporepools.com.sg/outlets/Pages/lo_details.aspx?sppl=b2lkPTY1MDE%3d
Springdale Garments Co,Springdale Garments CoBlock 408 Ang Mo Kio Avenue 10 #01-795 Singapore 560408,560408,https://www.singaporepools.com.sg/outlets/Pages/lo_details.aspx?sppl=b2lkPTU2MDM%3d
Singapore Pools Yishun N2 Branch,Singapore Pools Yishun N2 BranchBlock 256 Yishun Ring Road #01-1001 Singapore 760256,760256,https://www.singaporepools.com.sg/outlets/Pages/lo_details.aspx?sppl=b2lkPTE3NzYwMg%3d%3d
Singapore Pools Teban Gardens Branch,Singapore Pools Teban Gardens BranchBlock 37 Teban Gardens Road #01-308 Singapore 600037,600037,https://www.singaporepools.com.sg/outlets/Pages/lo_details.aspx?sppl=b2lkPTE4NjAwMQ%3d%3d
Singapore Pools Jalan Tiga Branch,Singapore Pools Jalan Tiga BranchBlock 43 Jalan Tiga #01-08 Singapore 390043,390043,https://www.singaporepools.com.sg/outlets/Pages/lo_details.aspx?sppl=b2lkPTE1MTE4OQ%3d%3d
Singapore Pools Ghim Moh Branch,Singapore Pools Ghim Moh BranchBlock 21 Ghim Moh Road #01-161 Singapore 270021,270021,https://www.singaporepools.com.sg/outlets/Pages/lo_details.aspx?sppl=b2lkPTE4MjcwMQ%3d%3d
Singapore Pools Geylang Bahru Branch,Singapore Pools Geylang Bahru BranchBlock 57 Geylang Bahru #01-3503 Singapore 330057,330057,https://www.singaporepools.com.sg/outlets/Pages/lo_details.aspx?sppl=b2lkPTE2MzMwMQ%3d%3d
Singapore Pools Circuit Road 88 Branch,Singapore Pools Circuit Road 88 BranchBlock 88 Circuit Road #01-961 Singapore 370088,370088,https://www.singaporepools.com.sg/outlets/Pages/lo_details.aspx?sppl=b2lkPTE5MzcwMg%3d%3d
Singapore Pools Bukit Gombak Branch,Singapore Pools Bukit Gombak BranchBlock 374 Bukit Batok Street 31 #01-170 Singapore 650374,650374,https://www.singaporepools.com.sg/outlets/Pages/lo_details.aspx?sppl=b2lkPTE4NjUwMg%3d%3d
Singapore Pools Bedok North Branch,Singapore Pools Bedok North BranchBlock 509 Bedok North Street 3 #01-129 Singapore 460509,460509,https://www.singaporepools.com.sg/outlets/Pages/lo_details.aspx?sppl=b2lkPTE1NDYwMQ%3d%3d
Sheng Siong Tanglin Halt Road,Sheng Siong Tanglin Halt RoadBlock 88 Tanglin Halt Road #01-10 Singapore 141088,141088,https://www.singaporepools.com.sg/outlets/Pages/lo_details.aspx?sppl=b2lkPTE0MTg%3d
Sheng Moh Fruits & Provision Store,Sheng Moh Fruits & Provision Store29 Jalan Mas Puteh Singapore 128632,128632,https://www.singaporepools.com.sg/outlets/Pages/lo_details.aspx?sppl=b2lkPTEyMTM%3d
Prime Keat Hong,Prime Keat HongBlock 253 Choa Chu Kang Avenue 1 #B1-07 to 10 Singapore 680253,680253,https://www.singaporepools.com.sg/outlets/Pages/lo_details.aspx?sppl=b2lkPTY4MDk%3d
NTUC FairPrice Yung Kuang Road,NTUC FairPrice Yung Kuang RoadBlock 63-66 Yung Kuang Road #01-119/#02-119 Singapore 610063,610063,https://www.singaporepools.com.sg/outlets/Pages/lo_details.aspx?sppl=b2lkPTYxMDE%3d
NTUC FairPrice Yew Tee Point,NTUC FairPrice Yew Tee Point21 Choa Chu Kang North 6 #B1-01 to 07 Yew Tee Point Singapore 689578,689578,https://www.singaporepools.com.sg/outlets/Pages/lo_details.aspx?sppl=b2lkPTY4MDM%3d
NTUC FairPrice Woodlands Civic Centre,NTUC FairPrice Woodlands Civic Centre900 South Woodlands Drive #B1-01 Woodlands Civic Centre Singapore 730900,730900,https://www.singaporepools.com.sg/outlets/Pages/lo_details.aspx?sppl=b2lkPTczMTE%3d
NTUC FairPrice Thomson Plaza,NTUC FairPrice Thomson Plaza301 Upper Thomson Road #03-36/37 Thomson Plaza Singapore 574408,574408,https://www.singaporepools.com.sg/outlets/Pages/lo_details.aspx?sppl=b2lkPTU3MDU%3d
NTUC FairPrice Tampines Street 83,NTUC FairPrice Tampines Street 83866A Tampines Street 83 #01-K1 Tampines Central Community Complex Singapore 521866,521866,https://www.singaporepools.com.sg/outlets/Pages/lo_details.aspx?sppl=b2lkPTUyMTQ%3d
NTUC FairPrice Tampines Street 44,NTUC FairPrice Tampines Street 44Block 475 Tampines Street 44 #01-145 Singapore 520475,520475,https://www.singaporepools.com.sg/outlets/Pages/lo_details.aspx?sppl=b2lkPTUyMDE%3d
NTUC FairPrice Rivervale Mall,NTUC FairPrice Rivervale Mall11 Rivervale Crescent #03-01 Rivervale Mall Singapore 545082,545082,https://www.singaporepools.com.sg/outlets/Pages/lo_details.aspx?sppl=b2lkPTU0MDE%3d
NTUC FairPrice Punggol Oasis Terraces,NTUC FairPrice Punggol Oasis Terraces681 Punggol Drive #B1-01 Oasis Terraces Singapore 820681,820681,https://www.singaporepools.com.sg/outlets/Pages/lo_details.aspx?sppl=b2lkPTgyMDc%3d
NTUC FairPrice Parkway Parade,NTUC FairPrice Parkway Parade80 Marine Parade Road #03-28 Parkway Parade Singapore 449269,449269,https://www.singaporepools.com.sg/outlets/Pages/lo_details.aspx?sppl=b2lkPTQ0MDY%3d
NTUC FairPrice Marine Parade Central,NTUC FairPrice Marine Parade Central6 Marine Parade Central Singapore 449411,449411,https://www.singaporepools.com.sg/outlets/Pages/lo_details.aspx?sppl=b2lkPTQ0MDI%3d
NTUC FairPrice Limbang Shopping Centre,NTUC FairPrice Limbang Shopping Centre533 Choa Chu Kang Street 51 #01-01 Limbang Shopping Centre Singapore 680533,680533,https://www.singaporepools.com.sg/outlets/Pages/lo_details.aspx?sppl=b2lkPTY4MDQ%3d
NTUC FairPrice E!Hub @ Downtown East,NTUC FairPrice E!Hub @ Downtown East1 Pasir Ris Close #02-127 E! Hub @ Downtown East Singapore 519599,519599,https://www.singaporepools.com.sg/outlets/Pages/lo_details.aspx?sppl=b2lkPTUxMDU%3d
NTUC FairPrice Clementi Avenue 2,NTUC FairPrice Clementi Avenue 2Block 352 Clementi Avenue 2 #01-141/143 Singapore 120352,120352,https://www.singaporepools.com.sg/outlets/Pages/lo_details.aspx?sppl=b2lkPTEyMTE%3d
Ng Nam Thye Trading - Ang Mo Kio Avenue 3,Ng Nam Thye Trading - Ang Mo Kio Avenue 351 Ang Mo Kio Avenue 3 #01-01B 51@AMK Singapore 569922,569922,https://www.singaporepools.com.sg/outlets/Pages/lo_details.aspx?sppl=b2lkPTU2MTA%3d
Lim Heng Ee Trading Pte. Ltd.,Lim Heng Ee Trading Pte. Ltd.Block 16 Upper Boon Keng Road #01-1113 Singapore 380016,380016,https://www.singaporepools.com.sg/outlets/Pages/lo_details.aspx?sppl=b2lkPTM4MDE%3d
Golden Lagoon Trading,Golden Lagoon TradingBlock 136 Marsiling Road #01-2182 Singapore 730136,730136,https://www.singaporepools.com.sg/outlets/Pages/lo_details.aspx?sppl=b2lkPTczMDQ%3d
Goh Geok Kwee Agency - Bukit Merah,Goh Geok Kwee Agency - Bukit MerahBlock 124 Bukit Merah Lane 1 #01-148 Singapore 150124,150124,https://www.singaporepools.com.sg/outlets/Pages/lo_details.aspx?sppl=b2lkPTE1MTY%3d
Giant Beauty World Centre,Giant Beauty World Centre144 Upper Bukit Timah Road #B1-01 Beauty World Centre Singapore 588177,588177,https://www.singaporepools.com.sg/outlets/Pages/lo_details.aspx?sppl=b2lkPTU4MDQ%3d
Chua Hong Kim Trading,Chua Hong Kim TradingBlock 237 Serangoon Avenue 3 #01-108 Singapore 550237,550237,https://www.singaporepools.com.sg/outlets/Pages/lo_details.aspx?sppl=b2lkPTU1MDE%3d
Chop Yeo Thong Heng,"Chop Yeo Thong HengBlock 76 Circuit Road, #01-05 Singapore 370076",370076,https://www.singaporepools.com.sg/outlets/Pages/lo_details.aspx?sppl=b2lkPTM2MDE%3d
Chong Hoe Tong,Chong Hoe TongBlock 21 Lorong 7 Toa Payoh #01-290 Singapore 310021,310021,https://www.singaporepools.com.sg/outlets/Pages/lo_details.aspx?sppl=b2lkPTIwMTU%3d
Cheng Chew Wah Agency - Bedok South Road,Cheng Chew Wah Agency - Bedok South RoadBlock 17 Bedok South Road #01-583 Singapore 460017,460017,https://www.singaporepools.com.sg/outlets/Pages/lo_details.aspx?sppl=b2lkPTQ2MTQ%3d
Cheers Hougang Avenue 3,Cheers Hougang Avenue 3Block 23 Hougang Avenue 3 #01-281 Singapore 530023,530023,https://www.singaporepools.com.sg/outlets/Pages/lo_details.aspx?sppl=b2lkPTUzMTA%3d
7-Eleven Store Plaza Singapura,7-Eleven Store Plaza Singapura68 Orchard Road #01-51 Plaza Singapura Singapore 238839,238839,https://www.singaporepools.com.sg/outlets/Pages/lo_details.aspx?sppl=b2lkPTIzMTI%3d
7-Eleven Store Foch Road,7-Eleven Store Foch Road27 Foch Road #01-07/08 Hoa Nam Building Singapore 209264,209264,https://www.singaporepools.com.sg/outlets/Pages/lo_details.aspx?sppl=b2lkPTIwMTY%3d
7-Eleven Store Bedok North Street 2,7-Eleven Store Bedok North Street 2Block 123 Bedok North Street 2 #01-158 Singapore 460123,460123,https://www.singaporepools.com.sg/outlets/Pages/lo_details.aspx?sppl=b2lkPTQ2MTI%3d
Tan Ah Leck Trading - Jurong East Street 31,Tan Ah Leck Trading - Jurong East Street 31Block 352 Jurong East Street 31 #01-121  Singapore 600352,600352,https://www.singaporepools.com.sg/outlets/Pages/lo_details.aspx?sppl=b2lkPTYwMDc%3d
Superbowl Jurong Pte Ltd,Superbowl Jurong Pte Ltd3 Yuan Ching Road Singapore 618642,618642,https://www.singaporepools.com.sg/outlets/Pages/lo_details.aspx?sppl=b2lkPTYxMDM%3d
Singapore Pools Woodlands N8 Branch,Singapore Pools Woodlands N8 BranchBlock 883 Woodlands Street 82 #02-468 Singapore 730883,730883,https://www.singaporepools.com.sg/outlets/Pages/lo_details.aspx?sppl=b2lkPTE3NzMwMw%3d%3d
Singapore Pools Upper Boon Keng Branch,Singapore Pools Upper Boon Keng BranchBlock 18 Upper Boon Keng Road #01-1149/1151 Singapore 380018,380018,https://www.singaporepools.com.sg/outlets/Pages/lo_details.aspx?sppl=b2lkPTE2MzgwMw%3d%3d
Singapore Pools Telok Blangah Branch,Singapore Pools Telok Blangah BranchBlock 6 Telok Blangah Crescent #01-418 Singapore 090006,090006,https://www.singaporepools.com.sg/outlets/Pages/lo_details.aspx?sppl=b2lkPTE2MDkwMQ%3d%3d
Singapore Pools Peace Centre Branch,Singapore Pools Peace Centre Branch1 Sophia Rd Peace Centre #01-24/25 Singapore 228149,228149,https://www.singaporepools.com.sg/outlets/Pages/lo_details.aspx?sppl=b2lkPTE2MjIwMQ%3d%3d
Singapore Pools Pasir Ris N7 Branch,Singapore Pools Pasir Ris N7 Branch735 Pasir Ris Street 72 #01-358 Pasir Ris West Plaza  Singapore 510735,510735,https://www.singaporepools.com.sg/outlets/Pages/lo_details.aspx?sppl=b2lkPTE1NTEwMQ%3d%3d
Singapore Pools Canberra Branch,Singapore Pools Canberra BranchBlock 505 Canberra Link #01-02 Singapore 750505,750505,https://www.singaporepools.com.sg/outlets/Pages/lo_details.aspx?sppl=b2lkPTE3NzUwMQ%3d%3d
Singapore Pools Ang Mo Kio N2A Branch,Singapore Pools Ang Mo Kio N2A BranchBlock 226A Ang Mo Kio Avenue 1 #01-625 Singapore 561226,561226,https://www.singaporepools.com.sg/outlets/Pages/lo_details.aspx?sppl=b2lkPTE5NTYwNQ%3d%3d
Prime Yishun Avenue 6,Prime Yishun Avenue 6Block 461 Yishun Avenue 6 #01-01 Singapore 760461,760461,https://www.singaporepools.com.sg/outlets/Pages/lo_details.aspx?sppl=b2lkPTc2MTQ%3d
Papillon Florist Pte Ltd,Papillon Florist Pte LtdBlock 133 Jalan Bukit Merah #01-1520 Singapore 160133,160133,https://www.singaporepools.com.sg/outlets/Pages/lo_details.aspx?sppl=b2lkPTE2MTM%3d
NTUC FP Century Square,"NTUC FP Century SquareNTUC FP Century Square, 2 Tampines Central 5 #B1-07/08/17 Singapore 529509",529509,https://www.singaporepools.com.sg/outlets/Pages/lo_details.aspx?sppl=b2lkPTUyMTU%3d
NTUC FairPrice Tampines Street 11,NTUC FairPrice Tampines Street 11Block 107 Tampines Street 11 #01-353/359 Singapore 521107,521107,https://www.singaporepools.com.sg/outlets/Pages/lo_details.aspx?sppl=b2lkPTUyMDQ%3d
NTUC FairPrice Senja Road,NTUC FairPrice Senja Road628 Senja Road #01-01 Senja Grand Singapore 670628,670628,https://www.singaporepools.com.sg/outlets/Pages/lo_details.aspx?sppl=b2lkPTY3MDM%3d
NTUC FairPrice Seletar Mall,NTUC FairPrice Seletar Mall33 Sengkang West Avenue #B2-24 Seletar Mall Singapore 797653,797653,https://www.singaporepools.com.sg/outlets/Pages/lo_details.aspx?sppl=b2lkPTc5MDI%3d
NTUC FairPrice New Upper Changi Road,NTUC FairPrice New Upper Changi RoadBlock 57 New Upper Changi Road #01-1334/1338 Singapore 461057,461057,https://www.singaporepools.com.sg/outlets/Pages/lo_details.aspx?sppl=b2lkPTQ2MDU%3d
NTUC FairPrice Kallang Wave Mall,NTUC FairPrice Kallang Wave Mall1 Stadium Place #01-29 Kallang Wave Mall Singapore 397628,397628,https://www.singaporepools.com.sg/outlets/Pages/lo_details.aspx?sppl=b2lkPTM5MDI%3d
NTUC FairPrice Kallang Bahru,NTUC FairPrice Kallang BahruBlock 71 Kallang Bahru #01-529 Singapore 330071,330071,https://www.singaporepools.com.sg/outlets/Pages/lo_details.aspx?sppl=b2lkPTMzMDE%3d
NTUC FairPrice Hougang Mall,NTUC FairPrice Hougang Mall90 Hougang Avenue 10 #B1-07 Hougang Mall Singapore 538766,538766,https://www.singaporepools.com.sg/outlets/Pages/lo_details.aspx?sppl=b2lkPTUzMDc%3d
NTUC FairPrice Hillion Mall,NTUC FairPrice Hillion Mall17 Petir Road #B2-67 Hillion Mall Singapore 678278,678278,https://www.singaporepools.com.sg/outlets/Pages/lo_details.aspx?sppl=b2lkPTY3MDU%3d
NTUC FairPrice Eastpoint Mall,NTUC FairPrice Eastpoint Mall3 Simei Street 6 #05-01 Eastpoint Mall Singapore 528833,528833,https://www.singaporepools.com.sg/outlets/Pages/lo_details.aspx?sppl=b2lkPTUyMTI%3d
NTUC FairPrice Bukit Panjang Plaza,NTUC FairPrice Bukit Panjang Plaza1 Jelebu Road #01-15/#02-20 Bukit Panjang Plaza Singapore 677743,677743,https://www.singaporepools.com.sg/outlets/Pages/lo_details.aspx?sppl=b2lkPTY3MDE%3d
Kwek Lee Eng Agency,Kwek Lee Eng Agency200 Jalan Sultan #01-29 Textile Centre Singapore 199018,199018,https://www.singaporepools.com.sg/outlets/Pages/lo_details.aspx?sppl=b2lkPTE5MTI%3d
Hougang United Football Club,Hougang United Football Club100 Hougang Ave 2 Hougang Stadium Singapore 538856,538856,https://www.singaporepools.com.sg/outlets/Pages/lo_details.aspx?sppl=b2lkPTUzMTE%3d
Giant Pioneer Mall,Giant Pioneer Mall638 Jurong West Street 61 #03-01 Pioneer Mall Singapore 640638,640638,https://www.singaporepools.com.sg/outlets/Pages/lo_details.aspx?sppl=b2lkPTY0MDc%3d
Giant Paya Lebar Square,Giant Paya Lebar Square60 Paya Lebar Road #B1-01/05 Paya Lebar Square Singapore 409051,409051,https://www.singaporepools.com.sg/outlets/Pages/lo_details.aspx?sppl=b2lkPTQwMDY%3d
Giant Compassvale Bow,Giant Compassvale BowBlock 266 Compassvale Bow #01-02 Singapore 540266,540266,https://www.singaporepools.com.sg/outlets/Pages/lo_details.aspx?sppl=b2lkPTU0MDU%3d
Everbright  Services,Everbright  Services108 Depot Road #01-17 Depot Heights Shopping Centre Singapore 100108,100108,https://www.singaporepools.com.sg/outlets/Pages/lo_details.aspx?sppl=b2lkPTEwMDc%3d
7-Eleven Store Sin Ming,7-Eleven Store Sin Ming244H Upper Thomson Road Singapore 574369,574369,https://www.singaporepools.com.sg/outlets/Pages/lo_details.aspx?sppl=b2lkPTU3MDM%3d
7-Eleven Store Circular Road,7-Eleven Store Circular Road58 Circular Road #01-01 Singapore 049413,049413,https://www.singaporepools.com.sg/outlets/Pages/lo_details.aspx?sppl=b2lkPTQwNw%3d%3d
7-Eleven Big Mac Centre,7-Eleven Big Mac Centre51 Ang Mo Kio Ave 3  Big Mac Centre #01-01A Singapore 569922,569922,https://www.singaporepools.com.sg/outlets/Pages/lo_details.aspx?sppl=b2lkPTU2MDg%3d
Yeo Kean Fatt Dept Store,Yeo Kean Fatt Dept StoreBlk 17 Bedok South Rd #01-583  Singapore 460017,460017,https://www.singaporepools.com.sg/outlets/Pages/lo_details.aspx?sppl=b2lkPTQ2MDE%3d
Tampines Trading - 824,Tampines Trading - 824Block 824 Tampines Street 81 #01-14 Singapore 520824,520824,https://www.singaporepools.com.sg/outlets/Pages/lo_details.aspx?sppl=b2lkPTUyMTY%3d
Singapore Pools Yishun N4 Branch,Singapore Pools Yishun N4 BranchBlock 415 Yishun Avenue 11 #01-311 Singapore 760415,760415,https://www.singaporepools.com.sg/outlets/Pages/lo_details.aspx?sppl=b2lkPTE3NzYwMw%3d%3d
Singapore Pools Toa Payoh Lorong 4 Branch,Singapore Pools Toa Payoh Lorong 4 BranchBlock 85 Toa Payoh Lorong 4 #01-340 Singapore 310085,310085,https://www.singaporepools.com.sg/outlets/Pages/lo_details.aspx?sppl=b2lkPTE5MzEwMw%3d%3d
Singapore Pools Northpoint City Branch,Singapore Pools Northpoint City Branch930 Yishun Avenue 2 #02-03 Northpoint City (North Wing) Singapore 769098,769098,https://www.singaporepools.com.sg/outlets/Pages/lo_details.aspx?sppl=b2lkPTE3NzIwNA%3d%3d
Singapore Pools Lorong Lew Lian Branch,Singapore Pools Lorong Lew Lian BranchBlock 2 Lorong Lew Lian #01-46 Singapore 531002,531002,https://www.singaporepools.com.sg/outlets/Pages/lo_details.aspx?sppl=b2lkPTE1NTMwNA%3d%3d
Singapore Pools Lengkok Bahru Branch,Singapore Pools Lengkok Bahru BranchBlock 63B Lengkok Bahru #01-364 Singapore 152063,152063,https://www.singaporepools.com.sg/outlets/Pages/lo_details.aspx?sppl=b2lkPTE2MTUwMQ%3d%3d
Singapore Pools Jalan Batu Branch,Singapore Pools Jalan Batu BranchBlock 7 Jalan Batu #01-99 Singapore 431007,431007,https://www.singaporepools.com.sg/outlets/Pages/lo_details.aspx?sppl=b2lkPTE1NDMwMQ%3d%3d
Singapore Pools Geylang Rd Branch,Singapore Pools Geylang Rd Branch149 Geylang Rd #01-02 Singapore 389233,389233,https://www.singaporepools.com.sg/outlets/Pages/lo_details.aspx?sppl=b2lkPTE2MzgwMg%3d%3d
Singapore Pools Fajar Road Branch,Singapore Pools Fajar Road BranchBlock 445 Fajar Road #02-540 Singapore 670445,670445,https://www.singaporepools.com.sg/outlets/Pages/lo_details.aspx?sppl=b2lkPTE3NjcwMg%3d%3d
Singapore Pools Empress Road Branch,Singapore Pools Empress Road BranchBlock 8 Empress Road #01-35 Singapore 260008,260008,https://www.singaporepools.com.sg/outlets/Pages/lo_details.aspx?sppl=b2lkPTE4MjYwMQ%3d%3d
Singapore Pools Chai Chee Branch,Singapore Pools Chai Chee BranchBlock 36 Chai Chee Avenue #01-167 Singapore 461036,461036,https://www.singaporepools.com.sg/outlets/Pages/lo_details.aspx?sppl=b2lkPTE1NDYwMg%3d%3d
Singapore Pools Bukit Batok N3 Branch,Singapore Pools Bukit Batok N3 BranchBlock 324 Bukit Batok Street 33 #01-47 Singapore 650324,650324,https://www.singaporepools.com.sg/outlets/Pages/lo_details.aspx?sppl=b2lkPTE4NjUwMQ%3d%3d
Singapore Pools Bishan N1 Branch,Singapore Pools Bishan N1 BranchBlock 152 Bishan Street 11 #01-211 Singapore 570152,570152,https://www.singaporepools.com.sg/outlets/Pages/lo_details.aspx?sppl=b2lkPTE5NTcwMQ%3d%3d
Singapore Pools Balestier Road Branch,Singapore Pools Balestier Road BranchBlock 2 Balestier Road #01-641 Singapore 320002,320002,https://www.singaporepools.com.sg/outlets/Pages/lo_details.aspx?sppl=b2lkPTE5MzIwMQ%3d%3d
Sheng Siong Sengkang West Ave,Sheng Siong Sengkang West AveBlock 455 Sengkang West Avenue #01-16 Singapore 790455,790455,https://www.singaporepools.com.sg/outlets/Pages/lo_details.aspx?sppl=b2lkPTc5MDM%3d
Sheng Siong Marsiling Mall,Sheng Siong Marsiling MallBlock 4 Woodlands Street 12 #02-61 Singapore 738623,738623,https://www.singaporepools.com.sg/outlets/Pages/lo_details.aspx?sppl=b2lkPTczMTI%3d
Seah Koon Huat (Boon Tiong Rd),Seah Koon Huat (Boon Tiong Rd)Blk 11A Boon Tiong Rd #01-10 Singapore 161011,161011,https://www.singaporepools.com.sg/outlets/Pages/lo_details.aspx?sppl=b2lkPTE2MjA%3d
Seah Geok Eng Agency - Upper Serangoon View,Seah Geok Eng Agency - Upper Serangoon ViewBlock 476D Upper Serangoon View #02-02 Singapore 537476,537476,https://www.singaporepools.com.sg/outlets/Pages/lo_details.aspx?sppl=b2lkPTUzMTU%3d
S E Store,S E StoreBlk 352 Jurong East St 31 #01-121  Singapore 600352,600352,https://www.singaporepools.com.sg/outlets/Pages/lo_details.aspx?sppl=b2lkPTYwMDM%3d
Prime Woodlands,Prime WoodlandsBlk 678 Woodlands Ave 6 #01-716 Singapore 730678,730678,https://www.singaporepools.com.sg/outlets/Pages/lo_details.aspx?sppl=b2lkPTczMTA%3d
Prime Joo Seng,Prime Joo SengBlock 1 Upper Aljunied Lane #01-01 Singapore 360001,360001,https://www.singaporepools.com.sg/outlets/Pages/lo_details.aspx?sppl=b2lkPTM2MDI%3d
Prime Compassvale Street,Prime Compassvale StreetBlock 263 Compassvale Street #01-01 Singapore 540263,540263,https://www.singaporepools.com.sg/outlets/Pages/lo_details.aspx?sppl=b2lkPTU0MDM%3d
Prime Admiralty Place,Prime Admiralty PlaceBlock 678A Woodlands Avenue 6 #01-19 Singapore 731678,731678,https://www.singaporepools.com.sg/outlets/Pages/lo_details.aspx?sppl=b2lkPTczMTU%3d
Precise Optics,"Precise Optics111 North Bridge Road, #02-03 Peninsula Plaza Singapore 179098",179098,https://www.singaporepools.com.sg/outlets/Pages/lo_details.aspx?sppl=b2lkPTE3MDM%3d
NTUC FP Shaw Plaza,NTUC FP Shaw Plaza360 Balestier Rd Shaw Plaza #B1-01  Singapore 329783,329783,https://www.singaporepools.com.sg/outlets/Pages/lo_details.aspx?sppl=b2lkPTMyMDM%3d
NTUC FP Jurong Point,NTUC FP Jurong Point1 Jurong West Central 2 Jurong Point #B1-09 Singapore 648886,648886,https://www.singaporepools.com.sg/outlets/Pages/lo_details.aspx?sppl=b2lkPTY0MDQ%3d
NTUC FairPrice Tiong Bahru Plaza,NTUC FairPrice Tiong Bahru Plaza302 Tiong Bahru Road #B1-01/02 Tiong Bahru Plaza Singapore 168732,168732,https://www.singaporepools.com.sg/outlets/Pages/lo_details.aspx?sppl=b2lkPTE2MTk%3d
NTUC FairPrice The Woodleigh Mall,NTUC FairPrice The Woodleigh Mall11 Bidadari Park Drive #B1-32/33 The Woodleigh Mall Singapore 367803,367803,https://www.singaporepools.com.sg/outlets/Pages/lo_details.aspx?sppl=b2lkPTM2MDM%3d
NTUC FairPrice Telok Blangah Street 32,NTUC FairPrice Telok Blangah Street 32Block 78A Telok Blangah Street 32 #01-01 Singapore 101078,101078,https://www.singaporepools.com.sg/outlets/Pages/lo_details.aspx?sppl=b2lkPTEwMDY%3d
NTUC FairPrice Tai Seng,NTUC FairPrice Tai Seng18 Tai Seng Street #B1-13 Mapletree 18 Singapore 539775,539775,https://www.singaporepools.com.sg/outlets/Pages/lo_details.aspx?sppl=b2lkPTUzMTY%3d
NTUC FairPrice Sengkang East Ave,NTUC FairPrice Sengkang East AveBlock 279 Sengkang East Avenue #01-06 Singapore 540279,540279,https://www.singaporepools.com.sg/outlets/Pages/lo_details.aspx?sppl=b2lkPTU0MDc%3d
NTUC FairPrice Punggol Plaza,NTUC FairPrice Punggol Plaza168 Punggol Field Road #03-01 Punggol Plaza Singapore 820168,820168,https://www.singaporepools.com.sg/outlets/Pages/lo_details.aspx?sppl=b2lkPTgyMDI%3d
NTUC FairPrice Le Quest,NTUC FairPrice Le Quest4 Bukit Batok Street 41 #01-91/92 Le Quest Singapore 657991,657991,https://www.singaporepools.com.sg/outlets/Pages/lo_details.aspx?sppl=b2lkPTY1MDc%3d
NTUC FairPrice Dawson Place,NTUC FairPrice Dawson Place57 Dawson Road #01-07 Dawson Place Singapore 142057,142057,https://www.singaporepools.com.sg/outlets/Pages/lo_details.aspx?sppl=b2lkPTE0MTc%3d
Lee Ah Lan Trading,Lee Ah Lan TradingBlk 61 Teban Gardens Road #01-05 Teban Place Singapore 600061,600061,https://www.singaporepools.com.sg/outlets/Pages/lo_details.aspx?sppl=b2lkPTE1MTQ%3d
Holland Drive Betting Centre – Lottery Lobby (Public),Holland Drive Betting Centre – Lottery Lobby (Public)Block 47 Holland Drive #01-385 Singapore 270047,270047,https://www.singaporepools.com.sg/outlets/Pages/lo_details.aspx?sppl=b2lkPTIyMTAwMA%3d%3d
Hock Soon Ann,Hock Soon AnnBlock 73 Bedok South Avenue 3 #01-454 Singapore 460073,460073,https://www.singaporepools.com.sg/outlets/Pages/lo_details.aspx?sppl=b2lkPTQyMDI%3d
Gerk Chwee Trading,Gerk Chwee Trading4 Kensington Park Road Singapore 557256,557256,https://www.singaporepools.com.sg/outlets/Pages/lo_details.aspx?sppl=b2lkPTU1MDQ%3d
Dawn Florist - Aljunied Avenue 2,Dawn Florist - Aljunied Avenue 2Block 119 Aljunied Avenue 2 #01-78 Singapore 380119,380119,https://www.singaporepools.com.sg/outlets/Pages/lo_details.aspx?sppl=b2lkPTM4MTA%3d
Balestier Khalsa Football Club,Balestier Khalsa Football ClubBlock 70 Lorong 4 Toa Payoh #01-343 Singapore 310070,310070,https://www.singaporepools.com.sg/outlets/Pages/lo_details.aspx?sppl=b2lkPTMxMDg%3d
B.H. Mini Mart,B.H. Mini MartBlock 137 Potong Pasir Avenue 3 #01-142 Singapore 350137,350137,https://www.singaporepools.com.sg/outlets/Pages/lo_details.aspx?sppl=b2lkPTM1MDE%3d
A.P. Mini Mart - Lorong 8 Toa Payoh,A.P. Mini Mart - Lorong 8 Toa PayohBlock 234 Lorong 8 Toa Payoh #01-286 Singapore 310234,310234,https://www.singaporepools.com.sg/outlets/Pages/lo_details.aspx?sppl=b2lkPTMxMDQ%3d
A.P. Mini Mart - Bedok Reservoir Road,A.P. Mini Mart - Bedok Reservoir RoadBlock 121 Bedok Reservoir Road #01-200 Singapore 470121,470121,https://www.singaporepools.com.sg/outlets/Pages/lo_details.aspx?sppl=b2lkPTQ3MDM%3d
7-Eleven Store Bukit Batok West Avenue 6,7-Eleven Store Bukit Batok West Avenue 6Block 132 Bukit Batok West Avenue 6 #01-304 Singapore 650132,650132,https://www.singaporepools.com.sg/outlets/Pages/lo_details.aspx?sppl=b2lkPTY1MDU%3d
7-Eleven Jalan Leban,7-Eleven Jalan Leban6 Jln Leban Sembawang Hill Estates Singapore 577549,577549,https://www.singaporepools.com.sg/outlets/Pages/lo_details.aspx?sppl=b2lkPTU3MDQ%3d
Warriors Football Club (S),Warriors Football Club (S)1 Choa Chu Kang St 53 Choa Chu Kang Stadium #02-06 Singapore 689236,689236,https://www.singaporepools.com.sg/outlets/Pages/lo_details.aspx?sppl=b2lkPTY4MDY%3d
Uni-Foto Pte Ltd,Uni-Foto Pte Ltd400 Orchard Rd Orchard Towers  #B1-11 Singapore 238875,238875,https://www.singaporepools.com.sg/outlets/Pages/lo_details.aspx?sppl=b2lkPTIzMDk%3d
Tuas View,Tuas View71 Pioneer Road Tuas Amenity Centre #02-02/03 Singapore 639591,639591,https://www.singaporepools.com.sg/outlets/Pages/lo_details.aspx?sppl=b2lkPTYzMDE%3d
Singapore Racecourse - MRT Plaza (Public),Singapore Racecourse - MRT Plaza (Public)1 Turf Club Avenue Singapore Racecourse Singapore 738078,738078,https://www.singaporepools.com.sg/outlets/Pages/lo_details.aspx?sppl=b2lkPTIwMDExOA%3d%3d
Singapore Pools Yishun N7 Branch,Singapore Pools Yishun N7 BranchBlock 761 Yishun Street 72 #01-340 Singapore 760761,760761,https://www.singaporepools.com.sg/outlets/Pages/lo_details.aspx?sppl=b2lkPTE3NzYwNA%3d%3d
Singapore Pools Upp Thomson Branch,Singapore Pools Upp Thomson Branch200 Upp Thomson Rd Thomson Imperial Court #01-06 Singapore 574424,574424,https://www.singaporepools.com.sg/outlets/Pages/lo_details.aspx?sppl=b2lkPTE5NTcwMw%3d%3d
Singapore Pools Great World City Branch,Singapore Pools Great World City Branch1 Kim Seng Promenade #B1-127 Great World City Singapore 237994,237994,https://www.singaporepools.com.sg/outlets/Pages/lo_details.aspx?sppl=b2lkPTE2MjE5NQ%3d%3d
Singapore Pools Everton Park Branch,Singapore Pools Everton Park BranchBlock 7 Everton Park #01-15 Singapore 080007,080007,https://www.singaporepools.com.sg/outlets/Pages/lo_details.aspx?sppl=b2lkPTE2MDgwMQ%3d%3d
Singapore Pools Changi Road Branch,Singapore Pools Changi Road Branch324K Changi Road Singapore 419799,419799,https://www.singaporepools.com.sg/outlets/Pages/lo_details.aspx?sppl=b2lkPTE1NDEwMQ%3d%3d
Sheng Siong Serangoon North Avenue 5,Sheng Siong Serangoon North Avenue 519 Serangoon North Avenue 5 #01-01 Singapore 554913,554913,https://www.singaporepools.com.sg/outlets/Pages/lo_details.aspx?sppl=b2lkPTU1MTA%3d
Shell Station Geylang Road,Shell Station Geylang Road203 Geylang Road Singapore 389266,389266,https://www.singaporepools.com.sg/outlets/Pages/lo_details.aspx?sppl=b2lkPTM4MDk%3d
Serangoon Avenue 3 Betting Centre - Lottery Lobby (Public),Serangoon Avenue 3 Betting Centre - Lottery Lobby (Public)Block 267 Serangoon Avenue 3 #02-01 Singapore 550267,550267,https://www.singaporepools.com.sg/outlets/Pages/lo_details.aspx?sppl=b2lkPTIxMTMwMA%3d%3d
River Hong Bao,"River Hong Bao20 Raffles Ave, Marina Bay Floating Platform Singapore 039805",039805,https://www.singaporepools.com.sg/outlets/Pages/lo_details.aspx?sppl=b2lkPTMwODg4OQ%3d%3d
Prime Serangoon North,Prime Serangoon NorthBlk 542B Serangoon North Ave 3 #02-01 Singapore 552542,552542,https://www.singaporepools.com.sg/outlets/Pages/lo_details.aspx?sppl=b2lkPTU1MDk%3d
Prime Hougang,Prime HougangBlk 159A Hougang St 11 #01-01 Singapore 531159,531159,https://www.singaporepools.com.sg/outlets/Pages/lo_details.aspx?sppl=b2lkPTUzMTQ%3d
Prime Buangkok Square,Prime Buangkok Square991 Buangkok Link #01-28 Buangkok Square Singapore 530991,530991,https://www.singaporepools.com.sg/outlets/Pages/lo_details.aspx?sppl=b2lkPTUzMTc%3d
Premier Security Co-operative Ltd,Premier Security Co-operative LtdBlock 555 Ang Mo Kio Avenue 10 #01-1966 Singapore 560555,560555,https://www.singaporepools.com.sg/outlets/Pages/lo_details.aspx?sppl=b2lkPTU2MDY%3d
Pinthely Floral Centre,Pinthely Floral Centre5001 Beach Road #02-35 Golden Mile Complex Singapore 199588,199588,https://www.singaporepools.com.sg/outlets/Pages/lo_details.aspx?sppl=b2lkPTQwNg%3d%3d
Ong Eng Siang Trading,Ong Eng Siang TradingBlock 71 Seng Poh Road #01-43 Singapore 160071,160071,https://www.singaporepools.com.sg/outlets/Pages/lo_details.aspx?sppl=b2lkPTE2MTI%3d
NTUC FP Square 2,NTUC FP Square 210 Sinaran Dr Square 2 #04-47/48/49  Singapore 307506,307506,https://www.singaporepools.com.sg/outlets/Pages/lo_details.aspx?sppl=b2lkPTMwMDI%3d
NTUC FP Hougang Point,NTUC FP Hougang Point1 Hougang St 91 Hougang Point Central Place #02- 01 Singapore 538692,538692,https://www.singaporepools.com.sg/outlets/Pages/lo_details.aspx?sppl=b2lkPTUzMDg%3d
NTUC FP Coronation,NTUC FP Coronation587 Bukit Timah Rd Coronation Shopping Plaza #01-01 Singapore 269707,269707,https://www.singaporepools.com.sg/outlets/Pages/lo_details.aspx?sppl=b2lkPTI2MDI%3d
NTUC Foodfare - Seletar Mall,NTUC Foodfare - Seletar Mall33 Sengkang West Ave #03-37 Singapore 797653,797653,https://www.singaporepools.com.sg/outlets/Pages/lo_details.aspx?sppl=b2lkPTc5MDE%3d
NTUC FairPrice Zhongshan Mall,NTUC FairPrice Zhongshan Mall20 Ah Hood Road #02-01 Zhongshan Mall Singapore 329984,329984,https://www.singaporepools.com.sg/outlets/Pages/lo_details.aspx?sppl=b2lkPTMyMDc%3d
NTUC FairPrice Wisteria Mall,NTUC FairPrice Wisteria Mall598 Yishun Ring Road #01-01 Wisteria Mall Singapore 768698,768698,https://www.singaporepools.com.sg/outlets/Pages/lo_details.aspx?sppl=b2lkPTc2MTU%3d
NTUC FairPrice VivoCity,NTUC FairPrice VivoCity1 HarbourFront Walk #B2-23/#01-23 VivoCity Singapore 098585,098585,https://www.singaporepools.com.sg/outlets/Pages/lo_details.aspx?sppl=b2lkPTkwOQ%3d%3d
NTUC FairPrice Paya Lebar Quarter,NTUC FairPrice Paya Lebar Quarter10 Paya Lebar Road #B2-09 Paya Lebar Quarter Singapore 409057,409057,https://www.singaporepools.com.sg/outlets/Pages/lo_details.aspx?sppl=b2lkPTQwMDg%3d
NTUC FairPrice Hougang Street 21,NTUC FairPrice Hougang Street 21Block 202 Hougang Street 21 #01-00 Singapore 530202,530202,https://www.singaporepools.com.sg/outlets/Pages/lo_details.aspx?sppl=b2lkPTUzMDI%3d
NTUC FairPrice Compassvale Link,NTUC FairPrice Compassvale LinkBlock 277C Compassvale Link #01-13 (Unit 2B) Singapore 543277,543277,https://www.singaporepools.com.sg/outlets/Pages/lo_details.aspx?sppl=b2lkPTU0MDk%3d
NTUC FairPrice Canberra Plaza,NTUC FairPrice Canberra Plaza133 Canberra View #B1-03/04 Canberra Plaza Singapore 750133,750133,https://www.singaporepools.com.sg/outlets/Pages/lo_details.aspx?sppl=b2lkPTc1MDQ%3d
NTUC FairPrice Bukit Timah Plaza,NTUC FairPrice Bukit Timah Plaza1 Jalan Anak Bukit #B1-01 Bukit Timah Plaza Singapore 588996,588996,https://www.singaporepools.com.sg/outlets/Pages/lo_details.aspx?sppl=b2lkPTU4MDM%3d
NTUC FairPrice Bishan Street 13,NTUC FairPrice Bishan Street 13Block 510 Bishan Street 13 #01-520 Singapore 570510,570510,https://www.singaporepools.com.sg/outlets/Pages/lo_details.aspx?sppl=b2lkPTU3MDE%3d
NTUC FairPrice Bedok North Street 1,NTUC FairPrice Bedok North Street 1Block 212 Bedok North Street 1 #01-147 Singapore 460212,460212,https://www.singaporepools.com.sg/outlets/Pages/lo_details.aspx?sppl=b2lkPTQ2MDQ%3d
NTUC FairPrice Anchorvale Village,NTUC FairPrice Anchorvale VillageBlock 339 Anchorvale Road #B1-02 Anchorvale Village  Singapore 540339,540339,https://www.singaporepools.com.sg/outlets/Pages/lo_details.aspx?sppl=b2lkPTU0MTA%3d
Ichido Kopitiam City,Ichido Kopitiam CityBlock 277C Compassvale Link #01-13 (Unit 2B) Singapore 543277,543277,https://www.singaporepools.com.sg/outlets/Pages/lo_details.aspx?sppl=b2lkPTU0MDg%3d
Hin Teck Leong Trading Company - Whampoa Drive,Hin Teck Leong Trading Company - Whampoa DriveBlock 74 Whampoa Drive #01-342 Singapore 320074,320074,https://www.singaporepools.com.sg/outlets/Pages/lo_details.aspx?sppl=b2lkPTMyMDU%3d
Hao Mart Geylang Lorong 24,Hao Mart Geylang Lorong 24448 & 450 Geylang Road Singapore 389407,389407,https://www.singaporepools.com.sg/outlets/Pages/lo_details.aspx?sppl=b2lkPTM4MDc%3d
Goh Geok Kwee Agency - Redhill Lane,Goh Geok Kwee Agency - Redhill LaneBlock 84 Redhill Lane #01-356 Singapore 150084,150084,https://www.singaporepools.com.sg/outlets/Pages/lo_details.aspx?sppl=b2lkPTEwMDg%3d
Giant VivoCity,Giant VivoCity1 HarbourFront Walk #B2-23/ #01-23 Singapore 098585,098585,https://www.singaporepools.com.sg/outlets/Pages/lo_details.aspx?sppl=b2lkPTkwOA%3d%3d
Giant Sembawang Shopping Centre,Giant Sembawang Shopping Centre604 Sembawang Road #B1-25 Sembawang Shopping Centre Singapore 758459,758459,https://www.singaporepools.com.sg/outlets/Pages/lo_details.aspx?sppl=b2lkPTc1MDM%3d
Giant Greenridge Shopping Centre,Giant Greenridge Shopping Centre524A Jelapang Road #03-13/18 Greenridge Shopping Centre Singapore 671524,671524,https://www.singaporepools.com.sg/outlets/Pages/lo_details.aspx?sppl=b2lkPTY3MDI%3d
Giant Edgefield Plains,Giant Edgefield PlainsBlock 671 Edgefield Plains #02-01 Singapore 820671,820671,https://www.singaporepools.com.sg/outlets/Pages/lo_details.aspx?sppl=b2lkPTgyMDQg
Giant Buangkok Crescent,Giant Buangkok CrescentBlock 982 Buangkok Crescent #01-01 Singapore 530982,530982,https://www.singaporepools.com.sg/outlets/Pages/lo_details.aspx?sppl=b2lkPTUzMTM%3d
Clifford Gift Shop - Ang Mo Kio Avenue 10,Clifford Gift Shop - Ang Mo Kio Avenue 10Block 555 Ang Mo Kio Avenue 10 #01-1966 Singapore 560555,560555,https://www.singaporepools.com.sg/outlets/Pages/lo_details.aspx?sppl=b2lkPTU2MTE%3d
Chua Seng Dept Store,Chua Seng Dept Store343 Bedok Rd Singapore 469526,469526,https://www.singaporepools.com.sg/outlets/Pages/lo_details.aspx?sppl=b2lkPTQ2MDY%3d
Chop Yeo Thong Heng (International Plaza),Chop Yeo Thong Heng (International Plaza)10 Anson Road #01-68 International Plaza Singapore 079903,079903,https://www.singaporepools.com.sg/outlets/Pages/lo_details.aspx?sppl=b2lkPTcxMA%3d%3d
Choice Decor Bedok North,Choice Decor Bedok NorthBlk 416 Bedok North Ave 2 #01-31  Singapore 460416,460416,https://www.singaporepools.com.sg/outlets/Pages/lo_details.aspx?sppl=b2lkPTQ2MTM%3d
China Square Betting Centre - Lottery Lobby (Public),China Square Betting Centre - Lottery Lobby (Public)51 Telok Ayer Street #02-00 China Square Food Centre Singapore 048441,048441,https://www.singaporepools.com.sg/outlets/Pages/lo_details.aspx?sppl=b2lkPTIxMjIwMA%3d%3d
Cheers Bedok North Street 3,Cheers Bedok North Street 3Block 539 Bedok North Street 3 #01-625 Singapore 460539,460539,https://www.singaporepools.com.sg/outlets/Pages/lo_details.aspx?sppl=b2lkPTQ2MDc%3d
Bukit Merah Betting Centre - Lottery Lobby (Public),"Bukit Merah Betting Centre - Lottery Lobby (Public)Connection ONE Tower 2/ Block 169, Jalan Bukit Merah, #01-20 Singapore 150169",150169,https://www.singaporepools.com.sg/outlets/Pages/lo_details.aspx?sppl=b2lkPTIxMjAwMA%3d%3d
7-Eleven Store Upper Thomson Road,7-Eleven Store Upper Thomson Road912 Upper Thomson Road Singapore 787113,787113,https://www.singaporepools.com.sg/outlets/Pages/lo_details.aspx?sppl=b2lkPTc4MDE%3d
7-Eleven Store Clementi Street 11,7-Eleven Store Clementi Street 11Block 109 Clementi Street 11 #01-15 Singapore 120109,120109,https://www.singaporepools.com.sg/outlets/Pages/lo_details.aspx?sppl=b2lkPTEyMTY%3d
7-Eleven Erskine Rd,7-Eleven Erskine Rd7 Erskine Rd Singapore 069320,069320,https://www.singaporepools.com.sg/outlets/Pages/lo_details.aspx?sppl=b2lkPTYwNA%3d%3d
7-Eleven Balestier Rd,7-Eleven Balestier Rd271 Balestier Rd #01-01 Victory Point Singapore 329722,329722,https://www.singaporepools.com.sg/outlets/Pages/lo_details.aspx?sppl=b2lkPTMyMDY%3d
Xie Sheng Departmental Service Company - City Plaza,Xie Sheng Departmental Service Company - City PlazaCity Plaza/ 810 Geylang Road #01-75 Singapore 409286,409286,https://www.singaporepools.com.sg/outlets/Pages/lo_details.aspx?sppl=b2lkPTQwMTA%3d
Thiam Hoon Traders,Thiam Hoon TradersBlk 123 Bukit Merah Lane 1 #01-110 Singapore 150123,150123,https://www.singaporepools.com.sg/outlets/Pages/lo_details.aspx?sppl=b2lkPTE1MTE%3d
The Little Plaza,The Little PlazaBlk 399 Yung Sheng Road #01-07 Taman Jurong Shopping Centre Singapore 610399,610399,https://www.singaporepools.com.sg/outlets/Pages/lo_details.aspx?sppl=b2lkPTcwOQ%3d%3d
Tampines Rovers Football Club,Tampines Rovers Football ClubBlk 824 Tampines St 81 #01-14 Singapore 520824,520824,https://www.singaporepools.com.sg/outlets/Pages/lo_details.aspx?sppl=b2lkPTUyMTA%3d
STC Racecourse - Kranji 1,STC Racecourse - Kranji 11 Turf Club Avenue Singapore Racecourse Singapore 738078,738078,https://www.singaporepools.com.sg/outlets/Pages/lo_details.aspx?sppl=b2lkPTIwMTAwMA%3d%3d
Singapore Pools Woodlands Centre,Singapore Pools Woodlands Centre1A Woodlands Centre Road #01-26 Singapore 731001,731001,https://www.singaporepools.com.sg/outlets/Pages/lo_details.aspx?sppl=b2lkPTE3NzE5Ng%3d%3d
Singapore Pools Upp Serangoon Branch,Singapore Pools Upp Serangoon Branch1028 Upper Serangoon Rd Singapore 534766,534766,https://www.singaporepools.com.sg/outlets/Pages/lo_details.aspx?sppl=b2lkPTE1NTMwNQ%3d%3d
Singapore Pools Rochor Centre Branch,Singapore Pools Rochor Centre Branch1 Rochor Rd Rochor Centre #01-626/628 Singapore 180001,180001,https://www.singaporepools.com.sg/outlets/Pages/lo_details.aspx?sppl=b2lkPTE2MTgwMQ%3d%3d
Singapore Pools Commonwealth Crescent Branch,Singapore Pools Commonwealth Crescent BranchBlock 116 Commonwealth Crescent #01-135 Singapore 140116,140116,https://www.singaporepools.com.sg/outlets/Pages/lo_details.aspx?sppl=b2lkPTE4MTQwMQ%3d%3d
Sheng Siong Woodlands Drive 16,Sheng Siong Woodlands Drive 16Block 573 Woodlands Drive 16 #02-01 Singapore 730573,730573,https://www.singaporepools.com.sg/outlets/Pages/lo_details.aspx?sppl=b2lkPTczMTM%3d
Sheng Siong Tampines Avenue 9,Sheng Siong Tampines Avenue 9Block 602A Tampines Avenue 9 #01-01 Singapore 521602,521602,https://www.singaporepools.com.sg/outlets/Pages/lo_details.aspx?sppl=b2lkPTUyMTg%3d
Sheng Siong Senja Close,Sheng Siong Senja CloseBlock 643 Senja Close #01-01 Singapore 670643,670643,https://www.singaporepools.com.sg/outlets/Pages/lo_details.aspx?sppl=b2lkPTY3MDY%3d
Sheng Siong Jalan Berseh,Sheng Siong Jalan Berseh1 Jalan Berseh #B1-02 to #B1-22 New World Centre Singapore 209037,209037,https://www.singaporepools.com.sg/outlets/Pages/lo_details.aspx?sppl=b2lkPTIwMTk%3d
Sheng Siong Clementi Avenue 6,Sheng Siong Clementi Avenue 6Block 209A Clementi Avenue 6 #01-01 Singapore 121209,121209,https://www.singaporepools.com.sg/outlets/Pages/lo_details.aspx?sppl=b2lkPTEyMTc%3d
Sheng Siong Canberra Street,Sheng Siong Canberra StreetBlock 105 Canberra Street #02-05 Singapore 750105,750105,https://www.singaporepools.com.sg/outlets/Pages/lo_details.aspx?sppl=b2lkPTc1MDU%3d
Shell Station Tuas South Avenue 5,Shell Station Tuas South Avenue 5121 Tuas South Avenue 5 Singapore 637365,637365,https://www.singaporepools.com.sg/outlets/Pages/lo_details.aspx?sppl=b2lkPTYzMDI%3d
Seng Yeok Chan Agency,Seng Yeok Chan AgencyBlock 338 Ang Mo Kio Avenue 1 #01-1657 Singapore 560338,560338,https://www.singaporepools.com.sg/outlets/Pages/lo_details.aspx?sppl=b2lkPTU2MDI%3d
Rangoon Betting Centre - Lottery Lobby (Public),Rangoon Betting Centre - Lottery Lobby (Public)Block 677 Rangoon Road #02-00  Singapore 210677,210677,https://www.singaporepools.com.sg/outlets/Pages/lo_details.aspx?sppl=b2lkPTIxMTgwMA%3d%3d
Prime Century Square,Prime Century Square2 Tampines Central 5 #B1-07 Century Square Singapore 529509,529509,https://www.singaporepools.com.sg/outlets/Pages/lo_details.aspx?sppl=b2lkPTUyMTc%3d
Prime Bidadari,Prime BidadariBlock 106 Bidadari Park Drive #01-06 Singapore 340106,340106,https://www.singaporepools.com.sg/outlets/Pages/lo_details.aspx?sppl=b2lkPTM0MDQ%3d
Poon Long Heng,Poon Long HengBlk 716 Yishun St 71 #01-276 Singapore 760716,760716,https://www.singaporepools.com.sg/outlets/Pages/lo_details.aspx?sppl=b2lkPTc2MDU%3d
NTUC FP Punggol Walk,NTUC FP Punggol WalkBlk 308C Punggol Walk  #01-352 Singapore 823308,823308,https://www.singaporepools.com.sg/outlets/Pages/lo_details.aspx?sppl=b2lkPTgyMDM%3d
NTUC FairPrice The Woodgrove,NTUC FairPrice The Woodgrove30 Woodlands Avenue 1 #01-11C The Woodgrove Singapore 739065,739065,https://www.singaporepools.com.sg/outlets/Pages/lo_details.aspx?sppl=b2lkPTczMDg%3d
NTUC FairPrice Tampines North Drive 2,NTUC FairPrice Tampines North Drive 2Block 633 Tampines North Drive 2 #01-01 Singapore 520633,520633,https://www.singaporepools.com.sg/outlets/Pages/lo_details.aspx?sppl=b2lkPTUyMTk%3d
NTUC FairPrice Sengkang East Drive,NTUC FairPrice Sengkang East DriveBlock 170B Sengkang East Drive #01-11 Singapore 542170,542170,https://www.singaporepools.com.sg/outlets/Pages/lo_details.aspx?sppl=b2lkPTU0MTE%3d
NTUC FairPrice Killiney Road,NTUC FairPrice Killiney Road131 Killiney Road #01-01/02/03 Orchard Grand Court Singapore 239571,239571,https://www.singaporepools.com.sg/outlets/Pages/lo_details.aspx?sppl=b2lkPTIzMTA%3d
NTUC FairPrice Greenridge Shopping Centre,NTUC FairPrice Greenridge Shopping CentreGreenridge Shopping Centre/ 524A Jelapang Road #03-13 Singapore 671524,671524,https://www.singaporepools.com.sg/outlets/Pages/lo_details.aspx?sppl=b2lkPTY3MDc%3d
Majestic Betting Centre - Lottery Lobby (Public),Majestic Betting Centre - Lottery Lobby (Public)80 Eu Tong Sen Street #01 The Majestic Singapore 059810,059810,https://www.singaporepools.com.sg/outlets/Pages/lo_details.aspx?sppl=b2lkPTIxMjEwMA%3d%3d
Lee Wah TV & Electric Co,Lee Wah TV & Electric Co623 Geylang Rd Singapore 389561,389561,https://www.singaporepools.com.sg/outlets/Pages/lo_details.aspx?sppl=b2lkPTM4MDU%3d
Keppel Credit Union Co-operative Ltd,Keppel Credit Union Co-operative LtdBlk 1 Jalan Bukit Merah #01-4536 Singapore 150001,150001,https://www.singaporepools.com.sg/outlets/Pages/lo_details.aspx?sppl=b2lkPTYyMDE%3d
Jurong East Betting Centre - Lottery Lobby (Public),Jurong East Betting Centre - Lottery Lobby (Public)Blk 352 Jurong East St 31 #01-129 Singapore 600352,600352,https://www.singaporepools.com.sg/outlets/Pages/lo_details.aspx?sppl=b2lkPTIxMjQwMA%3d%3d
Hao Mart Westgate,Hao Mart Westgate3 Gateway Drive #B2-01 Westgate Singapore 608532,608532,https://www.singaporepools.com.sg/outlets/Pages/lo_details.aspx?sppl=b2lkPTYwMDg%3d
Hao Mart Punggol Walk,Hao Mart Punggol WalkBlk 308C Punggol Walk #01-352 Singapore 823308,823308,https://www.singaporepools.com.sg/outlets/Pages/lo_details.aspx?sppl=b2lkPTgyMDg%3d
Giant Tanjong Katong,Giant Tanjong Katong845 Geylang Road #01-08 Tanjong Katong Complex Singapore 400845,400845,https://www.singaporepools.com.sg/outlets/Pages/lo_details.aspx?sppl=b2lkPTQwMDc%3d
Giant Plantation Plaza,Giant Plantation Plaza127 Plantation Crescent #B1-06 Plantation Plaza Singapore 690127,690127,https://www.singaporepools.com.sg/outlets/Pages/lo_details.aspx?sppl=b2lkPTY5MDE%3d
Geylang International FC,"Geylang International FC1 Bedok North Street 2, Bedok Stadium Gate 3, Singapore 469642",469642,https://www.singaporepools.com.sg/outlets/Pages/lo_details.aspx?sppl=b2lkPTQ2MTE%3d
Fortune Supermarket Sembawang Drive,Fortune Supermarket Sembawang DriveBlock 463 Sembawang Drive #01-02 Singapore 750463,750463,https://www.singaporepools.com.sg/outlets/Pages/lo_details.aspx?sppl=b2lkPTc1MDY%3d
Food Republic i12 Katong,Food Republic i12 Katong112 East Coast Rd i12 Katong #04-01 Singapore 428802,428802,https://www.singaporepools.com.sg/outlets/Pages/lo_details.aspx?sppl=b2lkPTQyMDM%3d
Cold Storage Aperia Mall,Cold Storage Aperia Mall12 Kallang Avenue #01-49 Aperia Mall Singapore 339511,339511,https://www.singaporepools.com.sg/outlets/Pages/lo_details.aspx?sppl=b2lkPTMzMDQ%3d
Choice Decor Co-Operative Society Ltd,Choice Decor Co-Operative Society LtdBlk 22 Sin Ming Rd #01-232 Singapore 570022,570022,https://www.singaporepools.com.sg/outlets/Pages/lo_details.aspx?sppl=b2lkPTU3MDY%3d
China Square Betting Centre - Level 2,"China Square Betting Centre - Level 251 Telok Ayer St, #02-00 Singapore  048441",048441,https://www.singaporepools.com.sg/outlets/Pages/lo_details.aspx?sppl=b2lkPTIxMjIwMQ%3d%3d
Cheers Woodlands Centre,Cheers Woodlands CentreBlk 5A Woodlands Centre Rd #02-182A Singapore 731005,731005,https://www.singaporepools.com.sg/outlets/Pages/lo_details.aspx?sppl=b2lkPTczMDM%3d
Cheers Northshore Plaza II,Cheers Northshore Plaza II418 Northshore Drive #02-05/06 Northshore Plaza II Singapore 820418,820418,https://www.singaporepools.com.sg/outlets/Pages/lo_details.aspx?sppl=b2lkPTgyMDk%3d
Cheers Maude Rd,Cheers Maude Rd87 Maude Rd #01-01 Singapore 208358,208358,https://www.singaporepools.com.sg/outlets/Pages/lo_details.aspx?sppl=b2lkPTIwMTg%3d
Bukit Merah Betting Centre,Bukit Merah Betting CentreBlock 169 Jalan Bukit Merah #02-20/#03-20 Connection ONE Tower Singapore 150169,150169,https://www.singaporepools.com.sg/outlets/Pages/lo_details.aspx?sppl=b2lkPTIxMjAwMg%3d%3d
Bedok Betting Centre - Lottery Lobby (Public),Bedok Betting Centre - Lottery Lobby (Public)Block 215 Bedok North Street 1 #02-87 Singapore 460215,460215,https://www.singaporepools.com.sg/outlets/Pages/lo_details.aspx?sppl=b2lkPTIxMTYwMA%3d%3d
ACE Signature Geylang Road,ACE Signature Geylang Road450 Geylang Road Singapore 389409,389409,https://www.singaporepools.com.sg/outlets/Pages/lo_details.aspx?sppl=b2lkPTM4MDg%3d
7-Eleven Store Tai Thong Crescent,7-Eleven Store Tai Thong Crescent27 Tai Thong Crescent Singapore 347857,347857,https://www.singaporepools.com.sg/outlets/Pages/lo_details.aspx?sppl=b2lkPTM0MDM%3d
7-Eleven Store Esplanade MRT Station,7-Eleven Store Esplanade MRT Station90 Bras Basah Road #B1-20/21/22 Esplanade MRT Singapore 189562,189562,https://www.singaporepools.com.sg/outlets/Pages/lo_details.aspx?sppl=b2lkPTE4MTQ%3d
7-Eleven Store Bedok Road,7-Eleven Store Bedok Road351 Bedok Road Singapore 469539,469539,https://www.singaporepools.com.sg/outlets/Pages/lo_details.aspx?sppl=b2lkPTQ2MTU%3d
7-Eleven Kim Tian,7-Eleven Kim Tian8 Kim Tian Rd Singapore 169247,169247,https://www.singaporepools.com.sg/outlets/Pages/lo_details.aspx?sppl=b2lkPTE2MTg%3d
